episode,regime,protocol,converged,calls,boundary,nuisance_rank,nuisance_dim,objective
000f45b4c14a6555ad7ba519,generalized_translation,bounce,True,7,False,3,3,0.3137483716052786
000f45b4c14a6555ad7ba519,setup_translation,bounce,True,13,False,1,1,0.5603189924543626
00d2380a34374b3422379c80,generalized_translation,multiple_forces,True,19,False,2,2,2.072945404230611
0162ffbc7314fa26b0902775,generalized_translation,multiple_forces,True,6,False,2,2,1.8668798190018407
0169455d0a4453d4b97b1d38,generalized_translation,multiple_forces,True,22,False,2,2,1.3595136843766706
0200bfd1b5ecb7df7c060806,generalized_translation,unforced_slide,True,6,False,2,2,0.9031255941301586
020c937c562911454bb27dfc,generalized_translation,unforced_slide,True,11,False,2,2,1.649081145290126
02a20c3874ec9c65b25efcad,generalized_translation,multiple_forces,True,16,False,2,2,1.314807736271084
02f1cac934264cf55582acd2,generalized_translation,multiple_forces,True,7,False,2,2,0.4014683768977332
030d52257c4ea1e340c938cc,generalized_translation,bounce,True,8,False,3,3,28.037965779761645
030d52257c4ea1e340c938cc,setup_translation,bounce,True,5,False,1,1,0.8356050864087634
032c8a9a77a20ebc81868a34,generalized_translation,unforced_slide,True,10,False,2,2,1.0618779337888482
03fad80b24c74c43aa179ec8,generalized_translation,multiple_forces,True,5,False,2,2,0.8303388694378679
04436c226ef7ca9fe28e7f74,generalized_translation,multiple_forces,True,16,False,2,2,1.435265884498456
0451b9060958afa436fc7839,generalized_translation,bounce,True,8,False,3,3,0.8060769309796276
0451b9060958afa436fc7839,setup_translation,bounce,True,13,False,1,1,1.9929666595499955
048155a27ac0d7016e527361,generalized_translation,multiple_forces,True,12,False,2,2,1.3111600326361763
0500d6c92019364fd4a1bae8,generalized_translation,multiple_forces,True,9,False,2,2,0.943889192681193
052d9cf739af17b447bf29fa,generalized_translation,bounce,True,10,False,3,3,0.5932946701562525
052d9cf739af17b447bf29fa,setup_translation,bounce,True,3,False,1,1,1.961734709392881
05670b06ce9094a0fbda6367,generalized_translation,unforced_slide,True,5,False,2,2,0.4518552300799263
059b899b8896d727311f752d,generalized_translation,unforced_slide,True,10,False,2,2,0.55219739650859
05b5df226ac996c259bcfa59,generalized_translation,bounce,True,7,False,3,3,1.4445607221515695
05b5df226ac996c259bcfa59,setup_translation,bounce,True,9,False,1,1,1.5441460405770906
05b9b5e6d0883db2c84b3560,generalized_translation,unforced_slide,True,8,False,2,2,2.2991619207159415
05c4a4bf0aad5cc418f6b6bf,generalized_translation,unforced_slide,True,8,False,2,2,0.7773790015923888
06acaaec409d041c4ecca6e5,generalized_translation,multiple_forces,True,7,False,2,2,0.7145673083950868
06ed19cae9b77eadb7048661,generalized_translation,bounce,True,6,False,3,3,0.1720573412822289
06ed19cae9b77eadb7048661,setup_translation,bounce,True,9,False,1,1,0.17983103276793558
0702bd8167b8f647ece9d030,generalized_translation,unforced_slide,True,11,False,2,2,0.7001654903948115
078f9aafa4f9e23e2492f753,generalized_translation,bounce,True,9,False,3,3,0.5190004686376457
078f9aafa4f9e23e2492f753,setup_translation,bounce,True,4,False,1,1,1.679728742311255
078fd6e9dcc84b3916469b73,generalized_translation,multiple_forces,True,21,False,2,2,2.009680035638658
07c20714da30356a79eb4162,generalized_translation,bounce,True,6,False,3,3,0.44159627243423233
07c20714da30356a79eb4162,setup_translation,bounce,True,3,False,1,1,0.49597321062937627
07d0329b191ba1743e6b851f,generalized_translation,unforced_slide,True,7,False,2,2,0.24487378732070197
0821a610908be53288040c4a,generalized_translation,unforced_slide,True,9,False,2,2,1.6551771338384587
08332cf3ddf7e139c1450fda,generalized_translation,multiple_forces,True,19,False,2,2,1.669762137545339
085db578286e17344de3080c,generalized_translation,multiple_forces,True,15,False,2,2,1.9572868351188382
086eaae9afc61237661afe3f,generalized_translation,unforced_slide,True,14,False,2,2,2.0423287971244592
089d44308b0b16f6c9642b6e,generalized_translation,bounce,True,7,False,3,3,0.4430866895928589
089d44308b0b16f6c9642b6e,setup_translation,bounce,True,14,False,1,1,0.6214024904540767
08e08fb537915e5615f59ff8,generalized_translation,unforced_slide,True,6,False,2,2,0.6022660498799872
08ee26d7fd3d9cc644e25c9c,generalized_translation,unforced_slide,True,10,False,2,2,1.0618779337888482
08fa0bd7709e3d02fcc9c671,generalized_translation,multiple_forces,True,8,False,2,2,0.36743286106125495
08fd72196c805b534497921d,generalized_translation,multiple_forces,True,10,False,2,2,0.47800246765480653
092b0c80797e8497d883aa03,generalized_translation,bounce,True,6,False,3,3,0.16711104754254932
092b0c80797e8497d883aa03,setup_translation,bounce,True,4,False,1,1,0.5829574229293112
092b4b85d9ded34a19106a98,generalized_translation,bounce,True,7,False,3,3,0.1540455372129172
092b4b85d9ded34a19106a98,setup_translation,bounce,True,6,False,1,1,0.7484194339355542
0948c8266d8fc105ca06b3aa,generalized_translation,multiple_forces,True,13,False,2,2,0.4504311535400082
098f6eb6986dd1bc2f99cdc1,generalized_translation,unforced_slide,True,7,False,2,2,3.1044846443267033
0a31698483a14d228791019b,generalized_translation,multiple_forces,True,7,False,2,2,0.45683156729998
0a4aa585e764277c6dd0b045,generalized_translation,unforced_slide,True,8,False,2,2,1.0462457821735658
0a4e7c583f6b08ce6477d7a3,generalized_translation,bounce,True,7,False,3,3,0.8975838697478884
0a4e7c583f6b08ce6477d7a3,setup_translation,bounce,True,4,False,1,1,1.0322191759372332
0a5f6a3234299fd982d32fac,generalized_translation,multiple_forces,True,15,False,2,2,1.6255646679779283
0aac37ad0b8193a1f85eeefc,generalized_translation,bounce,True,4,False,3,3,0.08385828457662553
0aac37ad0b8193a1f85eeefc,setup_translation,bounce,True,4,False,1,1,4.08461510540661
0b23592aa92d3f0e83181cfa,generalized_translation,multiple_forces,True,9,False,2,2,0.9073992608212557
0b8b637795fd965eea6917fd,generalized_translation,multiple_forces,True,14,False,2,2,0.8835863398907448
0bd0536d0cd3fd9ffe733649,generalized_translation,bounce,True,7,False,3,3,0.4430866895928589
0bd0536d0cd3fd9ffe733649,setup_translation,bounce,True,14,False,1,1,0.6214024904540767
0c12707c05f72159da5135d0,generalized_translation,bounce,True,9,False,3,3,0.5589566962481232
0c12707c05f72159da5135d0,setup_translation,bounce,True,3,False,1,1,0.6272853483176205
0c6ee32f98a6c7cf18290659,generalized_translation,unforced_slide,True,6,False,2,2,0.4763951574900642
0c7a80b63187427d2a17541a,generalized_translation,bounce,True,13,False,3,3,1.8460919705685537
0c7a80b63187427d2a17541a,setup_translation,bounce,True,12,False,1,1,2.0974223233636886
0cb645b8bebe58176b3f0ce8,generalized_translation,unforced_slide,True,8,False,2,2,0.9261084067216511
0cd9415df33d4764f21956d1,generalized_translation,multiple_forces,True,31,False,2,2,1.1822766763084325
0cf0d884256bf4ea2c323bbb,generalized_translation,unforced_slide,True,6,False,2,2,0.16077273099548792
0da16f14e2fc8e0b30c9214b,generalized_translation,multiple_forces,True,6,False,2,2,0.08116509959388175
0dc5ca70dcd804f7ceb92488,generalized_translation,bounce,True,7,False,3,3,1.0656798000914236
0dc5ca70dcd804f7ceb92488,setup_translation,bounce,True,4,False,1,1,3.9396402166847615
0df782cc692c4b7e0a677c9c,generalized_translation,multiple_forces,True,19,False,2,2,1.155964858775285
0e82af60ab3d702432094ee9,generalized_translation,multiple_forces,True,19,False,2,2,1.5127324114114526
0ea9dee9e1a0c87c05932d1c,generalized_translation,bounce,True,7,False,3,3,1.520326542670409
0ea9dee9e1a0c87c05932d1c,setup_translation,bounce,True,12,False,1,1,2.9997599159287844
0f449c56e6c849035b10b3de,generalized_translation,bounce,True,6,False,3,3,0.5105596105261719
0f449c56e6c849035b10b3de,setup_translation,bounce,True,4,False,1,1,1.1271597369173025
0f9641226afb460c717e0a33,generalized_translation,unforced_slide,True,10,False,2,2,2.080470164120395
0fd4cc3d63d3725fa3b6c8c9,generalized_translation,multiple_forces,True,18,False,2,2,2.074184063844212
108366890954ad45c2205682,generalized_translation,bounce,True,9,False,3,3,0.16773718565948842
108366890954ad45c2205682,setup_translation,bounce,True,7,False,1,1,0.7959488691165567
10ebd4fd46b5d97220885c46,generalized_translation,multiple_forces,True,11,False,2,2,0.3749918757208771
110110d99c079e8b0ecc398e,generalized_translation,unforced_slide,True,7,False,2,2,0.18332790535051968
110bc2b07f3d72bf7e515483,generalized_translation,multiple_forces,True,9,False,2,2,1.6203537523665577
111e4d98befc69803e22f856,generalized_translation,multiple_forces,True,9,False,2,2,1.5277817269161191
1149e26ddb32c78cc1bcc40b,generalized_translation,multiple_forces,True,7,False,2,2,0.6753822709189273
1213779804da6a3116bf2527,generalized_translation,bounce,True,6,False,3,3,0.5084596158853572
1213779804da6a3116bf2527,setup_translation,bounce,True,5,False,1,1,0.818840254369906
1249680db2ea83683a5584d7,generalized_translation,multiple_forces,True,10,False,2,2,2.165598647160656
12b1ee229f52d7cc447d61b7,generalized_translation,bounce,True,8,False,3,3,0.181176753105043
12b1ee229f52d7cc447d61b7,setup_translation,bounce,True,7,False,1,1,0.23431685066834845
1311560bcf65b5996d5d6309,generalized_translation,unforced_slide,True,9,False,2,2,1.2126393750127638
135fd6e5e58e3ef829da2c64,generalized_translation,multiple_forces,True,12,False,2,2,1.7951100071902444
1362d18a38d4554fd8846d2f,generalized_translation,unforced_slide,True,8,False,2,2,0.64962005033543
13af1cf711d3f9c944822c3e,generalized_translation,multiple_forces,True,8,False,2,2,0.33877361895855623
13b018720d07243ab64e439c,generalized_translation,unforced_slide,True,9,False,2,2,2.4283615962760323
13f82bdd75f8bdb10b003532,generalized_translation,bounce,True,7,False,3,3,2.040591711295206
13f82bdd75f8bdb10b003532,setup_translation,bounce,True,3,False,1,1,2.136363704634134
14045d14ddf599b2215c273c,generalized_translation,bounce,True,11,False,3,3,1.0517222290166282
14045d14ddf599b2215c273c,setup_translation,bounce,True,9,False,1,1,1.1598666581163044
14339722e4d15c4832aa682f,generalized_translation,bounce,True,6,False,3,3,1.4239585729357744
14339722e4d15c4832aa682f,setup_translation,bounce,True,6,False,1,1,2.154839134889421
146a26c809d36ac2813b964a,generalized_translation,multiple_forces,True,8,False,2,2,0.9210255603657739
148dd8850c03163a349e3fc1,generalized_translation,unforced_slide,True,6,False,2,2,0.5015194833610268
149670e7b96174fdbae1581e,generalized_translation,multiple_forces,True,18,False,2,2,2.501387228292019
14b891a2c73cf84141becb75,generalized_translation,multiple_forces,True,13,False,2,2,0.9739599290971895
14d9aa0b3794da69415bdcde,generalized_translation,unforced_slide,True,7,False,2,2,1.9503127109667227
14edb58dfbd0532b29662c31,generalized_translation,bounce,True,6,False,3,3,0.1901269548248483
14edb58dfbd0532b29662c31,setup_translation,bounce,True,15,False,1,1,0.19788589455944758
154550a0672a06ae04eb7bf6,generalized_translation,multiple_forces,True,11,False,2,2,1.5645139529866283
1548dfbf0de0cc28795ac3eb,generalized_translation,multiple_forces,True,13,False,2,2,1.346945944528582
158eed1d9a3cc0dc728229cd,generalized_translation,unforced_slide,True,7,False,2,2,0.5205346173048968
15df0ff271e95a923711b1de,generalized_translation,multiple_forces,True,14,False,2,2,1.0304362007356416
160fd304eb294483e81a9897,generalized_translation,unforced_slide,True,10,False,2,2,0.6372653848878216
1678585907d3eecec8b54f92,generalized_translation,unforced_slide,True,8,False,2,2,0.5157332223956318
16d761ece7d715ee8deac265,generalized_translation,unforced_slide,True,9,False,2,2,3.480253483546653
16eef22cee168dc8977613a0,generalized_translation,bounce,True,9,False,3,3,0.7942922595984574
16eef22cee168dc8977613a0,setup_translation,bounce,True,3,False,1,1,0.8733508084566749
17172755831e13bac7861d06,generalized_translation,multiple_forces,True,10,False,2,2,1.2545863900998429
17194f186d209bd2a23a802f,generalized_translation,bounce,True,7,False,3,3,0.34804113889073385
17194f186d209bd2a23a802f,setup_translation,bounce,True,5,False,1,1,0.49732940296201583
176772eef66eec046d24bf26,generalized_translation,multiple_forces,True,16,False,2,2,2.408599521197519
17e96a3bbfdc814e791f64fb,generalized_translation,bounce,True,7,False,3,3,0.42375805325633326
17e96a3bbfdc814e791f64fb,setup_translation,bounce,True,11,False,1,1,2.6448336296729904
1834794ecf7f0889dd874149,generalized_translation,multiple_forces,True,17,False,2,2,2.7818807069920966
18405415c47c6ff3cc96a79c,generalized_translation,unforced_slide,True,9,False,2,2,1.592450105324953
184da674a2ef3e96f7aee955,generalized_translation,bounce,True,12,False,3,3,0.32183222563173686
184da674a2ef3e96f7aee955,setup_translation,bounce,True,18,False,1,1,0.8559166288994046
1874bcdf97eb68caa50b0332,generalized_translation,bounce,True,7,False,3,3,1.2603187932926585
1874bcdf97eb68caa50b0332,setup_translation,bounce,True,6,False,1,1,1.4260575205308188
1894429c0108101465886d7e,generalized_translation,unforced_slide,True,7,False,2,2,1.7096578716116668
189bb60771145cabdd84f848,generalized_translation,multiple_forces,True,17,False,2,2,1.7886225043719461
190645ada751758dadcb63ea,generalized_translation,multiple_forces,True,19,False,2,2,0.7414696782884653
19499ad23901cd80c2c5622b,generalized_translation,multiple_forces,True,20,False,2,2,1.7774539345688753
195698abcf45b4ef7e9c3283,generalized_translation,multiple_forces,True,10,False,2,2,0.7694215099155682
19610ec35d781cfc9474cf66,generalized_translation,multiple_forces,True,15,False,2,2,2.2366191542262497
19846229fd5451fe1fa32721,generalized_translation,unforced_slide,True,6,False,2,2,0.1688142509852162
19e6ce5b5b7ae2d97bef589d,generalized_translation,bounce,True,8,False,3,3,103.40774910039806
19e6ce5b5b7ae2d97bef589d,setup_translation,bounce,True,13,False,1,1,1.5132511370335064
19f6742d9d5eb5b626fe0d4a,generalized_translation,bounce,True,5,False,3,3,0.13722281952055326
19f6742d9d5eb5b626fe0d4a,setup_translation,bounce,True,5,False,1,1,0.19064599761519224
19fc77c11b12679524571462,generalized_translation,unforced_slide,True,12,False,2,2,1.3190753380994429
1a24ecc98c1498c7f6277d3d,generalized_translation,unforced_slide,True,9,False,2,2,0.9705511242539908
1a2f49e387a9792dc2a5ecae,generalized_translation,multiple_forces,True,18,False,2,2,0.6946967699366883
1a6eb128cf3fb0a408414d57,generalized_translation,unforced_slide,True,7,False,2,2,1.9930798690948894
1a8396d504426b88196f67ee,generalized_translation,multiple_forces,True,15,False,2,2,1.4989969440190516
1ae1797c6ec01d267d1de0fe,generalized_translation,multiple_forces,True,9,False,2,2,0.9171502996705341
1b9cc30f2fb5344e05ba5563,generalized_translation,unforced_slide,True,10,False,2,2,0.5249532849467129
1c4dc908b7fb7946b21e1e14,generalized_translation,multiple_forces,True,11,False,2,2,0.2763168643472628
1c6b9b7d3f49bfd5df6787e2,generalized_translation,multiple_forces,True,12,False,2,2,1.5815655403274302
1c74513426c42d697858e90d,generalized_translation,unforced_slide,True,7,False,2,2,1.7096578716116668
1c9696d5000c8481e254c76b,generalized_translation,multiple_forces,True,9,False,2,2,2.6748281237214178
1d1383796f277ee51d0b8bfb,generalized_translation,unforced_slide,True,6,False,2,2,0.1790600938336402
1d52a4f3cbbdc331eb436dd7,generalized_translation,bounce,True,5,False,3,3,0.250134916668861
1d52a4f3cbbdc331eb436dd7,setup_translation,bounce,True,4,False,1,1,0.28243156255273516
1d8d14d11f1674879818c7fa,generalized_translation,multiple_forces,True,10,False,2,2,1.3234979928581483
1e2d8a0b356a5edbd2305cb0,generalized_translation,unforced_slide,True,6,False,2,2,1.0802810847985551
1e4f3c0357f609f8980059ce,generalized_translation,multiple_forces,True,13,False,2,2,3.157790365735008
1e7f39ee1fe2fc3c214a20ab,generalized_translation,unforced_slide,True,12,False,2,2,1.0422083271749627
1ed0b4bd67fd2e1576e8808b,generalized_translation,bounce,True,7,False,3,3,0.5323853027921914
1ed0b4bd67fd2e1576e8808b,setup_translation,bounce,True,11,False,1,1,1.7825335456326754
1ee6e4bb82e5ea8874593f4f,generalized_translation,multiple_forces,True,13,False,2,2,1.4791110456860954
1f004c05e7537c1e28dbbc71,generalized_translation,bounce,True,7,False,3,3,2.439936097793347
1f004c05e7537c1e28dbbc71,setup_translation,bounce,True,11,False,1,1,2.717489464785776
1f273d7e23ef0f4ab6228fef,generalized_translation,bounce,True,11,False,3,3,0.4414408753738351
1f273d7e23ef0f4ab6228fef,setup_translation,bounce,True,7,False,1,1,0.452877088435736
1f284d9a7abee1eeb30501fa,generalized_translation,multiple_forces,True,13,False,2,2,0.8953501882311928
1f3126879607c1ebc9d9d3ba,generalized_translation,multiple_forces,True,9,False,2,2,0.765175659810711
1f6082227b0d6a2bcf8faf06,generalized_translation,bounce,True,6,False,3,3,0.16711104754254932
1f6082227b0d6a2bcf8faf06,setup_translation,bounce,True,4,False,1,1,0.5829574229293112
1f93314c8316455b8497f834,generalized_translation,multiple_forces,True,12,False,2,2,2.366785042224569
1f9f64221e8a74f2eeabe117,generalized_translation,bounce,True,10,False,3,3,0.19271172699209493
1f9f64221e8a74f2eeabe117,setup_translation,bounce,True,6,False,1,1,0.5923668264076217
1fac9d757e979daa8063352d,generalized_translation,unforced_slide,True,7,False,2,2,1.8850270758283076
1face429d58148e7a2937948,generalized_translation,bounce,True,8,False,3,3,0.589857582344266
1face429d58148e7a2937948,setup_translation,bounce,True,17,False,1,1,1.1511743998538133
202e85f665ada6797a66f2cb,generalized_translation,bounce,True,9,False,3,3,0.34104449062247144
202e85f665ada6797a66f2cb,setup_translation,bounce,True,5,False,1,1,0.943211365916323
20af9cfa4d2f17fbd8337981,generalized_translation,unforced_slide,True,8,False,2,2,0.1694434504052038
20ba89f9420712993463c4bb,generalized_translation,multiple_forces,True,6,False,2,2,0.4611855766741872
20cbd6704d7151aeb451fa05,generalized_translation,unforced_slide,True,8,False,2,2,2.060123340639553
20dc7ecb8dda577739c44011,generalized_translation,bounce,True,4,False,3,3,0.4919276436897405
20dc7ecb8dda577739c44011,setup_translation,bounce,True,5,False,1,1,0.6285496655989246
21069c6e85b74771433f7af2,generalized_translation,unforced_slide,True,11,False,2,2,2.007241603409499
210f49347e1e5f3279099a3e,generalized_translation,unforced_slide,True,9,False,2,2,1.2818846966392954
214edff75a2848ea8583103b,generalized_translation,multiple_forces,True,13,False,2,2,3.0115199004948416
2165add11becb29c6a7bf258,generalized_translation,bounce,True,8,False,3,3,0.2410006051721308
2165add11becb29c6a7bf258,setup_translation,bounce,True,6,False,1,1,0.2733015304298415
21b1704cd095d5761a20a69a,generalized_translation,bounce,True,7,False,3,3,1.2686904718814185
21b1704cd095d5761a20a69a,setup_translation,bounce,True,5,False,1,1,1.5816061534973085
21e7b27fb7f9183886df6dd2,generalized_translation,bounce,True,5,False,3,3,0.3597923681212229
21e7b27fb7f9183886df6dd2,setup_translation,bounce,True,7,False,1,1,1.2433791133800647
21f4bbfc8146f53775564f9f,generalized_translation,multiple_forces,True,23,False,2,2,2.142968113297024
21fa2ef0a56840db2be053d3,generalized_translation,bounce,True,9,False,3,3,0.9728188745093685
21fa2ef0a56840db2be053d3,setup_translation,bounce,True,6,False,1,1,1.4325600084502892
2209e427b865f28da9b64678,generalized_translation,bounce,True,7,False,3,3,2.6573680772634054
2209e427b865f28da9b64678,setup_translation,bounce,True,9,False,1,1,2.7034067735535445
2235d45a62c6a14414aa8397,generalized_translation,bounce,True,11,False,3,3,2.785927515801721
2235d45a62c6a14414aa8397,setup_translation,bounce,True,3,False,1,1,2.8319311582731523
226e92a50875f8264e6f4724,generalized_translation,bounce,True,10,False,3,3,0.8508404336161053
226e92a50875f8264e6f4724,setup_translation,bounce,True,6,False,1,1,1.4262746836589906
22c9b91990d0cd64dab2b397,generalized_translation,bounce,True,8,False,3,3,54.76766894403116
22c9b91990d0cd64dab2b397,setup_translation,bounce,True,13,False,1,1,1.0082624949173338
23030c7af4731bec9b41c5c6,generalized_translation,bounce,True,7,False,3,3,0.7096283730346586
23030c7af4731bec9b41c5c6,setup_translation,bounce,True,7,False,1,1,1.0025852678441063
2328d8b3a476cd53350e099b,generalized_translation,unforced_slide,True,10,False,2,2,0.7966720797136733
23f0be44501a637a0536a320,generalized_translation,bounce,True,7,False,3,3,3.513236209973898
23f0be44501a637a0536a320,setup_translation,bounce,True,6,False,1,1,3.6718475736824474
23ff3cd11b982132341a14d7,generalized_translation,bounce,True,5,False,3,3,0.0839783369668739
23ff3cd11b982132341a14d7,setup_translation,bounce,True,4,False,1,1,0.3544059527004756
24266a2126e37f14647f94fc,generalized_translation,unforced_slide,True,9,False,2,2,1.0819777345310082
2439fd297371a1fb17bb9f27,generalized_translation,unforced_slide,True,8,False,2,2,0.27556854813115295
24b8a9d1935261f4308eca39,generalized_translation,unforced_slide,True,8,False,2,2,1.3766690385190896
24ecb532149fa374a6ade0f8,generalized_translation,bounce,True,7,False,3,3,0.03546491216173412
24ecb532149fa374a6ade0f8,setup_translation,bounce,True,9,False,1,1,0.48757294187569816
2582c3c266d0ee356ae2d2e1,generalized_translation,unforced_slide,True,11,False,2,2,0.24807052841897162
25aca306d3fe0a9195f1aab9,generalized_translation,multiple_forces,True,11,False,2,2,1.0709432216572214
263f38053d0e43bcff67c613,generalized_translation,bounce,True,7,False,3,3,0.5975759790280794
263f38053d0e43bcff67c613,setup_translation,bounce,True,4,False,1,1,0.754972440969657
26502ac80eca863caa9670ac,generalized_translation,bounce,True,8,False,3,3,0.31105634638239066
26502ac80eca863caa9670ac,setup_translation,bounce,True,4,False,1,1,0.5793250778752144
26530e59aca19c5886c80470,generalized_translation,unforced_slide,True,7,False,2,2,1.029550427759153
26965066e9e944c7f94f3977,generalized_translation,bounce,True,8,False,3,3,0.3619996799821198
26965066e9e944c7f94f3977,setup_translation,bounce,True,3,False,1,1,0.602893270513452
26a9b7ac800c3069eed8135d,generalized_translation,bounce,True,7,False,3,3,33.50431055803543
26a9b7ac800c3069eed8135d,setup_translation,bounce,True,13,False,1,1,1.372222799221578
282fcac03b95a911d304fab2,generalized_translation,bounce,True,5,False,3,3,0.6492689205228818
282fcac03b95a911d304fab2,setup_translation,bounce,True,3,False,1,1,0.8780828024041428
2869af406ca844ce85aaaf50,generalized_translation,bounce,True,7,False,3,3,15.213980330019343
2869af406ca844ce85aaaf50,setup_translation,bounce,True,15,False,1,1,1.8741609689655383
28e37391e7741d058dd075ad,generalized_translation,multiple_forces,True,29,False,2,2,2.8213923393382694
29080f43edb711a48f72f8e1,generalized_translation,multiple_forces,True,8,False,2,2,1.8290332048307394
298828ff8aac184d102fed9d,generalized_translation,multiple_forces,True,10,False,2,2,0.6768770058144266
2a8dd7ff6159286dffd6074e,generalized_translation,multiple_forces,True,30,False,2,2,2.9906574191369932
2a918757abfc6bda69bf8bda,generalized_translation,multiple_forces,True,9,False,2,2,0.2815526205182983
2a9c3d903a8628bef5269ffe,generalized_translation,multiple_forces,True,26,False,2,2,1.653797614157481
2ab6957be5969d8d44722a4c,generalized_translation,bounce,True,8,False,3,3,120.39092739859765
2ab6957be5969d8d44722a4c,setup_translation,bounce,True,4,False,1,1,4.250274528047494
2adc57e8054035c8d2dbb5dc,generalized_translation,multiple_forces,True,11,False,2,2,1.2897665888128977
2ae06e57fb81b3c127518efc,generalized_translation,multiple_forces,True,16,False,2,2,0.7554187468055277
2b35c706b05c22f5776f3bf9,generalized_translation,bounce,True,7,False,3,3,2.032900447687668
2b35c706b05c22f5776f3bf9,setup_translation,bounce,True,3,False,1,1,2.288583635863534
2b466b1d3c7c34d231fbb8c6,generalized_translation,bounce,True,5,False,3,3,0.2152595892385026
2b466b1d3c7c34d231fbb8c6,setup_translation,bounce,True,6,False,1,1,1.2981090073320285
2bbb9eb8e167fd450279295c,generalized_translation,bounce,True,11,False,3,3,0.6526393622971094
2bbb9eb8e167fd450279295c,setup_translation,bounce,True,15,False,1,1,1.2632621749926747
2c82b7c165be135dc7ce45ad,generalized_translation,unforced_slide,True,11,False,2,2,1.6907541542693085
2c8f1d579ddc8f0d63122eb3,generalized_translation,unforced_slide,True,8,False,2,2,1.0372070166338758
2cc4971efae47887cf9fbcab,generalized_translation,multiple_forces,True,8,False,2,2,1.5950215310545173
2d1ffec7a81074131e280f8f,generalized_translation,bounce,True,5,False,3,3,0.24360840910488726
2d1ffec7a81074131e280f8f,setup_translation,bounce,True,4,False,1,1,0.4077332678646971
2d77037851f5eb42e660ed67,generalized_translation,multiple_forces,True,13,False,2,2,0.9079901765701821
2d7b81a6b31bf98acc61ce29,generalized_translation,multiple_forces,True,9,False,2,2,0.5206549586569025
2d8340c30f530c58a619d6f9,generalized_translation,multiple_forces,True,17,False,2,2,1.9709806123989952
2da952beba5996187f2278a8,generalized_translation,multiple_forces,True,7,False,2,2,0.33217713571449864
2dbe019532972333f4943316,generalized_translation,bounce,True,14,False,3,3,29.288462525909818
2dbe019532972333f4943316,setup_translation,bounce,True,5,False,1,1,1.1554612825093376
2dce9ec9390790d36eba5104,generalized_translation,unforced_slide,True,9,False,2,2,0.7171123720849212
2df4dce9782b329a03207466,generalized_translation,unforced_slide,True,8,False,2,2,0.7537025216296509
2e19416a898af081a5520474,generalized_translation,bounce,True,5,False,3,3,0.5163568769772877
2e19416a898af081a5520474,setup_translation,bounce,True,4,False,1,1,1.2537274859137086
2e43ffecd0c1d7a5b2f197af,generalized_translation,multiple_forces,True,29,False,2,2,3.2660095683233834
2e662b3dae6373004eaf059a,generalized_translation,multiple_forces,True,22,False,2,2,1.464767235251837
2e6d1ce70ef5bedee2dd8ad2,generalized_translation,multiple_forces,True,14,False,2,2,1.5952517259725139
2e85aed3f7ad32b1eb62b4fe,generalized_translation,unforced_slide,True,8,False,2,2,0.08952030381864408
2ecdf7a69f27bf9cb5a16566,generalized_translation,unforced_slide,True,8,False,2,2,1.0462457821735658
2f2626ab3fce9e29a0edaf02,generalized_translation,unforced_slide,True,8,False,2,2,0.824396143498903
2f7993ca7092ba0cb23671a2,generalized_translation,multiple_forces,True,11,False,2,2,1.8766532110975103
2f8e76e6dbb25fe0f1af41ed,generalized_translation,multiple_forces,True,9,False,2,2,1.6664130256012426
2fa64162e4403590ad89104b,generalized_translation,unforced_slide,True,6,False,2,2,0.16077273099548792
2fd4af82e6f9a419bff7adbf,generalized_translation,bounce,True,5,False,3,3,0.08611491095264025
2fd4af82e6f9a419bff7adbf,setup_translation,bounce,True,3,False,1,1,0.4355591925698689
2fe71ac77b88ee5c20d5a861,generalized_translation,multiple_forces,True,7,False,2,2,0.47083453800272146
3058acbb47953dc5f20e84d2,generalized_translation,unforced_slide,True,11,False,2,2,2.477743974836476
31541b42633d286d68d46149,generalized_translation,multiple_forces,True,10,False,2,2,2.1373378363212794
316940af74967304994bb5e3,generalized_translation,multiple_forces,True,10,False,2,2,1.4835141143169195
31bad7fe83273e85c4e4f255,generalized_translation,unforced_slide,True,13,False,2,2,0.4501807866916034
31c615bc7a7f12ab15d5fa1b,generalized_translation,bounce,True,7,False,3,3,0.4714980585267714
31c615bc7a7f12ab15d5fa1b,setup_translation,bounce,True,5,False,1,1,1.7212746127169334
31e1d4504c42819c0c89a05b,generalized_translation,multiple_forces,True,15,False,2,2,2.087639594461097
323a1e24bea553aa8f4f96c5,generalized_translation,unforced_slide,True,8,False,2,2,2.1045653225421876
3255dcd60f03b9a7f774bfd0,generalized_translation,multiple_forces,True,12,False,2,2,0.9374111595317384
325990468288638b2b66831e,generalized_translation,unforced_slide,True,11,False,2,2,1.0349801753228332
32f6d5d61193a3969b091770,generalized_translation,bounce,True,7,False,3,3,1.5256311330084051
32f6d5d61193a3969b091770,setup_translation,bounce,True,5,False,1,1,1.8492995535813759
33925304add24a952a756755,generalized_translation,unforced_slide,True,13,False,2,2,0.19766300233076406
3397426c84dfaf749ba59f7c,generalized_translation,bounce,True,12,False,3,3,0.32183222563173686
3397426c84dfaf749ba59f7c,setup_translation,bounce,True,18,False,1,1,0.8559166288994046
33e292879990abfbd64e34ee,generalized_translation,bounce,True,9,False,3,3,0.1635266572960918
33e292879990abfbd64e34ee,setup_translation,bounce,True,6,False,1,1,0.6889423258042797
34524de7acee8cc6a745ab5d,generalized_translation,unforced_slide,True,8,False,2,2,1.2163690152106457
345e8ec0223672d327df709d,generalized_translation,multiple_forces,True,14,False,2,2,1.9794580006890303
3494226522b6d4b5d3dcce83,generalized_translation,multiple_forces,True,12,False,2,2,1.5523510697361342
34f1cdeabfedd831c6278793,generalized_translation,bounce,True,9,False,3,3,29.4662081219144
34f1cdeabfedd831c6278793,setup_translation,bounce,True,15,False,1,1,1.3633615770907166
352d86b670ab377a6579c562,generalized_translation,unforced_slide,True,11,False,2,2,2.0578641369394144
35aece3a8bae39648be50dba,generalized_translation,unforced_slide,True,6,False,2,2,0.5484942708734751
35d99194b634ac31b566bb19,generalized_translation,multiple_forces,True,7,False,2,2,1.26846663481899
35f66eff9d84c7f4a29365da,generalized_translation,unforced_slide,True,10,False,2,2,1.5429521793607037
361bb3e70ae0172cd5de2b9a,generalized_translation,unforced_slide,True,5,False,2,2,0.24884857772695848
36437639b6a632c812377775,generalized_translation,unforced_slide,True,6,False,2,2,0.6193572943096114
36496fb6c814ffb55955abd1,generalized_translation,multiple_forces,True,19,False,2,2,1.5962419405774604
36d141bf2b83a1d005130528,generalized_translation,unforced_slide,True,8,False,2,2,3.0233723319401835
3799c5b764065a689b1b8e4f,generalized_translation,unforced_slide,True,7,False,2,2,1.9431303000850075
382847e34d9d2c4963d50344,generalized_translation,multiple_forces,True,12,False,2,2,0.5996572016687521
3842179b789d807185657dbe,generalized_translation,multiple_forces,True,11,False,2,2,1.5912769256858783
38f1013e37a98c211dddf434,generalized_translation,bounce,True,7,False,3,3,0.3801344272670517
38f1013e37a98c211dddf434,setup_translation,bounce,True,11,False,1,1,0.5295339880952815
39039cb076bf3cc37872ab4b,generalized_translation,bounce,True,8,False,3,3,0.34667223001404346
39039cb076bf3cc37872ab4b,setup_translation,bounce,True,7,False,1,1,0.4994493047031455
397e04ae00fa9abd0f5be873,generalized_translation,bounce,True,7,False,3,3,0.2719303563609117
397e04ae00fa9abd0f5be873,setup_translation,bounce,True,9,False,1,1,1.0551634819901454
39afd1ab86c4a8434663b0ee,generalized_translation,bounce,True,9,False,3,3,1.8126239250110636
39afd1ab86c4a8434663b0ee,setup_translation,bounce,True,3,False,1,1,2.5053351435120037
39b59699f849e2fc68076dae,generalized_translation,bounce,True,8,False,3,3,0.028112191015640397
39b59699f849e2fc68076dae,setup_translation,bounce,True,3,False,1,1,0.19215750527419664
3a7590ec56e99dac5c8e595d,generalized_translation,unforced_slide,True,13,False,2,2,1.2537144822798838
3a824b572de6e30218fa2a40,generalized_translation,bounce,True,10,False,3,3,1.674889460200603
3a824b572de6e30218fa2a40,setup_translation,bounce,True,9,False,1,1,1.8643799665598788
3ac36a4645e745e47ed213a2,generalized_translation,unforced_slide,True,7,False,2,2,1.9930798690948894
3ac60a7369f71816162231b7,generalized_translation,unforced_slide,True,10,False,2,2,1.2962497914572493
3b171bafd9fd890f91a3de65,generalized_translation,bounce,True,9,False,3,3,2.941339985753039
3b171bafd9fd890f91a3de65,setup_translation,bounce,True,9,False,1,1,3.215914474461822
3b388404452b3dbbc89dbd07,generalized_translation,bounce,True,10,False,3,3,2.420857784722057
3b388404452b3dbbc89dbd07,setup_translation,bounce,True,4,False,1,1,2.7597836247995007
3bef1bd1f63b04dfa129c19f,generalized_translation,bounce,True,11,False,3,3,0.2370962756254531
3bef1bd1f63b04dfa129c19f,setup_translation,bounce,True,12,False,1,1,0.3411946285917145
3c724ffa14a44d02df09cb34,generalized_translation,unforced_slide,True,6,False,2,2,0.5109384745078336
3c84c8ae63ee87edb4a94775,generalized_translation,bounce,True,11,False,3,3,1.6840352710325928
3c84c8ae63ee87edb4a94775,setup_translation,bounce,True,8,False,1,1,3.163916137110027
3ca48edf2937c02ac5b0fd8f,generalized_translation,unforced_slide,True,10,False,2,2,1.6498127839971508
3cdf94684da92d1af3719963,generalized_translation,bounce,True,9,False,3,3,2.920145374251607
3cdf94684da92d1af3719963,setup_translation,bounce,True,9,False,1,1,4.76693803055804
3d8f685159c088cedae4a2e5,generalized_translation,bounce,True,6,False,3,3,0.33177430927917745
3d8f685159c088cedae4a2e5,setup_translation,bounce,True,3,False,1,1,0.9109959456055914
3dbebcf0a9931ebacc6be5da,generalized_translation,multiple_forces,True,15,False,2,2,1.8304160971836352
3e26ab9d52f6d05aa1bba1a8,generalized_translation,bounce,True,8,False,3,3,0.5532409526911422
3e26ab9d52f6d05aa1bba1a8,setup_translation,bounce,True,4,False,1,1,1.1632974618171463
3eabc1415a8f987a0dd28631,generalized_translation,unforced_slide,True,8,False,2,2,1.141428357726343
3ed7f3bc3cef4a44e0cdb682,generalized_translation,multiple_forces,True,18,False,2,2,0.7148908706613679
3f011bf6e4217e66bd57c6f5,generalized_translation,unforced_slide,True,8,False,2,2,1.4265419964803667
3f2c5ec1c3fc39d83891208b,generalized_translation,multiple_forces,True,7,False,2,2,0.5203191691568683
3f5328d3c69524070005090b,generalized_translation,unforced_slide,True,5,False,2,2,0.6938300933683811
3f8375b5c4fee60fd42e8985,generalized_translation,multiple_forces,True,9,False,2,2,2.1779166022474383
3f921bdec803ba940ba5bf38,generalized_translation,multiple_forces,True,18,False,2,2,1.7543167976711027
40499a956c2ace1444adf7fe,generalized_translation,unforced_slide,True,8,False,2,2,1.2163690152106457
40523ae537bd499e5c52eb76,generalized_translation,bounce,True,9,False,3,3,0.4546264089462983
40523ae537bd499e5c52eb76,setup_translation,bounce,True,4,False,1,1,1.1205578733469732
40ec20c064ddd4295d672c8a,generalized_translation,bounce,True,7,False,3,3,0.614639765808463
40ec20c064ddd4295d672c8a,setup_translation,bounce,True,15,False,1,1,0.61897381527838
40f7a2dae963529aa6400d56,generalized_translation,multiple_forces,True,13,False,2,2,0.9330887824289171
414dbe2b17ed92c8f804433d,generalized_translation,unforced_slide,True,6,False,2,2,0.2087263514110369
414e9d5c611f20ceda05d135,generalized_translation,multiple_forces,True,17,False,2,2,1.595068406822325
415ef88a1fcd01566550e5a7,generalized_translation,multiple_forces,True,21,False,2,2,2.6798051400461143
41684f9d5547db55f0a856ca,generalized_translation,bounce,True,9,False,3,3,0.5393862498185233
41684f9d5547db55f0a856ca,setup_translation,bounce,True,4,False,1,1,0.9568009830790968
416d17f3e8b0a680ee447140,generalized_translation,unforced_slide,True,5,False,2,2,0.524601201252785
4182f8cb8b90d6b4fec08f22,generalized_translation,unforced_slide,True,15,False,2,2,1.6795120927383531
4254d4b749a57be58ce52dc1,generalized_translation,unforced_slide,True,12,False,2,2,0.7138563773649437
427566f8da8852ddb22d0f6f,generalized_translation,bounce,True,11,False,3,3,0.6714597940134985
427566f8da8852ddb22d0f6f,setup_translation,bounce,True,7,False,1,1,0.6909572846386528
4297f3303ee23d239aa551b2,generalized_translation,unforced_slide,True,14,False,2,2,1.9289600637528381
42af40da54db383c9b1c5b1e,generalized_translation,unforced_slide,True,7,False,2,2,0.7637057800238679
42e5f77a1f2094f757a235a7,generalized_translation,unforced_slide,True,6,False,2,2,0.5389108860337305
42f731c6300c878e7c87c700,generalized_translation,multiple_forces,True,23,False,2,2,2.516873617531844
430b47f0cb6b1ae6183349be,generalized_translation,multiple_forces,True,9,False,2,2,1.2302452667715351
432661c5aa924d7e8a6af9e1,generalized_translation,unforced_slide,True,9,False,2,2,1.1682335945971882
43554b9f8afbd9f90086dbbe,generalized_translation,multiple_forces,True,8,False,2,2,0.7371422751880903
4358c66a4b252ea20e311378,generalized_translation,unforced_slide,True,13,False,2,2,1.0323110255241554
448c13ddbee07cf297e32d82,generalized_translation,bounce,True,8,False,3,3,0.4737953814779307
448c13ddbee07cf297e32d82,setup_translation,bounce,True,7,False,1,1,0.6519001095807128
4492a7a8003e2864cb4e0351,generalized_translation,bounce,True,9,False,3,3,0.6162067469880624
4492a7a8003e2864cb4e0351,setup_translation,bounce,True,6,False,1,1,5.476017349982035
44c61e14ab60f60b44381ca3,generalized_translation,unforced_slide,True,5,False,2,2,0.812648744592941
44ff5d8f3af4b39651ffb0b2,generalized_translation,multiple_forces,True,17,False,2,2,0.7823995893327389
4505a802c77b0c27455f2ec8,generalized_translation,unforced_slide,True,7,False,2,2,0.24487378732070197
452cdea282e1f0d55121bd68,generalized_translation,bounce,True,8,False,3,3,22.42610636739374
452cdea282e1f0d55121bd68,setup_translation,bounce,True,13,False,1,1,1.9142733569920904
45433377cb499db1109d81ee,generalized_translation,bounce,True,7,False,3,3,0.24480194551875298
45433377cb499db1109d81ee,setup_translation,bounce,True,10,False,1,1,1.293582893539794
455d571835e7b09ba56e0816,generalized_translation,unforced_slide,True,5,False,2,2,1.3544840643467027
45ab7312971271f8aa3c8c37,generalized_translation,multiple_forces,True,19,False,2,2,2.7540245477203724
45d6500f7a11a1d2687bb9f2,generalized_translation,bounce,True,6,False,3,3,0.26484226467724686
45d6500f7a11a1d2687bb9f2,setup_translation,bounce,True,3,False,1,1,0.6482688787795284
45fcbe1bf1f295585bd1600f,generalized_translation,unforced_slide,True,11,False,2,2,1.586202194900479
460d954d83ae3e69bc43ac4b,generalized_translation,bounce,True,7,False,3,3,1.2686904718814185
460d954d83ae3e69bc43ac4b,setup_translation,bounce,True,5,False,1,1,1.5816061534973085
4643c2c1327b9e94d5213fbc,generalized_translation,unforced_slide,True,7,False,2,2,2.881175512815607
46ee4c1bfb653b9072d27b4a,generalized_translation,multiple_forces,True,29,False,2,2,2.5251049156829914
4736bfdd2bf0adf13ae6ab6b,generalized_translation,unforced_slide,True,7,False,2,2,1.117852379774015
4747e664c5c1b12c4849d071,generalized_translation,unforced_slide,True,6,False,2,2,0.5533286821091219
4758b0ebece8d615c0bb9c1f,generalized_translation,unforced_slide,True,8,False,2,2,0.4538795233509335
47da59ab1a4d674702428cba,generalized_translation,multiple_forces,True,18,False,2,2,1.9276299297402475
47f1318a3999ae81d1f5d65e,generalized_translation,bounce,True,7,False,3,3,0.5844744933400914
47f1318a3999ae81d1f5d65e,setup_translation,bounce,True,5,False,1,1,1.5312866594690584
4810e70def912b6cb5f60e8a,generalized_translation,unforced_slide,True,10,False,2,2,2.0763936330349284
4815d7d212c389b665d2147d,generalized_translation,multiple_forces,True,9,False,2,2,2.3923255603180342
488f43c48861199fd94f80da,generalized_translation,bounce,True,6,False,3,3,0.48717292987078625
488f43c48861199fd94f80da,setup_translation,bounce,True,7,False,1,1,1.1615807950604335
48a37c5fda7df71cff80f1ed,generalized_translation,multiple_forces,True,9,False,2,2,0.29758647455442233
48b8523e7545b50bd1d9a9b2,generalized_translation,bounce,True,7,False,3,3,15.219957915739581
48b8523e7545b50bd1d9a9b2,setup_translation,bounce,True,15,False,1,1,1.8776896096506057
493fc28c921a00fcc6a7d34c,generalized_translation,bounce,True,6,False,3,3,0.6564669576871879
493fc28c921a00fcc6a7d34c,setup_translation,bounce,True,8,False,1,1,0.7249885493021785
494f28b76a0dc48be575ef90,generalized_translation,multiple_forces,True,19,False,2,2,1.4049260566874142
49690595c105ee9903da07b0,generalized_translation,multiple_forces,True,21,False,2,2,1.716460239536347
497d2f0799f96a5f9c8e9f8a,generalized_translation,unforced_slide,True,7,False,2,2,1.294104828849346
499d4a8f4bf750ff02b67401,generalized_translation,multiple_forces,True,8,False,2,2,0.5628024544081319
49ab4208a82058c77c88e387,generalized_translation,multiple_forces,True,9,False,2,2,0.2601108282643322
49b0d4f581f0372780eada69,generalized_translation,multiple_forces,True,10,False,2,2,1.380101221310001
49d23e8301b674e3f1c20c2d,generalized_translation,bounce,True,6,False,3,3,2.4118399219287676
49d23e8301b674e3f1c20c2d,setup_translation,bounce,True,3,False,1,1,2.7506309286957173
49e2a9bb66d658e3f59f6e5f,generalized_translation,unforced_slide,True,10,False,2,2,1.2018759613215628
4a1ec7cdcf244c721490ed40,generalized_translation,unforced_slide,True,8,False,2,2,0.9692811017725793
4ac8799ae82becb90e722492,generalized_translation,bounce,True,10,False,3,3,1.8814391386724525
4ac8799ae82becb90e722492,setup_translation,bounce,True,3,False,1,1,5.805235696309305
4b84a791bf632f2d3ceaa735,generalized_translation,bounce,True,8,False,3,3,0.7379323387114326
4b84a791bf632f2d3ceaa735,setup_translation,bounce,True,13,False,1,1,1.615703515738811
4bd6d014081664c554937cc1,generalized_translation,unforced_slide,True,8,False,2,2,1.4193475274306153
4c58481ea68fe617a9e406a8,generalized_translation,unforced_slide,True,12,False,2,2,0.28830261999823437
4c978d2c67ac96318b8b72fb,generalized_translation,multiple_forces,True,15,False,2,2,1.7905648615691006
4ca368c825a5ba3eee838974,generalized_translation,multiple_forces,True,11,False,2,2,0.5538797061451419
4d049ec63f54351b3d8d4e8c,generalized_translation,bounce,True,5,False,3,3,0.25685292641972013
4d049ec63f54351b3d8d4e8c,setup_translation,bounce,True,11,False,1,1,0.841338805977712
4d4247136d72708b43304c94,generalized_translation,bounce,True,6,False,3,3,0.5808317453923098
4d4247136d72708b43304c94,setup_translation,bounce,True,7,False,1,1,0.7060013756420002
4d56871052647144ce2dd271,generalized_translation,bounce,True,9,False,3,3,0.40985901712249034
4d56871052647144ce2dd271,setup_translation,bounce,True,3,False,1,1,0.7000979182673276
4df8b7b955b4895d1dfe55ff,generalized_translation,unforced_slide,True,8,False,2,2,1.8496241967006188
4e561bc1a9cfd7d56c9ae364,generalized_translation,multiple_forces,True,9,False,2,2,0.8581637683203642
4e6cb122bf2140855694a1c4,generalized_translation,unforced_slide,True,7,False,2,2,1.4492240098540032
4f0e4dd9bfbbc7617c723771,generalized_translation,unforced_slide,True,9,False,2,2,2.935586706211482
4f213059223713a08509b4f2,generalized_translation,bounce,True,6,False,3,3,0.5453827745957281
4f213059223713a08509b4f2,setup_translation,bounce,True,7,False,1,1,1.706108728591429
4f81b3efc3bf28b591932451,generalized_translation,unforced_slide,True,7,False,2,2,0.18528459983892434
50133ecbf4a7b3bf0d2cce87,generalized_translation,multiple_forces,True,22,False,2,2,1.2447129160910797
50600051d3e0f74d6e88fa8b,generalized_translation,bounce,True,7,False,3,3,2.040591711295206
50600051d3e0f74d6e88fa8b,setup_translation,bounce,True,3,False,1,1,2.136363704634134
50639265d554e9d239ee3707,generalized_translation,unforced_slide,True,10,False,2,2,0.11599604568567784
506eb4cb145e4b3a087e3387,generalized_translation,multiple_forces,True,12,False,2,2,1.9015797712703693
50a54ee6ee2e778a4afaf572,generalized_translation,bounce,True,11,False,3,3,1.446198563981143
50a54ee6ee2e778a4afaf572,setup_translation,bounce,True,13,False,1,1,1.5888551281938819
50cd20db98853fb64867c7a2,generalized_translation,bounce,True,5,False,3,3,6.5626675343187175
50cd20db98853fb64867c7a2,setup_translation,bounce,True,5,False,1,1,0.40442867429958895
50f617fe17991c285e19463b,generalized_translation,multiple_forces,True,19,False,2,2,1.0770209796392716
51834f12094b020ba1fa12e3,generalized_translation,unforced_slide,True,8,False,2,2,0.8740389825133228
51913f659bee51dd940de2a3,generalized_translation,multiple_forces,True,15,False,2,2,1.6797078064813349
51b397a431b5b3ded5bd5064,generalized_translation,multiple_forces,True,8,False,2,2,1.0113938298382779
52498871bd9f09ed549e8a72,generalized_translation,unforced_slide,True,13,False,2,2,0.6139448678744964
529107d393c84938df0f914a,generalized_translation,unforced_slide,True,9,False,2,2,2.4283615962760323
52d3d5959707bbb6e26f84a2,generalized_translation,multiple_forces,True,8,False,2,2,0.3493630239201205
52fa5c43c3b9871af65134e5,generalized_translation,unforced_slide,True,10,False,2,2,0.7127685898701772
5341cb60b2fea279e6922ff3,generalized_translation,bounce,True,13,False,3,3,3.592104058119585
5341cb60b2fea279e6922ff3,setup_translation,bounce,True,8,False,1,1,3.750645024534366
5379eba1c69e42be6aa1c824,generalized_translation,multiple_forces,True,23,False,2,2,3.1535121221096727
541fbe634b104d8823205f7a,generalized_translation,multiple_forces,True,12,False,2,2,0.326939482538609
548262795eadd2aa3d9ad981,generalized_translation,bounce,True,10,False,3,3,3.043153309582111
548262795eadd2aa3d9ad981,setup_translation,bounce,True,3,False,1,1,3.566187887182835
54863cd3c969467334327f7a,generalized_translation,bounce,True,6,False,3,3,0.5015245976490776
54863cd3c969467334327f7a,setup_translation,bounce,True,7,False,1,1,0.5559789422419473
54a46c5583e0407f8ad4205a,generalized_translation,multiple_forces,True,5,False,2,2,0.3410704389076718
54c95d2689344f656cb50c5c,generalized_translation,multiple_forces,True,17,False,2,2,0.935082504811743
555ad8e59c95deb67ae458b6,generalized_translation,bounce,True,8,False,3,3,0.7379323387114326
555ad8e59c95deb67ae458b6,setup_translation,bounce,True,13,False,1,1,1.615703515738811
5595d98495419f2a0f6288e7,generalized_translation,unforced_slide,True,11,False,2,2,1.0477521696167003
55cc6ca17e5afc189a5a1e8e,generalized_translation,multiple_forces,True,11,False,2,2,0.9906949485702293
55f8ba9c49736015c63b6b2b,generalized_translation,multiple_forces,True,27,False,2,2,2.969227731004777
56130886f474617e34ae7bda,generalized_translation,bounce,True,9,False,3,3,0.13690116783561987
56130886f474617e34ae7bda,setup_translation,bounce,True,4,False,1,1,0.34325063195474825
56698074af10064d019ccfae,generalized_translation,bounce,True,8,False,3,3,0.5460975269538725
56698074af10064d019ccfae,setup_translation,bounce,True,13,False,1,1,0.5899116573241647
569d7b04bef68aee308d5321,generalized_translation,multiple_forces,True,15,False,2,2,0.82816672637664
56bfbfc32a5ec8ff7c761c2d,generalized_translation,unforced_slide,True,13,False,2,2,1.6972391256382013
56cbc274bbcbdcb6f0e8b49b,generalized_translation,bounce,True,5,False,3,3,0.31193337532245463
56cbc274bbcbdcb6f0e8b49b,setup_translation,bounce,True,7,False,1,1,0.5801864953732917
57309b6427443cbd8caa83a6,generalized_translation,unforced_slide,True,17,False,2,2,2.876629861405609
578ec396fc0daa68465f3617,generalized_translation,unforced_slide,True,7,False,2,2,2.881175512815607
57938d441e07c5d3405bbd16,generalized_translation,multiple_forces,True,18,False,2,2,1.0684623021374722
57ba5b34b983a844222c17e5,generalized_translation,multiple_forces,True,12,False,2,2,1.906770618075407
57c7e84249f068e776639c9d,generalized_translation,multiple_forces,True,12,False,2,2,1.5425081519218757
5849fa0346c1b210e4218b8c,generalized_translation,unforced_slide,True,8,False,2,2,1.3689759296068658
584ac27df2ab8dbe745e9b15,generalized_translation,multiple_forces,True,17,False,2,2,2.035645374491454
58693a260eacc40e96b35f1a,generalized_translation,unforced_slide,True,7,False,2,2,2.052644695662866
58a79b82d48d9dfa41b65a2f,generalized_translation,unforced_slide,True,12,False,2,2,1.34084435654312
5902e6f614f3a729db67c9be,generalized_translation,multiple_forces,True,12,False,2,2,1.2723418292351218
596d73b089c9a356ed3cba48,generalized_translation,bounce,True,8,False,3,3,0.47455230515340235
596d73b089c9a356ed3cba48,setup_translation,bounce,True,12,False,1,1,1.636445705437645
597cbef9c669886557607af6,generalized_translation,bounce,True,12,False,3,3,0.7032161042716275
597cbef9c669886557607af6,setup_translation,bounce,True,5,False,1,1,0.937343795998018
598fa717db1f6f4325efcd8b,generalized_translation,multiple_forces,True,10,False,2,2,0.7419355366582894
59975431506332897be295b2,generalized_translation,unforced_slide,True,10,False,2,2,0.6460460739014117
59e3ec4d018d8fe186eb8d00,generalized_translation,unforced_slide,True,9,False,2,2,2.0069911374579315
5a0c063d6416077fd00abf20,generalized_translation,unforced_slide,True,15,False,2,2,0.8465932290427283
5a118babb82fc246a84da522,generalized_translation,multiple_forces,True,19,False,2,2,1.3676031936525406
5a442caead037d8511410478,generalized_translation,multiple_forces,True,10,False,2,2,0.5210073983680537
5a4b3306db3c0b961a3f2887,generalized_translation,bounce,True,8,False,3,3,1.5273715211946535
5a4b3306db3c0b961a3f2887,setup_translation,bounce,True,7,False,1,1,3.4105864722736623
5aa3fddd96dbbe1172f425e8,generalized_translation,unforced_slide,True,8,False,2,2,0.9261084067216511
5aa74d0ffd3d0103674f19f9,generalized_translation,bounce,True,7,False,3,3,45.44942875921949
5aa74d0ffd3d0103674f19f9,setup_translation,bounce,True,6,False,1,1,2.4603308792309866
5aaf311afb95856bf72c2d3b,generalized_translation,multiple_forces,True,20,False,2,2,2.4329933474171406
5b08f3c5565a5c1a50b7a270,generalized_translation,unforced_slide,True,11,False,2,2,2.007241603409499
5b1617fc0ce69f1086154b74,generalized_translation,multiple_forces,True,10,False,2,2,1.4381567043767498
5b5945c13a0b741e68983c3e,generalized_translation,bounce,True,5,False,3,3,0.22815936982589877
5b5945c13a0b741e68983c3e,setup_translation,bounce,True,7,False,1,1,0.6895265684823024
5b5f25fcdcecf26dbadca5d9,generalized_translation,bounce,True,8,False,3,3,6.565488035272942
5b5f25fcdcecf26dbadca5d9,setup_translation,bounce,True,9,False,1,1,0.40755723883219946
5b664fe9b702b2fda55436de,generalized_translation,bounce,True,4,False,3,3,0.3425861379277975
5b664fe9b702b2fda55436de,setup_translation,bounce,True,5,False,1,1,0.9059680983970024
5b672370e5049b01f2bd0bd7,generalized_translation,unforced_slide,True,7,False,2,2,1.041120081110402
5b6cbc847af612f05a53dab7,generalized_translation,multiple_forces,True,14,False,2,2,1.0034500585362258
5ba6b49f90f5f332b61b0969,generalized_translation,bounce,True,5,False,3,3,1.1985185089901238
5ba6b49f90f5f332b61b0969,setup_translation,bounce,True,11,False,1,1,2.008479275650305
5bad6e19f66b3458e1c04f76,generalized_translation,bounce,True,7,False,3,3,1.3351398973966118
5bad6e19f66b3458e1c04f76,setup_translation,bounce,True,6,False,1,1,1.4540678628443457
5bc1ff34b616e083ad38e4d6,generalized_translation,bounce,True,7,False,3,3,10.398743759760995
5bc1ff34b616e083ad38e4d6,setup_translation,bounce,True,6,False,1,1,1.7389202489738538
5c08d72404f108af0bf58be3,generalized_translation,bounce,True,8,False,3,3,2.014177102361019
5c08d72404f108af0bf58be3,setup_translation,bounce,True,8,False,1,1,2.189238929872631
5c236a716292218bdd838a2c,generalized_translation,multiple_forces,True,10,False,2,2,1.5250568750331335
5c4e5e5eeb807c04ab98c108,generalized_translation,unforced_slide,True,9,False,2,2,1.1923190928519014
5c7ae29e34e555e58642609b,generalized_translation,multiple_forces,True,12,False,2,2,2.1858247820316645
5cbd0d2548d3155fc414e4dd,generalized_translation,bounce,True,10,False,3,3,1.1116435990516602
5cbd0d2548d3155fc414e4dd,setup_translation,bounce,True,7,False,1,1,1.3512961828435055
5cc9dd4d67a0f1ec14663ba1,generalized_translation,bounce,True,9,False,3,3,0.5589566962481232
5cc9dd4d67a0f1ec14663ba1,setup_translation,bounce,True,3,False,1,1,0.6272853483176205
5cebe7927c8a94952a514fb7,generalized_translation,bounce,True,7,False,3,3,11.865378350860517
5cebe7927c8a94952a514fb7,setup_translation,bounce,True,20,False,1,1,1.5445307709038487
5d0f8527d39fc96c3f24e6de,generalized_translation,multiple_forces,True,18,False,2,2,3.5476169834528744
5d3728dd7ba0e5f8003ee348,generalized_translation,multiple_forces,True,21,False,2,2,0.9779271377753794
5d809c3e33dde11d7a798404,generalized_translation,unforced_slide,True,6,False,2,2,0.27579846934319724
5da40b5d14047c609e9a46ed,generalized_translation,unforced_slide,True,12,False,2,2,1.8891165557668972
5dd60ae8f548835d5d5a03fd,generalized_translation,bounce,True,7,False,3,3,2.468456655742071
5dd60ae8f548835d5d5a03fd,setup_translation,bounce,True,12,False,1,1,2.6559491731864813
5dd969063c14877cf8a7a5b8,generalized_translation,multiple_forces,True,9,False,2,2,1.1381582041137976
5de9860a5a743b2d0d22e917,generalized_translation,bounce,True,7,False,3,3,0.4714980585267714
5de9860a5a743b2d0d22e917,setup_translation,bounce,True,5,False,1,1,1.7212746127169334
5e23617d4cb7c866a214a089,generalized_translation,multiple_forces,True,12,False,2,2,0.4314687669685209
5e2447099ebac114cade77f5,generalized_translation,multiple_forces,True,12,False,2,2,0.8207334472539155
5e6389faa859006e29a0f34d,generalized_translation,multiple_forces,True,9,False,2,2,1.3772083072046064
5f26e9ff4c64ceb6f9670d9f,generalized_translation,multiple_forces,True,10,False,2,2,0.5451729610517063
5f35a445cdaf9a1b40892eac,generalized_translation,multiple_forces,True,13,False,2,2,0.9971021619586722
5fb6f8788b08e3023a6c8aa7,generalized_translation,unforced_slide,True,5,False,2,2,0.4556058951930634
600c1e2cd703191da93dc51d,generalized_translation,multiple_forces,True,12,False,2,2,0.6662675651791878
601f8b0ce0db2cd4f854eff3,generalized_translation,unforced_slide,True,7,False,2,2,1.5698034003627273
60271d123c87afea57931785,generalized_translation,unforced_slide,True,14,False,2,2,0.9534155222982958
608b54da28f6b7efb6c6f64c,generalized_translation,unforced_slide,True,7,False,2,2,0.5950038225122847
60c97c48b749777ba41f4b9e,generalized_translation,bounce,True,5,False,3,3,0.25385362337534134
60c97c48b749777ba41f4b9e,setup_translation,bounce,True,5,False,1,1,0.49619839995525716
613afbbef48aaaa75c488d46,generalized_translation,unforced_slide,True,8,False,2,2,0.7133057536166246
615b6865f81a3e5d38ab241c,generalized_translation,unforced_slide,True,12,False,2,2,1.9817468894862564
6195ee41f85df2f5c8b6057c,generalized_translation,multiple_forces,True,15,False,2,2,1.9752256895755378
61c757f428c4c88f40e2290f,generalized_translation,multiple_forces,True,9,False,2,2,2.115391558572912
6231f555aefa2e7722a98c8c,generalized_translation,unforced_slide,True,7,False,2,2,2.0965043342262955
6238a0a78dbec83bb53cec34,generalized_translation,bounce,True,9,False,3,3,0.34743573754297796
6238a0a78dbec83bb53cec34,setup_translation,bounce,True,3,False,1,1,0.3725708175943131
625f4f5941e1ff7f3335d260,generalized_translation,unforced_slide,True,11,False,2,2,0.8587118898277519
625fc33faa2aff5ed2b417fd,generalized_translation,bounce,True,7,False,3,3,1.1643022155517448
625fc33faa2aff5ed2b417fd,setup_translation,bounce,True,8,False,1,1,1.2725223373634709
62ac5837b0efee126d400875,generalized_translation,unforced_slide,True,11,False,2,2,2.0578641369394144
62f37ba80043006520407e80,generalized_translation,multiple_forces,True,11,False,2,2,1.6051657993040374
632202e2ec7ef33977d0623b,generalized_translation,multiple_forces,True,6,False,2,2,0.6033168222213467
6338bef254badf7d5d59c5e0,generalized_translation,bounce,True,6,False,3,3,0.37926339827080235
6338bef254badf7d5d59c5e0,setup_translation,bounce,True,4,False,1,1,0.5302708086631374
63cbf811f75c29173d434824,generalized_translation,bounce,True,7,False,3,3,0.4701190542680437
63cbf811f75c29173d434824,setup_translation,bounce,True,5,False,1,1,0.4815810375209778
6468994d9e7fd881590c9897,generalized_translation,unforced_slide,True,8,False,2,2,2.053547231986827
6483a2b9137bc3089f676b87,generalized_translation,bounce,True,7,False,3,3,15.213980330019343
6483a2b9137bc3089f676b87,setup_translation,bounce,True,15,False,1,1,1.8741609689655383
64a1f4de7a38be50c2ec5d4c,generalized_translation,bounce,True,5,False,3,3,0.5941277135354601
64a1f4de7a38be50c2ec5d4c,setup_translation,bounce,True,6,False,1,1,1.9625762119312073
64e244df54a1625a879e3ee0,generalized_translation,unforced_slide,True,8,False,2,2,0.7133057536166246
6506dc72b4eb7e0d4a3d0e78,generalized_translation,bounce,True,9,False,3,3,0.5120330819606429
6506dc72b4eb7e0d4a3d0e78,setup_translation,bounce,True,4,False,1,1,1.2820054106731107
65201c4d875269214d774802,generalized_translation,unforced_slide,True,9,False,2,2,1.114567118778472
655f861ec4c3f0cbab21ea6d,generalized_translation,bounce,True,12,False,3,3,1.0991115888621399
655f861ec4c3f0cbab21ea6d,setup_translation,bounce,True,16,False,1,1,2.4602066035236336
65980b0880237454c055e97a,generalized_translation,multiple_forces,True,14,False,2,2,3.069119126638948
65a9ab07f7b65a70c33e50d5,generalized_translation,unforced_slide,True,9,False,2,2,1.8293042902229286
65b537c5210e37615bf3d0c5,generalized_translation,unforced_slide,True,11,False,2,2,1.345702713299394
65c8cc44332135c9352ca4de,generalized_translation,unforced_slide,True,7,False,2,2,0.5955980748771118
667c876841e93964474f2ce9,generalized_translation,multiple_forces,True,16,False,2,2,1.4068049728214984
66b303d935c903d484e54ad7,generalized_translation,unforced_slide,True,9,False,2,2,0.8495515380654041
66bc36120bb6f63f2eae1afd,generalized_translation,unforced_slide,True,12,False,2,2,0.6770184176954893
675ecbc3a5aadefb0df43594,generalized_translation,unforced_slide,True,12,False,2,2,1.8891165557668972
67a8994e57afcba92bb8f592,generalized_translation,unforced_slide,True,7,False,2,2,0.9978951617032752
67fc08787f88de6a95302e5f,generalized_translation,unforced_slide,True,7,False,2,2,0.6582231908519955
68553124b0b279873d79093b,generalized_translation,bounce,True,5,False,3,3,0.22137485039376692
68553124b0b279873d79093b,setup_translation,bounce,True,3,False,1,1,0.6827310376682723
6857c761c00a47dcccb9775a,generalized_translation,multiple_forces,True,15,False,2,2,1.4344454061880538
687a5bcbb085cb4b4a610eee,generalized_translation,bounce,True,7,False,3,3,0.44588768675238
687a5bcbb085cb4b4a610eee,setup_translation,bounce,True,11,False,1,1,0.6033855477147806
6885f723384bb8bb22144ba7,generalized_translation,multiple_forces,True,15,False,2,2,0.49308018631324374
68b084046eaf47bab35447a8,generalized_translation,bounce,True,6,False,3,3,1.7173905260305313
68b084046eaf47bab35447a8,setup_translation,bounce,True,7,False,1,1,2.7883150455808208
68d31953c06abe73fe7237b2,generalized_translation,multiple_forces,True,16,False,2,2,1.2789251135990738
68e72468833500f2adbc8e50,generalized_translation,unforced_slide,True,7,False,2,2,0.5586510172960323
69c2b6e028b337cb9c213f19,generalized_translation,bounce,True,13,False,3,3,0.8910189575517422
69c2b6e028b337cb9c213f19,setup_translation,bounce,True,6,False,1,1,5.751731217219271
69f09537e1576a884cc1440d,generalized_translation,multiple_forces,True,12,False,2,2,1.7595704196942412
6abe9d9e73e96482a227d2e1,generalized_translation,bounce,True,8,False,3,3,0.15966754924672344
6abe9d9e73e96482a227d2e1,setup_translation,bounce,True,4,False,1,1,0.5139141264496565
6b3e64b8e094cf8db19267b8,generalized_translation,unforced_slide,True,5,False,2,2,0.3929760379041475
6b806b488df46ff24497d7ba,generalized_translation,unforced_slide,True,12,False,2,2,1.2406788229207073
6b86299289bb88d655d26f72,generalized_translation,bounce,True,7,False,3,3,0.42375805325633326
6b86299289bb88d655d26f72,setup_translation,bounce,True,11,False,1,1,2.6448336296729904
6b944fd1707b570ce61b57c1,generalized_translation,multiple_forces,True,13,False,2,2,0.8392134495567118
6c109a5dff6532fd98b254e8,generalized_translation,bounce,True,6,False,3,3,15.925716885193593
6c109a5dff6532fd98b254e8,setup_translation,bounce,True,3,False,1,1,0.9026833622491022
6d4f7ca3ab51b9907df1c26e,generalized_translation,unforced_slide,True,6,False,2,2,1.8619799652588345
6da831fe668db283cf74ed32,generalized_translation,unforced_slide,True,8,False,2,2,1.4904042839897544
6df5f3085da43c4586cb4d85,generalized_translation,multiple_forces,True,20,False,2,2,0.7875567766931518
6e0dccc1f4c7e85e6e5c5021,generalized_translation,unforced_slide,True,11,False,2,2,0.3054097659581894
6e37702ec85ba68a0f71a19c,generalized_translation,unforced_slide,True,9,False,2,2,0.9998223312747287
6e530d26bb6d41aa3cd518be,generalized_translation,bounce,True,8,False,3,3,120.39092739859765
6e530d26bb6d41aa3cd518be,setup_translation,bounce,True,4,False,1,1,4.250274528047494
6ea49883d749e17779c215e1,generalized_translation,bounce,True,5,False,3,3,0.0839783369668739
6ea49883d749e17779c215e1,setup_translation,bounce,True,4,False,1,1,0.3544059527004756
6efe110835cc61a44c92e74a,generalized_translation,unforced_slide,True,8,False,2,2,1.5126889573010254
6f568dde53f03f3600821796,generalized_translation,bounce,True,9,False,3,3,1.5518431395390173
6f568dde53f03f3600821796,setup_translation,bounce,True,8,False,1,1,1.796557885496911
7040dbc5f8135c50a63db409,generalized_translation,bounce,True,6,False,3,3,1.6605614642383926
7040dbc5f8135c50a63db409,setup_translation,bounce,True,3,False,1,1,2.7313897549603214
7077cdb9ebc273886553c6a3,generalized_translation,bounce,True,7,False,3,3,0.4199958376679211
7077cdb9ebc273886553c6a3,setup_translation,bounce,True,5,False,1,1,2.641021465185983
708dcba0f0fe720698c896fe,generalized_translation,unforced_slide,True,9,False,2,2,1.5378081385456959
70cb205c8f48a70c61cbfd13,generalized_translation,multiple_forces,True,20,False,2,2,2.2948133597643574
70e2b4696cabe08a0ec7af72,generalized_translation,multiple_forces,True,15,False,2,2,2.1886861498864407
71d956cd1346b08a1668280a,generalized_translation,multiple_forces,True,7,False,2,2,0.5000897816822139
72027f0617086529caa9711d,generalized_translation,bounce,True,6,False,3,3,2.4118399219287676
72027f0617086529caa9711d,setup_translation,bounce,True,3,False,1,1,2.7506309286957173
72297aee2e0427fdb19c30b0,generalized_translation,multiple_forces,True,18,False,2,2,1.0996818764270773
736d25a892811a33708615c5,generalized_translation,unforced_slide,True,10,False,2,2,0.7574466823616524
740ef3168ce9c731b2ec8eee,generalized_translation,unforced_slide,True,7,False,2,2,0.8072155779011503
744e6a1802a939616b10c947,generalized_translation,bounce,True,9,False,3,3,2.1431177094650335
744e6a1802a939616b10c947,setup_translation,bounce,True,13,False,1,1,2.239353201956142
74c799145a56acb0c642e899,generalized_translation,bounce,True,6,False,3,3,0.7969700563224762
74c799145a56acb0c642e899,setup_translation,bounce,True,11,False,1,1,1.0279978231956042
74e7ea6b62916942b361d327,generalized_translation,multiple_forces,True,30,False,2,2,3.122879390283321
74ffae230866b1221e4b6208,generalized_translation,bounce,True,8,False,3,3,1.1132522873597344
74ffae230866b1221e4b6208,setup_translation,bounce,True,14,False,1,1,3.5298975637411107
7573a0c71cf35899ec80a197,generalized_translation,bounce,True,7,False,3,3,0.49337991344777676
7573a0c71cf35899ec80a197,setup_translation,bounce,True,5,False,1,1,0.7098097043748512
7587bc3cc5369807a574c97c,generalized_translation,multiple_forces,True,13,False,2,2,2.0995282053069384
75aa4de1ea6879eef9abbf95,generalized_translation,multiple_forces,True,9,False,2,2,0.47988519379419997
75bcb8586c4e665e8c097a95,generalized_translation,multiple_forces,True,10,False,2,2,0.6260377422558012
75f6120138b910ea07e5a9a5,generalized_translation,bounce,True,6,False,3,3,0.8281676211875247
75f6120138b910ea07e5a9a5,setup_translation,bounce,True,11,False,1,1,1.7973791058363107
763d7fdcd2a22122cff44ff7,generalized_translation,bounce,True,11,False,3,3,1.4161446934548085
763d7fdcd2a22122cff44ff7,setup_translation,bounce,True,5,False,1,1,1.4355521507397109
7674ca5ac53a0dd856af137f,generalized_translation,unforced_slide,True,6,False,2,2,0.43920852193048143
7687b8c53ba6f8da68d330dd,generalized_translation,bounce,True,8,False,3,3,119.9760403752704
7687b8c53ba6f8da68d330dd,setup_translation,bounce,True,12,False,1,1,3.7147646493415527
769f3d93afefc8e70b9e2160,generalized_translation,multiple_forces,True,20,False,2,2,1.1757043936204796
76fa2c67086f2797f478915b,generalized_translation,multiple_forces,True,16,False,2,2,0.2997553342182378
77093f88e3b77b8e73fb7822,generalized_translation,unforced_slide,True,7,False,2,2,0.9316707735425175
7736e044be437e0f594d4943,generalized_translation,unforced_slide,True,9,False,2,2,1.5378081385456959
774f8e39923807e969fd27ed,generalized_translation,unforced_slide,True,10,False,2,2,1.9937731493552502
77f197c9864f73fe0c6b9109,generalized_translation,multiple_forces,True,14,False,2,2,1.1675607972366104
793b9a1bdacd36dc7f176b5d,generalized_translation,unforced_slide,True,13,False,2,2,1.0389787727685689
7959b0849ac63ecc2381e0cc,generalized_translation,multiple_forces,True,17,False,2,2,1.3104549595507005
7983ee040ec0ad41b10162aa,generalized_translation,unforced_slide,True,8,False,2,2,1.6583694271193121
798ebb1cdeb3217b27bf267e,generalized_translation,multiple_forces,True,13,False,2,2,2.152250487750618
7a476f0ace65fe88da7e13f9,generalized_translation,bounce,True,6,False,3,3,0.17281364202714763
7a476f0ace65fe88da7e13f9,setup_translation,bounce,True,7,False,1,1,0.5633910350661373
7af217b5f0a22fa0dd48a0ef,generalized_translation,unforced_slide,True,15,False,2,2,2.177556936866052
7b1801b248216da5db838cf7,generalized_translation,multiple_forces,True,9,False,2,2,1.6521805298621217
7b23ed36b99aa93b0243d8db,generalized_translation,unforced_slide,True,8,False,2,2,0.8057030276019268
7b3e52412ea610303381ab25,generalized_translation,unforced_slide,True,13,False,2,2,1.6972391256382013
7b5899ecbdc2c61f18fc091b,generalized_translation,unforced_slide,True,8,False,2,2,0.9896374631659652
7b8a3eaf8d8a8df29745608e,generalized_translation,multiple_forces,True,11,False,2,2,1.3162213435355723
7bdfa6af9a49514f82f8c8b6,generalized_translation,multiple_forces,True,11,False,2,2,0.9749657613046795
7c9d3b5160c7df14307ccd5d,generalized_translation,bounce,True,7,False,3,3,0.5935105818509929
7c9d3b5160c7df14307ccd5d,setup_translation,bounce,True,17,False,1,1,0.8093720142575318
7caff46a84cc6de30309665c,generalized_translation,multiple_forces,True,31,False,2,2,2.5561310816176124
7cdd44e375a26ab1f2148497,generalized_translation,bounce,True,6,False,3,3,0.45549298191732773
7cdd44e375a26ab1f2148497,setup_translation,bounce,True,6,False,1,1,1.4774146273371622
7d0e03cd62f7ced3b702c379,generalized_translation,multiple_forces,True,10,False,2,2,0.8444892742987605
7d5b9d477d9260c8f0cc930b,generalized_translation,unforced_slide,True,8,False,2,2,0.7537025216296509
7dd5d3cc4d36f2ec9631b89d,generalized_translation,bounce,True,7,False,3,3,0.2719303563609117
7dd5d3cc4d36f2ec9631b89d,setup_translation,bounce,True,9,False,1,1,1.0551634819901454
7ddbf6ca45522f3e9ad974af,generalized_translation,bounce,True,8,False,3,3,0.30165467531961937
7ddbf6ca45522f3e9ad974af,setup_translation,bounce,True,8,False,1,1,0.4068793278907727
7e32f26895f142306b95abb6,generalized_translation,multiple_forces,True,20,False,2,2,1.3079261709931267
7ef7494e3f8909372927074b,generalized_translation,bounce,True,6,False,3,3,1.3385932526249738
7ef7494e3f8909372927074b,setup_translation,bounce,True,4,False,1,1,1.5040358345805038
7f3c58294ac720e1f1343b7d,generalized_translation,unforced_slide,True,11,False,2,2,2.3328193344619086
7f429b1e063a247a89292b78,generalized_translation,multiple_forces,True,11,False,2,2,1.233129440241969
7f5e011c47c5ae7e6c867e4a,generalized_translation,unforced_slide,True,9,False,2,2,2.0248612709347147
7f6dee350fa2b9e5a27fdeec,generalized_translation,unforced_slide,True,13,False,2,2,0.8760601404445849
7f80d558f97e7b16c264450b,generalized_translation,bounce,True,5,False,3,3,0.3910608812781449
7f80d558f97e7b16c264450b,setup_translation,bounce,True,7,False,1,1,0.5433926874183047
7fc66f9d6cbc3e4d6b636168,generalized_translation,unforced_slide,True,11,False,2,2,0.8587118898277519
7fcbd6e019359a862df5f034,generalized_translation,multiple_forces,True,10,False,2,2,1.318410711453995
7ff47a2a1ad92b0b7e9dce63,generalized_translation,unforced_slide,True,13,False,2,2,0.8282997900994997
80a25d8f14ec38c82b2c18b8,generalized_translation,bounce,True,13,False,3,3,0.48124590554981245
80a25d8f14ec38c82b2c18b8,setup_translation,bounce,True,19,False,1,1,0.8044135462339298
80fdca70f41ecfbcec90c022,generalized_translation,unforced_slide,True,8,False,2,2,0.7078243143787306
81144f705901394944ea725b,generalized_translation,multiple_forces,True,8,False,2,2,0.7849127884765777
811a6e6b5eb2aa064580b536,generalized_translation,bounce,True,5,False,3,3,0.5371001120260097
811a6e6b5eb2aa064580b536,setup_translation,bounce,True,8,False,1,1,0.9811309687163742
813a6689f0c7fe565d41473f,generalized_translation,unforced_slide,True,12,False,2,2,0.6859190504318814
813e65fc9d41cb175618ef4d,generalized_translation,unforced_slide,True,16,False,2,2,1.7400563100045854
8160d651754b6f3134b0dbd4,generalized_translation,multiple_forces,True,21,False,2,2,2.095186616249085
818a35fdcefecb521db0a265,generalized_translation,unforced_slide,True,6,False,2,2,2.2506379077473904
818b17b8f4fbebacaec5a080,generalized_translation,bounce,True,7,False,3,3,0.6774639626654699
818b17b8f4fbebacaec5a080,setup_translation,bounce,True,4,False,1,1,1.7460895320193905
8205cacb3f5c3db70f810e01,generalized_translation,multiple_forces,True,8,False,2,2,0.8869375238211313
8209997c8fa1bb4b01379bed,generalized_translation,multiple_forces,True,12,False,2,2,1.2637630673879212
8228bb329be9bbf492ad55ad,generalized_translation,unforced_slide,True,11,False,2,2,1.5770775881239878
825e59da510beee81211cb9a,generalized_translation,multiple_forces,True,18,False,2,2,1.9810152872990587
82a57d0e540ca517bc99adbf,generalized_translation,bounce,True,5,False,3,3,0.22815936982589877
82a57d0e540ca517bc99adbf,setup_translation,bounce,True,7,False,1,1,0.6895265684823024
82c023a4a49888fc87e269fe,generalized_translation,bounce,True,7,False,3,3,0.1540455372129172
82c023a4a49888fc87e269fe,setup_translation,bounce,True,6,False,1,1,0.7484194339355542
82c0f4d1e624927baae7c350,generalized_translation,bounce,True,9,False,3,3,0.34633528018024795
82c0f4d1e624927baae7c350,setup_translation,bounce,True,3,False,1,1,0.9096466835878094
832200eb4f9f3550e45beb15,generalized_translation,multiple_forces,True,8,False,2,2,3.181926459730673
8361b4117cddab16b41575f0,generalized_translation,bounce,True,13,False,3,3,0.3698303842635449
8361b4117cddab16b41575f0,setup_translation,bounce,True,5,False,1,1,0.7205296354674829
839752cb072b83f0f3f9c6f1,generalized_translation,unforced_slide,True,6,False,2,2,0.4051418136412227
839d25ab16e8abb0b1c8a5bc,generalized_translation,unforced_slide,True,12,False,2,2,0.3526802268036787
83ba76283444714c44e0b4c5,generalized_translation,multiple_forces,True,11,False,2,2,1.3365579652022193
841692c103bc18eb3ea9d6a7,generalized_translation,bounce,True,9,False,3,3,0.3031510564522482
841692c103bc18eb3ea9d6a7,setup_translation,bounce,True,4,False,1,1,0.4083756759794534
845ef6dc7b02e3a22f6dde78,generalized_translation,bounce,True,6,False,3,3,0.49878083076074586
845ef6dc7b02e3a22f6dde78,setup_translation,bounce,True,5,False,1,1,0.6935541761292521
8493fd49a3ed0e6a47d27aa2,generalized_translation,unforced_slide,True,8,False,2,2,1.5515689694430987
84d59450dd02665b4838e0da,generalized_translation,bounce,True,6,False,3,3,0.1720573412822289
84d59450dd02665b4838e0da,setup_translation,bounce,True,9,False,1,1,0.17983103276793558
84e0cdd044dfa3d8d1143bfc,generalized_translation,multiple_forces,True,19,False,2,2,1.8103847972343456
85201c8d65fc4b9aeba7e7ff,generalized_translation,unforced_slide,True,11,False,2,2,1.6041679420139352
853a1753efb4da2003ccb673,generalized_translation,bounce,True,11,False,3,3,1.6706936028302322
853a1753efb4da2003ccb673,setup_translation,bounce,True,7,False,1,1,2.7060467350059367
854b19143234331679c628f6,generalized_translation,unforced_slide,True,7,False,2,2,0.3438784192397268
857107269de47f8eebdfdb14,generalized_translation,unforced_slide,True,4,False,2,2,0.7624583943674509
85a2fc88f22cbd4c2389c557,generalized_translation,multiple_forces,True,17,False,2,2,2.2845698570166797
85a561b0492d8a784b491e90,generalized_translation,bounce,True,8,False,3,3,54.86950728562746
85a561b0492d8a784b491e90,setup_translation,bounce,True,5,False,1,1,1.147052841582577
85fc289c41ee038174eb815a,generalized_translation,bounce,True,8,False,3,3,91.3808133039814
85fc289c41ee038174eb815a,setup_translation,bounce,True,9,False,1,1,1.3673556827050821
862eeabcc2ca7e9b88e7c020,generalized_translation,bounce,True,5,False,3,3,0.08611491095264025
862eeabcc2ca7e9b88e7c020,setup_translation,bounce,True,3,False,1,1,0.4355591925698689
871a2769dd3e9c9b41d355a3,generalized_translation,unforced_slide,True,14,False,2,2,1.9559622020453944
874e34a973b8ffd911e8e079,generalized_translation,bounce,True,13,False,3,3,3.592104058119585
874e34a973b8ffd911e8e079,setup_translation,bounce,True,8,False,1,1,3.750645024534366
8788ae38c3d32bdf7d21a81a,generalized_translation,unforced_slide,True,9,False,2,2,2.0272863200097966
87d77b3813f9a38634eec49b,generalized_translation,unforced_slide,True,10,False,2,2,0.578741172044057
87d97c0df4d12a7cfb0353e8,generalized_translation,unforced_slide,True,8,False,2,2,2.053547231986827
882f0224d4c2ef49a7db44b5,generalized_translation,bounce,True,14,False,3,3,0.6874103086886498
882f0224d4c2ef49a7db44b5,setup_translation,bounce,True,5,False,1,1,1.249865733873669
8850f00a4274619471731bda,generalized_translation,unforced_slide,True,7,False,2,2,0.8333800798499886
88df99263d788daddd57a212,generalized_translation,multiple_forces,True,14,False,2,2,1.5085244526539971
890076eb7b9ae39c00cc274a,generalized_translation,unforced_slide,True,7,False,2,2,0.8468130053633542
8900afefdbd921a10166c0d5,generalized_translation,unforced_slide,True,8,False,2,2,1.5515689694430987
890941abdff01652a0a5a88d,generalized_translation,unforced_slide,True,9,False,2,2,1.3825543809703313
8999082bab2902ec2176bd55,generalized_translation,bounce,True,11,False,3,3,0.9958460227640896
8999082bab2902ec2176bd55,setup_translation,bounce,True,5,False,1,1,1.2344820788190445
89d0fc54d266b6456a655e64,generalized_translation,unforced_slide,True,7,False,2,2,0.6582231908519955
89d24a6f417637bf6350e997,generalized_translation,multiple_forces,True,17,False,2,2,1.1652389740575821
89d766f382112dc914fae110,generalized_translation,unforced_slide,True,16,False,2,2,2.0634053954600353
8a0b6c0eebd1d56c3e0198a3,generalized_translation,unforced_slide,True,10,False,2,2,0.7966720797136733
8a122093ae61b0c98aae045d,generalized_translation,unforced_slide,True,13,False,2,2,0.4069636163972572
8aa075a6b174fdfb161a2461,generalized_translation,multiple_forces,True,11,False,2,2,1.1867206063121696
8ada8ef1559bbc5eb025b392,generalized_translation,multiple_forces,True,9,False,2,2,0.8885003671271272
8aef75f486607e8802303333,generalized_translation,multiple_forces,True,12,False,2,2,1.1047451110472535
8b05dffaac538d62bb60a9d8,generalized_translation,unforced_slide,True,17,False,2,2,2.876629861405609
8b88fe7dbda5ceb29c15deaf,generalized_translation,bounce,True,10,False,3,3,1.054266054124204
8b88fe7dbda5ceb29c15deaf,setup_translation,bounce,True,8,False,1,1,1.5846479067640864
8bc29a43379e560e5e2a4fd6,generalized_translation,bounce,True,8,False,3,3,0.4882076246674312
8bc29a43379e560e5e2a4fd6,setup_translation,bounce,True,5,False,1,1,2.2646958126354457
8bdd1058787a47f3977e802d,generalized_translation,unforced_slide,True,10,False,2,2,2.121206981479819
8be770f95a44bd475d0cf3e4,generalized_translation,bounce,True,8,False,3,3,0.589857582344266
8be770f95a44bd475d0cf3e4,setup_translation,bounce,True,17,False,1,1,1.1511743998538133
8c312e21bd1a655866074081,generalized_translation,bounce,True,5,False,3,3,0.47199577455802566
8c312e21bd1a655866074081,setup_translation,bounce,True,4,False,1,1,1.01961324327882
8c5ed3b79b094690407f9a23,generalized_translation,multiple_forces,True,9,False,2,2,1.7816411279801978
8c81d6d25f2429d0f553b40c,generalized_translation,bounce,True,11,False,3,3,1.3525833454371763
8c81d6d25f2429d0f553b40c,setup_translation,bounce,True,9,False,1,1,1.5182636611947193
8cd2b42abaa57c89840ff826,generalized_translation,unforced_slide,True,8,False,2,2,1.087905462393129
8ce2a4d0d0276ede64bec945,generalized_translation,bounce,True,6,False,3,3,0.4803327809566255
8ce2a4d0d0276ede64bec945,setup_translation,bounce,True,7,False,1,1,0.5344275165728394
8ceeb1935ed325e71f2e97c3,generalized_translation,bounce,True,10,False,3,3,0.5932946701562525
8ceeb1935ed325e71f2e97c3,setup_translation,bounce,True,3,False,1,1,1.961734709392881
8d8e1c8fe9a6e0399d47e8a3,generalized_translation,bounce,True,6,False,3,3,1.0175477693173545
8d8e1c8fe9a6e0399d47e8a3,setup_translation,bounce,True,9,False,1,1,1.7719589877748372
8dc3223c5a42c5bab6bb50b5,generalized_translation,bounce,True,9,False,3,3,1.5047920231351632
8dc3223c5a42c5bab6bb50b5,setup_translation,bounce,True,3,False,1,1,1.6044050356134456
8dd43e094996ec3d95ec0731,generalized_translation,multiple_forces,True,29,False,2,2,0.889578695248234
8e290cc8a6846713c3411912,generalized_translation,bounce,True,7,False,3,3,2.0560126183329523
8e290cc8a6846713c3411912,setup_translation,bounce,True,5,False,1,1,2.2404973648197544
8e6935af5ad6514a0849bb5b,generalized_translation,multiple_forces,True,9,False,2,2,0.5249735145413023
8e8be4d3928b86695ebd77ec,generalized_translation,multiple_forces,True,18,False,2,2,1.9587399752858277
8ebae6b9a13a21bc60bed79f,generalized_translation,multiple_forces,True,8,False,2,2,1.6884013253291728
8ed3e3c421750b7ff54f4dcb,generalized_translation,unforced_slide,True,5,False,2,2,0.6940502087641979
8ee5d6ece762ac5df5f6c25c,generalized_translation,multiple_forces,True,12,False,2,2,1.7567564153516482
8f578a61159f0e6177f8ee57,generalized_translation,unforced_slide,True,8,False,2,2,1.575758252024807
8f868e2c18bf3eadb72daa50,generalized_translation,bounce,True,9,False,3,3,0.827861939350563
8f868e2c18bf3eadb72daa50,setup_translation,bounce,True,8,False,1,1,1.059075819667545
8f9ba0a836273b1b8c02479d,generalized_translation,bounce,True,8,False,3,3,0.2410006051721308
8f9ba0a836273b1b8c02479d,setup_translation,bounce,True,6,False,1,1,0.2733015304298415
8faa60e51d0325bd47f4da22,generalized_translation,unforced_slide,True,13,False,2,2,0.5506081964140701
905481c915459849d2c9ecfd,generalized_translation,multiple_forces,True,11,False,2,2,1.6820071128962746
90ce59427442085d6940b0da,generalized_translation,bounce,True,8,False,3,3,30.148385688761085
90ce59427442085d6940b0da,setup_translation,bounce,True,12,False,1,1,1.3282644387742177
9109d0ea4eadcc5e8aea6c7e,generalized_translation,unforced_slide,True,12,False,2,2,1.7225338914916586
914141a8891f0a5b7541967c,generalized_translation,multiple_forces,True,16,False,2,2,0.9580967355337258
9173cbf1da31ee51ecacd96c,generalized_translation,multiple_forces,True,17,False,2,2,1.5963459338485775
917af36c889a3275826b48b0,generalized_translation,multiple_forces,True,21,False,2,2,0.8568197026909158
917d747ded44f5831f1b1bfd,generalized_translation,unforced_slide,True,7,False,2,2,0.8333800798499886
91ba182bd6f68b2f656908fb,generalized_translation,multiple_forces,True,12,False,2,2,1.4964818918292488
91e091cc20cfeaac0797eb0e,generalized_translation,bounce,True,9,False,3,3,0.37023826985022734
91e091cc20cfeaac0797eb0e,setup_translation,bounce,True,4,False,1,1,0.8125052433360498
924e369befe193be095f96c7,generalized_translation,unforced_slide,True,12,False,2,2,0.6783477515192424
928c53dd4ea8f43ebed4590b,generalized_translation,bounce,True,11,False,3,3,1.4161446934548085
928c53dd4ea8f43ebed4590b,setup_translation,bounce,True,5,False,1,1,1.4355521507397109
92946d0f2dd4a0bafde93c50,generalized_translation,multiple_forces,True,10,False,2,2,1.3156733404805006
92d5d68ebd185e44d9de3416,generalized_translation,bounce,True,5,False,3,3,56.35977635914249
92d5d68ebd185e44d9de3416,setup_translation,bounce,True,8,False,1,1,1.025481536736002
9318324ea9e8be8189b31aab,generalized_translation,unforced_slide,True,8,False,2,2,1.659669002540372
934b609723b32a57b6bdb2b8,generalized_translation,multiple_forces,True,15,False,2,2,0.7559677275959886
93c86a10310958b3c3cae0eb,generalized_translation,bounce,True,10,False,3,3,0.45535553828847397
93c86a10310958b3c3cae0eb,setup_translation,bounce,True,7,False,1,1,1.7680972451047068
93f241b96a3c8e43683dcc94,generalized_translation,multiple_forces,True,10,False,2,2,1.5423410595778384
94017a014d2e5480a73ea7dd,generalized_translation,bounce,True,8,False,3,3,24.77075881586594
94017a014d2e5480a73ea7dd,setup_translation,bounce,True,13,False,1,1,2.9882144540476063
946cdb568f40eaf8d51b634e,generalized_translation,unforced_slide,True,6,False,2,2,0.4104205975596352
94a1a81aff325c94715a54a2,generalized_translation,multiple_forces,True,13,False,2,2,3.846678846233006
94ec2afb62c4972035bf45fd,generalized_translation,multiple_forces,True,17,False,2,2,1.5317900534750393
94fa1bbbaba883af709e2692,generalized_translation,unforced_slide,True,10,False,2,2,1.1878438398486488
954cc0e8e7dc7a03febab718,generalized_translation,multiple_forces,True,16,False,2,2,2.8723381844750655
958e4b265fcaba7a0dc0b0a7,generalized_translation,multiple_forces,True,17,False,2,2,1.5713339509965158
95a27740e470bbbd97830675,generalized_translation,multiple_forces,True,10,False,2,2,1.6170313180795217
9664aec309a66d7f5c634a50,generalized_translation,unforced_slide,True,12,False,2,2,0.06084439000102945
9679a84344851d8a5e203e05,generalized_translation,bounce,True,9,False,3,3,0.9728188745093685
9679a84344851d8a5e203e05,setup_translation,bounce,True,6,False,1,1,1.4325600084502892
969dfcb5e11e21e183126151,generalized_translation,multiple_forces,True,12,False,2,2,2.08636335053828
96ab20c7f6eeefe256b3dcf0,generalized_translation,bounce,True,11,False,3,3,1.3525833454371763
96ab20c7f6eeefe256b3dcf0,setup_translation,bounce,True,9,False,1,1,1.5182636611947193
96c307e1278449504796feeb,generalized_translation,bounce,True,6,False,3,3,1.3096750662749204
96c307e1278449504796feeb,setup_translation,bounce,True,6,False,1,1,1.4169287284221652
977e66fff508187f516c4b69,generalized_translation,unforced_slide,True,7,False,2,2,0.7874841032965528
9805de2d546eff8e32479c7e,generalized_translation,multiple_forces,True,9,False,2,2,0.8509895307130989
98abde56a125b79936b0fbe4,generalized_translation,bounce,True,7,False,3,3,1.3489204324524875
98abde56a125b79936b0fbe4,setup_translation,bounce,True,12,False,1,1,1.673056390569015
991d8a7907c4d090c73f0731,generalized_translation,multiple_forces,True,7,False,2,2,1.0598613172018174
99537052caa239dc735a3bfd,generalized_translation,bounce,True,8,False,3,3,0.9556182830927233
99537052caa239dc735a3bfd,setup_translation,bounce,True,6,False,1,1,1.709867377726193
99543040f5cc5489d3e18f67,generalized_translation,unforced_slide,True,11,False,2,2,0.696591062833799
99b6e103c82e79c7d52d7b64,generalized_translation,bounce,True,6,False,3,3,0.612346844534608
99b6e103c82e79c7d52d7b64,setup_translation,bounce,True,3,False,1,1,0.6839297007900345
99c61d27920678cd341bc546,generalized_translation,bounce,True,6,False,3,3,0.9061190363777478
99c61d27920678cd341bc546,setup_translation,bounce,True,4,False,1,1,1.3976329606644555
99d68a30fc96eec0c303bd1a,generalized_translation,unforced_slide,True,8,False,2,2,0.518522654720636
99f3ae0b359c58d8e9a4351c,generalized_translation,bounce,True,9,False,3,3,2.9619208916410424
99f3ae0b359c58d8e9a4351c,setup_translation,bounce,True,4,False,1,1,4.8100024576441305
9a3fed0478f063ac301ab833,generalized_translation,unforced_slide,True,5,False,2,2,0.13433096921389326
9a4e6c77d6b259e4433a94d4,generalized_translation,bounce,True,6,False,3,3,0.20323407792434264
9a4e6c77d6b259e4433a94d4,setup_translation,bounce,True,3,False,1,1,0.9467318800421539
9a5bf4d83d3f461813a2423b,generalized_translation,bounce,True,6,False,3,3,0.39262939949664655
9a5bf4d83d3f461813a2423b,setup_translation,bounce,True,10,False,1,1,0.7518430130001211
9a79885a4308881ffb9363e9,generalized_translation,multiple_forces,True,11,False,2,2,2.736397970063812
9ae8c96394bab13f14883ca6,generalized_translation,multiple_forces,True,18,False,2,2,1.1835099740995434
9b1ed639e1ea236616f9a41e,generalized_translation,unforced_slide,True,9,False,2,2,1.2167200745884872
9b55df75ad84f02ee96255ef,generalized_translation,unforced_slide,True,10,False,2,2,1.3214597751571655
9b616fbec6195c5afd2efed3,generalized_translation,bounce,True,5,False,3,3,22.88983153774743
9b616fbec6195c5afd2efed3,setup_translation,bounce,True,4,False,1,1,0.3342361507701295
9b8905181e085e966df54cc0,generalized_translation,unforced_slide,True,6,False,2,2,0.5908006628572906
9c333606f9ee526228b585ac,generalized_translation,unforced_slide,True,7,False,2,2,0.5205346173048968
9c48ef7eb35e768094ce6635,generalized_translation,unforced_slide,True,8,False,2,2,0.8452167319050881
9c5023820d69201077a4563e,generalized_translation,multiple_forces,True,17,False,2,2,0.6754235728204996
9ccd713e63a69296b06c75dc,generalized_translation,multiple_forces,True,11,False,2,2,2.0883745069858426
9d1202185294cf3e738c1772,generalized_translation,multiple_forces,True,13,False,2,2,1.1907171384506177
9d1abf2e00d51f638b6e51d0,generalized_translation,unforced_slide,True,13,False,2,2,0.7521569894992871
9d20a58149f35bb338aad847,generalized_translation,bounce,True,8,False,3,3,2.014177102361019
9d20a58149f35bb338aad847,setup_translation,bounce,True,8,False,1,1,2.189238929872631
9d53c49f5dcadeeb746f9b92,generalized_translation,multiple_forces,True,8,False,2,2,0.7823002740235749
9d698e20ed926e44b302654b,generalized_translation,multiple_forces,True,10,False,2,2,2.029004785900722
9d8d08474a56c6eeae42b4ae,generalized_translation,multiple_forces,True,15,False,2,2,0.7959476975987098
9e174d9029f924d3c6fe549d,generalized_translation,bounce,True,13,False,3,3,0.43893656273253484
9e174d9029f924d3c6fe549d,setup_translation,bounce,True,14,False,1,1,0.5003337988750599
9e20e8e7a4409887168f31f0,generalized_translation,multiple_forces,True,20,False,2,2,0.8173382449931742
9e3e7dd7e7468332357967cd,generalized_translation,unforced_slide,True,10,False,2,2,0.8917630661123085
9e6fc03385fb9e4eb5ffa473,generalized_translation,bounce,True,7,False,3,3,0.25229210016125564
9e6fc03385fb9e4eb5ffa473,setup_translation,bounce,True,3,False,1,1,0.2535991351901919
9e708315ea61c5fab90f8869,generalized_translation,multiple_forces,True,20,False,2,2,0.9655574803817671
9ea1fb29b99d1a46f2148ce2,generalized_translation,bounce,True,10,False,3,3,0.8067982784227109
9ea1fb29b99d1a46f2148ce2,setup_translation,bounce,True,8,False,1,1,0.8732268331468216
9ec45a8d48c586e1755e987c,generalized_translation,unforced_slide,True,15,False,2,2,0.8465932290427283
9ed76da8adaea3281f7cbd89,generalized_translation,bounce,True,6,False,3,3,0.24229314642169034
9ed76da8adaea3281f7cbd89,setup_translation,bounce,True,10,False,1,1,1.1214715248136542
9fafa4783721d6dbef919d41,generalized_translation,bounce,True,6,False,3,3,0.9225690037461289
9fafa4783721d6dbef919d41,setup_translation,bounce,True,11,False,1,1,1.0317283797690797
9ff43a5a37443b1487a6c608,generalized_translation,multiple_forces,True,24,False,2,2,3.1210311352419238
a00510c64b3ea100cc77c67f,generalized_translation,multiple_forces,True,14,False,2,2,1.3989477921648665
a042507af01f3fc86997d67c,generalized_translation,multiple_forces,True,9,False,2,2,0.8647642280922134
a044150d2095e9126f09b4ef,generalized_translation,unforced_slide,True,7,False,2,2,0.21956771834466937
a067981c2ec2c27600db6903,generalized_translation,unforced_slide,True,7,False,2,2,0.5586510172960323
a08bde86f3bcb1f6a37d6513,generalized_translation,unforced_slide,True,7,False,2,2,1.2335420361555554
a0b68f750420fe71b6f56e4a,generalized_translation,bounce,True,8,False,3,3,1.2366014412256794
a0b68f750420fe71b6f56e4a,setup_translation,bounce,True,8,False,1,1,1.4237648500262323
a0eb928cab7469cd9d088977,generalized_translation,bounce,True,9,False,3,3,0.10652838442224086
a0eb928cab7469cd9d088977,setup_translation,bounce,True,6,False,1,1,0.41705373988287464
a11a5f6df34ad13da703f446,generalized_translation,bounce,True,8,False,3,3,0.5710635329130493
a11a5f6df34ad13da703f446,setup_translation,bounce,True,15,False,1,1,0.8047405534704605
a14c964fe500aa97970e79cc,generalized_translation,bounce,True,7,False,3,3,0.24584354572291728
a14c964fe500aa97970e79cc,setup_translation,bounce,True,5,False,1,1,0.7795535617536535
a18a0db11f94ceeb61b26242,generalized_translation,multiple_forces,True,12,False,2,2,1.633690946779739
a1e1a1dc6b037dc57a4844f0,generalized_translation,bounce,True,6,False,3,3,0.4315106384781325
a1e1a1dc6b037dc57a4844f0,setup_translation,bounce,True,3,False,1,1,0.4523288895851914
a23424b8687ea3da62ce832c,generalized_translation,unforced_slide,True,8,False,2,2,1.6583694271193121
a280a5b765022f6336069db9,generalized_translation,bounce,True,8,False,3,3,40.69526070822697
a280a5b765022f6336069db9,setup_translation,bounce,True,6,False,1,1,1.34983095939097
a2adc0dbb4f04b33cfd48b0d,generalized_translation,multiple_forces,True,22,False,2,2,0.5628072206973331
a315a8e24498dd9bcbea201f,generalized_translation,multiple_forces,True,9,False,2,2,0.9464432483205132
a4312a694e1bab5737412ac2,generalized_translation,unforced_slide,True,8,False,2,2,1.84018505034952
a43dd3e267210e4820deda6f,generalized_translation,bounce,True,5,False,3,3,0.23478766222137631
a43dd3e267210e4820deda6f,setup_translation,bounce,True,3,False,1,1,0.3988811218877005
a4b0c99c0caf7d96c36f9cfc,generalized_translation,multiple_forces,True,15,False,2,2,1.4315756283908345
a5061d822aca7bae6fdc0f64,generalized_translation,bounce,True,10,False,3,3,0.5910948187549935
a5061d822aca7bae6fdc0f64,setup_translation,bounce,True,6,False,1,1,0.9786144616632794
a577b5669bf99a6f6de1fb9f,generalized_translation,bounce,True,9,False,3,3,1.0327458136666807
a577b5669bf99a6f6de1fb9f,setup_translation,bounce,True,6,False,1,1,2.2248600383673742
a57892689ca2b3fcf51d9002,generalized_translation,multiple_forces,True,17,False,2,2,1.3740782232803523
a5afe5dceaf7b6b7dc14bcb3,generalized_translation,multiple_forces,True,22,False,2,2,1.367547746025768
a5cf6aeaba4c6a2e2b9417cb,generalized_translation,multiple_forces,True,6,False,2,2,0.2554062041815538
a68294c8738e16867508e6ed,generalized_translation,bounce,True,6,False,3,3,1.7173905260305313
a68294c8738e16867508e6ed,setup_translation,bounce,True,7,False,1,1,2.7883150455808208
a6866a00970ae33c92c103e2,generalized_translation,multiple_forces,True,9,False,2,2,1.684441553849475
a71fd319cea9543753c040d9,generalized_translation,unforced_slide,True,13,False,2,2,0.8282997900994997
a85b06e54612cf5caf42ef08,generalized_translation,unforced_slide,True,12,False,2,2,0.31246112240642804
a8f09eb7b72e9e599fc9058d,generalized_translation,multiple_forces,True,18,False,2,2,3.401833240341848
a95386b42f98dbeb25998cef,generalized_translation,unforced_slide,True,8,False,2,2,1.9644064919030304
a9bbc5ea8d55ddeb805ecb39,generalized_translation,multiple_forces,True,19,False,2,2,1.6152646256643006
a9d9e15a5dbcb7a1b46085a8,generalized_translation,unforced_slide,True,11,False,2,2,1.5770775881239878
a9db73a45fa6344a03efa7b5,generalized_translation,unforced_slide,True,7,False,2,2,0.5856021962521196
aa232f39f38e081128f7c802,generalized_translation,multiple_forces,True,7,False,2,2,0.07802600648727477
aa6250d7e10d82b89b8d260a,generalized_translation,unforced_slide,True,13,False,2,2,0.8760601404445849
aa641c306e764b967a4de7e9,generalized_translation,unforced_slide,True,8,False,2,2,0.8377317666704603
aa796ade466b48d23b25a13a,generalized_translation,unforced_slide,True,8,False,2,2,0.9412966571192524
aa9a88d1ea53239049fda3dd,generalized_translation,bounce,True,8,False,3,3,0.5859096063929572
aa9a88d1ea53239049fda3dd,setup_translation,bounce,True,12,False,1,1,1.8517080770596122
ab0b2d7c3ef194fe040a1063,generalized_translation,bounce,True,8,False,3,3,1.0036299930841113
ab0b2d7c3ef194fe040a1063,setup_translation,bounce,True,13,False,1,1,1.8824652999449778
ab0f35dc74f7008e3d32e4bf,generalized_translation,bounce,True,9,False,3,3,0.34633528018024795
ab0f35dc74f7008e3d32e4bf,setup_translation,bounce,True,3,False,1,1,0.9096466835878094
ab1e4183b716f82c369d7d49,generalized_translation,multiple_forces,True,6,False,2,2,1.9238132844907392
ab7b81d6d58bb7bae0837de8,generalized_translation,multiple_forces,True,16,False,2,2,2.162175890963423
ab7d8b149f3f3f8362ad1d68,generalized_translation,bounce,True,7,False,3,3,0.6774639626654699
ab7d8b149f3f3f8362ad1d68,setup_translation,bounce,True,4,False,1,1,1.7460895320193905
aba2c83fcc43c83fd36c740b,generalized_translation,unforced_slide,True,10,False,2,2,0.20629498061775114
acd0686f82276d69d6da6ce5,generalized_translation,unforced_slide,True,12,False,2,2,1.008230265197435
ad4fb5cd527eec7273ee94bf,generalized_translation,bounce,True,8,False,3,3,0.9518952468915888
ad4fb5cd527eec7273ee94bf,setup_translation,bounce,True,7,False,1,1,1.0930670353215357
ad5e4334c2ab314ec11a7e90,generalized_translation,bounce,True,7,False,3,3,1.0292509554359508
ad5e4334c2ab314ec11a7e90,setup_translation,bounce,True,9,False,1,1,1.6140617364334529
adc0fad31ce125fecab8d113,generalized_translation,bounce,True,8,False,3,3,0.9556182830927233
adc0fad31ce125fecab8d113,setup_translation,bounce,True,6,False,1,1,1.709867377726193
aded3f364758358ec36294d1,generalized_translation,multiple_forces,True,14,False,2,2,1.0691107329022016
ae3779fc2bdcded768f8a472,generalized_translation,bounce,True,11,False,3,3,1.6772473392427019
ae3779fc2bdcded768f8a472,setup_translation,bounce,True,3,False,1,1,4.521192142587616
ae4ce9be63db33067414cf31,generalized_translation,bounce,True,6,False,3,3,0.22116003708018334
ae4ce9be63db33067414cf31,setup_translation,bounce,True,4,False,1,1,0.25237479844536165
ae5402c9cbaa6a1737f98465,generalized_translation,unforced_slide,True,11,False,2,2,0.33707824655300456
aeaa3fc7a5efd424c1ffbf6a,generalized_translation,multiple_forces,True,8,False,2,2,0.9173221681437527
af6d2ac93dbc1b390275b203,generalized_translation,bounce,True,11,False,3,3,1.4293447012997964
af6d2ac93dbc1b390275b203,setup_translation,bounce,True,8,False,1,1,1.6834128217816882
af983df20a06d0ff475fcff1,generalized_translation,multiple_forces,True,8,False,2,2,0.544763637965741
afa7a500698706b5547961d4,generalized_translation,unforced_slide,True,12,False,2,2,0.9969877330205204
afb1b68a6ca2fa813a9a662a,generalized_translation,bounce,True,7,False,3,3,1.5256311330084051
afb1b68a6ca2fa813a9a662a,setup_translation,bounce,True,5,False,1,1,1.8492995535813759
b00851ca7b5be12509a3cdea,generalized_translation,bounce,True,8,False,3,3,0.04278581323985478
b00851ca7b5be12509a3cdea,setup_translation,bounce,True,6,False,1,1,0.494838282825476
b03c6bd5cf0f599dd08b4ef2,generalized_translation,multiple_forces,True,25,False,2,2,2.031554310218012
b0962d54572e7a9d894fc741,generalized_translation,unforced_slide,True,12,False,2,2,2.4874100287163734
b0b8345cf8b66ee810e6b230,generalized_translation,bounce,True,7,False,3,3,1.1339485717837763
b0b8345cf8b66ee810e6b230,setup_translation,bounce,True,4,False,1,1,4.007812939297127
b0f60536d34e7a5b6cf27cee,generalized_translation,multiple_forces,True,19,False,2,2,2.752872061765198
b10930ec83bf4638229f004d,generalized_translation,multiple_forces,True,16,False,2,2,1.2264145339766828
b1c9d05a6ff3ee329ba2ff7d,generalized_translation,multiple_forces,True,8,False,2,2,1.5298651661492024
b1da90f7536415b351a24c14,generalized_translation,multiple_forces,True,15,False,2,2,2.2650492364989607
b1f07c1832b8b91496372622,generalized_translation,multiple_forces,True,10,False,2,2,1.2920572686268013
b1f7795fa4856969d1454a72,generalized_translation,bounce,True,9,False,3,3,0.3031510564522482
b1f7795fa4856969d1454a72,setup_translation,bounce,True,4,False,1,1,0.4083756759794534
b20204edee66c383d3500993,generalized_translation,bounce,True,6,False,3,3,1.1274748189639954
b20204edee66c383d3500993,setup_translation,bounce,True,8,False,1,1,1.3145654249540917
b216ae2ba451c63097b8a98c,generalized_translation,multiple_forces,True,17,False,2,2,0.9454140553540573
b23a107ce96f608560cfc933,generalized_translation,unforced_slide,True,7,False,2,2,1.8850270758283076
b25f9315251a8bf0939e631a,generalized_translation,multiple_forces,True,14,False,2,2,1.0127894691690817
b2868d0ca38c860c7bf92a08,generalized_translation,multiple_forces,True,28,False,2,2,2.6074663606285693
b396bcb55028403a9456d642,generalized_translation,unforced_slide,True,15,False,2,2,1.3132400738626981
b41c612d9ea0dc0364f4535f,generalized_translation,bounce,True,8,False,3,3,0.43645574509140395
b41c612d9ea0dc0364f4535f,setup_translation,bounce,True,12,False,1,1,1.794888990478284
b4517c275b5e6ed0dac537c5,generalized_translation,bounce,True,8,False,3,3,54.76766894403116
b4517c275b5e6ed0dac537c5,setup_translation,bounce,True,13,False,1,1,1.0082624949173338
b4755db8c62a226d8d6e4e99,generalized_translation,bounce,True,5,False,3,3,0.14515520555762526
b4755db8c62a226d8d6e4e99,setup_translation,bounce,True,4,False,1,1,0.7224263748444666
b480c7948fe75b4128bd7cde,generalized_translation,bounce,True,5,False,3,3,116.58544601550389
b480c7948fe75b4128bd7cde,setup_translation,bounce,True,9,False,1,1,0.30262532525300706
b4a914c7ab92c9457e9763d2,generalized_translation,bounce,True,7,False,3,3,1.1339485717837763
b4a914c7ab92c9457e9763d2,setup_translation,bounce,True,4,False,1,1,4.007812939297127
b4eb5c2ac4f45677b20039d3,generalized_translation,bounce,True,11,False,3,3,2.560830559659795
b4eb5c2ac4f45677b20039d3,setup_translation,bounce,True,9,False,1,1,3.3742394949102454
b4fe6be8f53944d81cbd8652,generalized_translation,unforced_slide,True,9,False,2,2,1.1078251283851448
b53e67441714667f20b6a615,generalized_translation,unforced_slide,True,9,False,2,2,1.0887518764812962
b58e3e33a9ffc40ca00a106f,generalized_translation,multiple_forces,True,7,False,2,2,1.070995826336062
b5e4a69da274296fb62bc0ae,generalized_translation,unforced_slide,True,9,False,2,2,1.114567118778472
b60eeb3ea82c7cf0fff6ce57,generalized_translation,unforced_slide,True,11,False,2,2,1.6907541542693085
b71aff12df34310094b02fd4,generalized_translation,unforced_slide,True,6,False,2,2,0.1688142509852162
b76ea04f4b3cd96e8bb72abc,generalized_translation,bounce,True,7,False,3,3,0.6087065786026478
b76ea04f4b3cd96e8bb72abc,setup_translation,bounce,True,5,False,1,1,1.4160150861959913
b79d4ae8f4cd41c1c7b8f28e,generalized_translation,bounce,True,10,False,3,3,0.9811087851536193
b79d4ae8f4cd41c1c7b8f28e,setup_translation,bounce,True,11,False,1,1,1.4244659759125804
b7e8ea68273ed15616c917d2,generalized_translation,multiple_forces,True,18,False,2,2,1.3828918562704235
b824876f2af95f6ce03f6ce5,generalized_translation,bounce,True,7,False,3,3,0.5123648828358925
b824876f2af95f6ce03f6ce5,setup_translation,bounce,True,12,False,1,1,0.573740896891053
b852e90ec746beb7c2340b00,generalized_translation,multiple_forces,True,11,False,2,2,0.9145412131296093
b87542d4b5569e53b6a6bda7,generalized_translation,bounce,True,6,False,3,3,0.38229359489900655
b87542d4b5569e53b6a6bda7,setup_translation,bounce,True,7,False,1,1,0.6860529484577053
b89b25576c2a73cafbf8ad7e,generalized_translation,unforced_slide,True,8,False,2,2,0.4538795233509335
b89c03667468bc0480129df1,generalized_translation,bounce,True,7,False,3,3,2.0658708193301103
b89c03667468bc0480129df1,setup_translation,bounce,True,9,False,1,1,2.250255724070599
b8e12e23db0e9ada4bcf9037,generalized_translation,unforced_slide,True,11,False,2,2,1.0423595704451505
b8e306de9a0b020e8e68458a,generalized_translation,bounce,True,11,False,3,3,1.6840352710325928
b8e306de9a0b020e8e68458a,setup_translation,bounce,True,8,False,1,1,3.163916137110027
b9807d874bad1d086452e06e,generalized_translation,multiple_forces,True,17,False,2,2,1.1077146146559431
b998f2a0352f302ab3d84324,generalized_translation,bounce,True,10,False,3,3,0.34614267951403577
b998f2a0352f302ab3d84324,setup_translation,bounce,True,3,False,1,1,0.7024745422470045
b99f4995505d14b4817c5847,generalized_translation,multiple_forces,True,12,False,2,2,1.6285363523708964
b9b9d8609be159915fa20280,generalized_translation,multiple_forces,True,8,False,2,2,0.9533417738956921
b9ce0191a4e05a8d123b9806,generalized_translation,unforced_slide,True,9,False,2,2,1.6673554703250173
ba2044481a7cf377089ef141,generalized_translation,bounce,True,5,False,3,3,0.49080472213835435
ba2044481a7cf377089ef141,setup_translation,bounce,True,4,False,1,1,0.6804406439705655
ba25b559d77b80ece09f6d72,generalized_translation,multiple_forces,True,9,False,2,2,0.7055147612290378
ba5b89a8f4974c3d5b8c1ebc,generalized_translation,unforced_slide,True,6,False,2,2,0.6193572943096114
ba68c4c7c389a330256836ac,generalized_translation,multiple_forces,True,8,False,2,2,0.29896684516683525
ba945c381016b79494b0edc0,generalized_translation,bounce,True,7,False,3,3,1.4445607221515695
ba945c381016b79494b0edc0,setup_translation,bounce,True,9,False,1,1,1.5441460405770906
bacfff0da71a31ef3130a84c,generalized_translation,bounce,True,8,False,3,3,0.8266044534465162
bacfff0da71a31ef3130a84c,setup_translation,bounce,True,5,False,1,1,1.7023925770074775
bae018e68a0dfd11d3b6f219,generalized_translation,multiple_forces,True,14,False,2,2,0.8350496951024564
baf5ade9a59daf6190ce673f,generalized_translation,bounce,True,11,False,3,3,0.4414408753738351
baf5ade9a59daf6190ce673f,setup_translation,bounce,True,7,False,1,1,0.452877088435736
bb0ddf441f12092cf54bc285,generalized_translation,multiple_forces,True,9,False,2,2,1.2037504593412414
bb24eeb3610ba1d1ef714f1c,generalized_translation,bounce,True,5,False,3,3,0.5371001120260097
bb24eeb3610ba1d1ef714f1c,setup_translation,bounce,True,8,False,1,1,0.9811309687163742
bb27221772a9bbec3b3a06ae,generalized_translation,unforced_slide,True,11,False,2,2,2.3328193344619086
bc05a56a64ab5851907db1fe,generalized_translation,multiple_forces,True,6,False,2,2,0.4069488835228414
bc1c605bef8273e4186defbb,generalized_translation,unforced_slide,True,8,False,2,2,0.9896374631659652
bc2a6ad6342d24f565c51638,generalized_translation,unforced_slide,True,12,False,2,2,1.008230265197435
bc861f5fdd109bd4e7aa9ec3,generalized_translation,bounce,True,8,False,3,3,103.2737588211689
bc861f5fdd109bd4e7aa9ec3,setup_translation,bounce,True,5,False,1,1,1.333204269632372
bcbbe6b496a9102de63c65c7,generalized_translation,bounce,True,5,False,3,3,6.5626675343187175
bcbbe6b496a9102de63c65c7,setup_translation,bounce,True,5,False,1,1,0.40442867429958895
bcbcb51d3227697db272e7cd,generalized_translation,unforced_slide,True,7,False,2,2,0.18528459983892434
bd09e0fade0ff678f433287c,generalized_translation,multiple_forces,True,16,False,2,2,2.097036248378855
bd3dec1f6ef3a3cd067c6621,generalized_translation,multiple_forces,True,13,False,2,2,0.4608462845466391
bd9bc33371b2a5d68532d515,generalized_translation,bounce,True,8,False,3,3,2.510255068003935
bd9bc33371b2a5d68532d515,setup_translation,bounce,True,9,False,1,1,2.787934875920753
bdb060b4f2b51c3ce9c2e7ba,generalized_translation,bounce,True,12,False,3,3,2.7955010760837093
bdb060b4f2b51c3ce9c2e7ba,setup_translation,bounce,True,3,False,1,1,3.61031076993286
bdda3a5fb602ccb987233cc6,generalized_translation,bounce,True,5,False,3,3,0.08130324820721647
bdda3a5fb602ccb987233cc6,setup_translation,bounce,True,6,False,1,1,0.35172966413287204
be217c068c81fc7ddeaf7dc6,generalized_translation,bounce,True,6,False,3,3,0.45549298191732773
be217c068c81fc7ddeaf7dc6,setup_translation,bounce,True,6,False,1,1,1.4774146273371622
be790ba239927942d467fba6,generalized_translation,unforced_slide,True,5,False,2,2,0.4556058951930634
be9c7c3ed10ee06b2e0aa3a2,generalized_translation,unforced_slide,True,7,False,2,2,1.029550427759153
bea3aad8dc65327a2b7946af,generalized_translation,multiple_forces,True,10,False,2,2,1.0828729878286578
bef4a4d995d87b9ba8af25d7,generalized_translation,multiple_forces,True,10,False,2,2,1.0402735540051165
bf08cbc4ad00bbfb059e6b45,generalized_translation,bounce,True,5,False,3,3,0.39032975042770124
bf08cbc4ad00bbfb059e6b45,setup_translation,bounce,True,4,False,1,1,0.5940786559750606
bf4a89d30f37abf90994e676,generalized_translation,multiple_forces,True,8,False,2,2,0.7188754354932659
bf89cc9c5c0d76fc9e534b2f,generalized_translation,unforced_slide,True,13,False,2,2,0.19766300233076406
bfaccc5add472ecb5046e78d,generalized_translation,unforced_slide,True,7,False,2,2,1.2362653204316514
c009c0244841e370c0fdfc83,generalized_translation,unforced_slide,True,5,False,2,2,0.5923960339232927
c067b94b796ec172f6aaad3c,generalized_translation,bounce,True,9,False,3,3,0.3989704186888204
c067b94b796ec172f6aaad3c,setup_translation,bounce,True,7,False,1,1,1.0012585224644028
c0840ddacba5ddfe90349937,generalized_translation,bounce,True,8,False,3,3,0.5412302685311893
c0840ddacba5ddfe90349937,setup_translation,bounce,True,6,False,1,1,0.7674112679057584
c084178010b8d0ccc4a5fc11,generalized_translation,unforced_slide,True,13,False,2,2,0.30678831207258095
c08955aca663113d91bd6bc1,generalized_translation,bounce,True,12,False,3,3,2.7955010760837093
c08955aca663113d91bd6bc1,setup_translation,bounce,True,3,False,1,1,3.61031076993286
c0aebe103383b4690cd681f3,generalized_translation,bounce,True,6,False,3,3,0.595720774756397
c0aebe103383b4690cd681f3,setup_translation,bounce,True,3,False,1,1,0.7731705730016653
c0b7c7e4c228cad8c179f0c3,generalized_translation,unforced_slide,True,4,False,2,2,0.3643744453151281
c1091847e78144dfd17c733c,generalized_translation,multiple_forces,True,11,False,2,2,1.3164234770255412
c1291a2b983c25798e39a658,generalized_translation,multiple_forces,True,8,False,2,2,1.6934760293828437
c12b98bcf2b04c374aab60b6,generalized_translation,bounce,True,8,False,3,3,0.04278581323985478
c12b98bcf2b04c374aab60b6,setup_translation,bounce,True,6,False,1,1,0.494838282825476
c1683974f341f76f4e9d9211,generalized_translation,unforced_slide,True,8,False,2,2,1.4193475274306153
c16da20a679138a0adb0b5c7,generalized_translation,multiple_forces,True,16,False,2,2,1.7106638244646932
c1c2cb21ce3d1e7735b352f9,generalized_translation,bounce,True,6,False,3,3,1.7083350258882695
c1c2cb21ce3d1e7735b352f9,setup_translation,bounce,True,7,False,1,1,1.882647076870231
c1d7fc5b47ef4a7f8cc14232,generalized_translation,multiple_forces,True,9,False,2,2,0.9759515263943627
c1ebb1166720236a6d7983d6,generalized_translation,unforced_slide,True,7,False,2,2,0.5856021962521196
c2016d8e7fc275e8e1572785,generalized_translation,multiple_forces,True,10,False,2,2,1.5762791268484937
c2519ebe9e8c5d79109976ae,generalized_translation,unforced_slide,True,9,False,2,2,2.7402924492953944
c260dcb9eb3a7c1b528fcd5b,generalized_translation,bounce,True,6,False,3,3,0.18831357349652317
c260dcb9eb3a7c1b528fcd5b,setup_translation,bounce,True,5,False,1,1,0.7827552815051423
c28cafde986b03eda456507e,generalized_translation,multiple_forces,True,15,False,2,2,0.6931126931859383
c2cde6f1bc7924469e7e40bc,generalized_translation,bounce,True,5,False,3,3,0.10735928816382642
c2cde6f1bc7924469e7e40bc,setup_translation,bounce,True,5,False,1,1,0.15038010552652545
c2d464bee53a131ee08e5ee0,generalized_translation,unforced_slide,True,9,False,2,2,0.40700138373980843
c2ebcd5ab4bdd2d8d5292dfb,generalized_translation,unforced_slide,True,14,False,2,2,1.0752348129994826
c3646d45d8f35114ab696129,generalized_translation,multiple_forces,True,11,False,2,2,0.5858775584502309
c3ce9b038029e0b9df052397,generalized_translation,multiple_forces,True,9,False,2,2,0.6687732425966282
c45ecd2f1c75c4d7a208ebea,generalized_translation,multiple_forces,True,6,False,2,2,1.400124613861736
c4e233189babc308dc653761,generalized_translation,unforced_slide,True,9,False,2,2,1.3721217964822312
c53581ac11c35dd2a3e3e85f,generalized_translation,unforced_slide,True,8,False,2,2,1.4265419964803667
c536fb9f335ac93ecf7c00a1,generalized_translation,unforced_slide,True,6,False,2,2,0.8176109639659372
c57d7af2953a908950091e33,generalized_translation,multiple_forces,True,7,False,2,2,0.5959599638909353
c5c514345640531bd155ce95,generalized_translation,bounce,True,10,False,3,3,22.861489905776317
c5c514345640531bd155ce95,setup_translation,bounce,True,7,False,1,1,0.29661869357153514
c5d09d0fd91909a7ae608144,generalized_translation,multiple_forces,True,8,False,2,2,0.9272515638121426
c611c0c199bf9391eb1a48bd,generalized_translation,multiple_forces,True,9,False,2,2,1.1756929403049188
c63107a8ad42c8bf0b2c3641,generalized_translation,bounce,True,7,False,3,3,0.294058979530974
c63107a8ad42c8bf0b2c3641,setup_translation,bounce,True,12,False,1,1,0.5634663918149865
c6c0945e2a85387572094e2c,generalized_translation,bounce,True,8,False,3,3,0.5710635329130493
c6c0945e2a85387572094e2c,setup_translation,bounce,True,15,False,1,1,0.8047405534704605
c725ad7ebc28ee0f78bd68c8,generalized_translation,bounce,True,10,False,3,3,22.861489905776317
c725ad7ebc28ee0f78bd68c8,setup_translation,bounce,True,7,False,1,1,0.29661869357153514
c762dc40d000383d6dfdad37,generalized_translation,bounce,True,7,False,3,3,0.6682960114893991
c762dc40d000383d6dfdad37,setup_translation,bounce,True,9,False,1,1,1.4871324381430955
c795d2d882b075ecea4471b7,generalized_translation,bounce,True,11,False,3,3,1.0517222290166282
c795d2d882b075ecea4471b7,setup_translation,bounce,True,9,False,1,1,1.1598666581163044
c7fafbf62220e050edf659ff,generalized_translation,unforced_slide,True,12,False,2,2,0.4204135686397812
c85829347fc02ad202efb82d,generalized_translation,multiple_forces,True,18,False,2,2,1.4516009295130983
c8704e751781717d4236d1ce,generalized_translation,multiple_forces,True,16,False,2,2,1.3485175616718483
c87cfbee7e1c5f08de9f6144,generalized_translation,multiple_forces,True,8,False,2,2,0.7196281804039669
c89374d7030846a373d2d25d,generalized_translation,bounce,True,7,False,3,3,1.6060767688404904
c89374d7030846a373d2d25d,setup_translation,bounce,True,8,False,1,1,2.2999162324635307
c8a66d14a362b7a28e16d3c4,generalized_translation,multiple_forces,True,8,False,2,2,1.008764716319629
c8ebd75c4952b5427996e81e,generalized_translation,bounce,True,6,False,3,3,0.10603454090940657
c8ebd75c4952b5427996e81e,setup_translation,bounce,True,6,False,1,1,0.4431276372981834
c9677a194326dd4d491c203d,generalized_translation,bounce,True,8,False,3,3,0.43645574509140395
c9677a194326dd4d491c203d,setup_translation,bounce,True,12,False,1,1,1.794888990478284
ca1740a6990ab4cd8b92c2be,generalized_translation,bounce,True,7,False,3,3,0.5975759790280794
ca1740a6990ab4cd8b92c2be,setup_translation,bounce,True,4,False,1,1,0.754972440969657
caa505443495820eeeb3c5ed,generalized_translation,bounce,True,5,False,3,3,0.31193337532245463
caa505443495820eeeb3c5ed,setup_translation,bounce,True,7,False,1,1,0.5801864953732917
caadf8a2b884981e197b2e72,generalized_translation,bounce,True,7,False,3,3,2.0560126183329523
caadf8a2b884981e197b2e72,setup_translation,bounce,True,5,False,1,1,2.2404973648197544
caaf144abd8986f9d9b9b29c,generalized_translation,unforced_slide,True,9,False,2,2,1.225638631263617
cafad41a7915c03a8bb04c71,generalized_translation,bounce,True,6,False,3,3,0.45100784078813244
cafad41a7915c03a8bb04c71,setup_translation,bounce,True,5,False,1,1,1.4729241397705786
cb0ed71b1ce3a9a264be2b0e,generalized_translation,bounce,True,12,False,3,3,1.6990606884095727
cb0ed71b1ce3a9a264be2b0e,setup_translation,bounce,True,13,False,1,1,1.7189624092337703
cb1dfe737d363b388d1e8cc1,generalized_translation,multiple_forces,True,10,False,2,2,0.8089004337225993
cb46b3e18bb59d167dd7c2ab,generalized_translation,bounce,True,9,False,3,3,0.5651400727464332
cb46b3e18bb59d167dd7c2ab,setup_translation,bounce,True,10,False,1,1,0.6250995192998626
cb6c3faa35214fb62cdcd921,generalized_translation,bounce,True,7,False,3,3,1.8234359167214023
cb6c3faa35214fb62cdcd921,setup_translation,bounce,True,13,False,1,1,2.5386827471647155
cbe42d558d076b554b1b3f7b,generalized_translation,multiple_forces,True,11,False,2,2,0.8487320997736489
cc45b605b80973a682c26ccc,generalized_translation,bounce,True,6,False,3,3,0.5709060922038239
cc45b605b80973a682c26ccc,setup_translation,bounce,True,5,False,1,1,1.694556263401205
cc914b42b2c92c76d0d4d26b,generalized_translation,unforced_slide,True,14,False,2,2,1.3138009868309308
cd0a72b206d7392886a705ef,generalized_translation,multiple_forces,True,9,False,2,2,0.27609489603800624
cd1086e0f1a8d9e8b795dc7b,generalized_translation,unforced_slide,True,8,False,2,2,0.9692811017725793
cd3cd29adc3ef16ccbc880a9,generalized_translation,bounce,True,6,False,3,3,0.9818264532613767
cd3cd29adc3ef16ccbc880a9,setup_translation,bounce,True,4,False,1,1,1.4415593086375333
cd56ba8e17dba08757a745be,generalized_translation,multiple_forces,True,33,False,2,2,2.723800771760221
cd7cbc53e06ab03b1dc7a789,generalized_translation,bounce,True,8,False,3,3,0.6297676449594982
cd7cbc53e06ab03b1dc7a789,setup_translation,bounce,True,10,False,1,1,0.991068778492023
cdcba011e8dcff05497c212c,generalized_translation,unforced_slide,True,8,False,2,2,1.7372648558833066
cdebda8b8b778bdbb4eded8e,generalized_translation,bounce,True,10,False,3,3,1.2323449769929455
cdebda8b8b778bdbb4eded8e,setup_translation,bounce,True,5,False,1,1,1.5452385449269117
ce25a7bd10f956307f7017d5,generalized_translation,unforced_slide,True,9,False,2,2,1.7746048761041513
ce29a032d3dccfba34f6ec83,generalized_translation,multiple_forces,True,23,False,2,2,1.6411041812724407
ce3393cb7d50864e61f39985,generalized_translation,multiple_forces,True,18,False,2,2,2.798459417735063
ce66f0edd6cf8e98eb78315d,generalized_translation,multiple_forces,True,7,False,2,2,0.3298830636181324
cf25ee01bd15d78bf49a65f5,generalized_translation,unforced_slide,True,4,False,2,2,0.7624409445153335
cf32bf4d4ff7beda34f63cd8,generalized_translation,multiple_forces,True,16,False,2,2,3.1970963427388472
cf364455bc4ad4c069c83d7c,generalized_translation,bounce,True,5,False,3,3,0.2425242006708683
cf364455bc4ad4c069c83d7c,setup_translation,bounce,True,4,False,1,1,1.2913000481569012
cf7205e2e693e5ca09af5d09,generalized_translation,multiple_forces,True,17,False,2,2,2.927909890251624
cfbcc5144d69a08bbb83d75c,generalized_translation,bounce,True,7,False,3,3,0.5935105818509929
cfbcc5144d69a08bbb83d75c,setup_translation,bounce,True,17,False,1,1,0.8093720142575318
cfe2e0261c5ab1daa287cef9,generalized_translation,bounce,True,7,False,3,3,0.7577263934995908
cfe2e0261c5ab1daa287cef9,setup_translation,bounce,True,13,False,1,1,1.8256320034108886
cfee31eafe910e3e74a86bbb,generalized_translation,unforced_slide,True,12,False,2,2,0.6913259235766671
d00afea9ae42a5e686faa5ab,generalized_translation,unforced_slide,True,8,False,2,2,0.9390586572577097
d02d9231add5990f223ff971,generalized_translation,multiple_forces,True,21,False,2,2,1.4803057357877287
d1101669f8de4a8dd4dedf5a,generalized_translation,bounce,True,9,False,3,3,0.5190004686376457
d1101669f8de4a8dd4dedf5a,setup_translation,bounce,True,4,False,1,1,1.679728742311255
d111a09b5dfb5514a000477c,generalized_translation,unforced_slide,True,7,False,2,2,0.515551265166381
d13c0016dca4070bd63daac8,generalized_translation,bounce,True,6,False,3,3,0.3835483384951339
d13c0016dca4070bd63daac8,setup_translation,bounce,True,6,False,1,1,0.5476132231271105
d1ec0df7e52a43c3da0a33f5,generalized_translation,unforced_slide,True,7,False,2,2,1.7070833451308673
d308816556a9ad1a310e1eaf,generalized_translation,unforced_slide,True,11,False,2,2,0.8570683747730591
d3aa0ff019bafd1442d048be,generalized_translation,multiple_forces,True,20,False,2,2,0.7550646388185076
d3c4f379df08ca396089a22a,generalized_translation,bounce,True,6,False,3,3,0.2595852340682162
d3c4f379df08ca396089a22a,setup_translation,bounce,True,12,False,1,1,0.6754340464587855
d402bb60c6689d02df6b8310,generalized_translation,multiple_forces,True,10,False,2,2,1.1862072438014377
d40829d58e4d67dd965c67cd,generalized_translation,multiple_forces,True,20,False,2,2,2.2940638289594877
d4f2544e9d6c18fd7760e9b2,generalized_translation,unforced_slide,True,7,False,2,2,0.515551265166381
d4ffff8219ce4835354fd1a9,generalized_translation,unforced_slide,True,8,False,2,2,0.4283111005929383
d50b723b8e45e74227005d9a,generalized_translation,unforced_slide,True,9,False,2,2,0.40951375973647397
d50ce95730dd5526eac5d064,generalized_translation,unforced_slide,True,7,False,2,2,1.0589068457418684
d520e44c2c4b3cf3703375cd,generalized_translation,bounce,True,6,False,3,3,0.44159627243423233
d520e44c2c4b3cf3703375cd,setup_translation,bounce,True,3,False,1,1,0.49597321062937627
d52db441ae89291ab63d2379,generalized_translation,bounce,True,10,False,3,3,1.054266054124204
d52db441ae89291ab63d2379,setup_translation,bounce,True,8,False,1,1,1.5846479067640864
d587cf8b28cf84e2ef009d9a,generalized_translation,unforced_slide,True,13,False,2,2,1.4617110183982218
d5b90150e4d7a5f8893b95d6,generalized_translation,multiple_forces,True,9,False,2,2,0.8806620115789608
d6e3ab70e34a99dd0dc3e7b7,generalized_translation,multiple_forces,True,20,False,2,2,0.762745723264168
d7587f8c23a7c17508951ee3,generalized_translation,bounce,True,11,False,3,3,0.5819490633493073
d7587f8c23a7c17508951ee3,setup_translation,bounce,True,5,False,1,1,1.2463741691785502
d7652e4bbca1bdaabddf7f6f,generalized_translation,multiple_forces,True,8,False,2,2,0.8162753411153112
d766db5da62b0a68a46634e0,generalized_translation,multiple_forces,True,13,False,2,2,2.157343169532643
d7e0047f5a55faea5305a7ad,generalized_translation,multiple_forces,True,9,False,2,2,0.4808604768340808
d85641f543d087941efce239,generalized_translation,bounce,True,10,False,3,3,0.757606793387099
d85641f543d087941efce239,setup_translation,bounce,True,11,False,1,1,0.8489697302609953
d8715eaee394b26c5f585dcc,generalized_translation,multiple_forces,True,14,False,2,2,0.23486877629448297
d906689480743e734a4e73c9,generalized_translation,unforced_slide,True,8,False,2,2,0.874836048594204
d90679cf25e85045d7d9fef0,generalized_translation,multiple_forces,True,15,False,2,2,1.9395929520695958
d91b2dd0b1c2471f56078e17,generalized_translation,unforced_slide,True,11,False,2,2,1.46156328213124
d98e932c813332928a965693,generalized_translation,multiple_forces,True,16,False,2,2,1.358055735770466
d9a5ad074dd83462d9759c8d,generalized_translation,multiple_forces,True,19,False,2,2,1.3866614282728338
d9d0e8f3ac64b14a5526b37f,generalized_translation,bounce,True,5,False,3,3,0.2427018219833668
d9d0e8f3ac64b14a5526b37f,setup_translation,bounce,True,3,False,1,1,0.27490830335245814
da2440bec00db76f2773457c,generalized_translation,bounce,True,9,False,3,3,0.5160034477164157
da2440bec00db76f2773457c,setup_translation,bounce,True,3,False,1,1,0.9600696324592635
da49e1535d6e6c1c4c3adc61,generalized_translation,multiple_forces,True,13,False,2,2,2.3865364490108667
dac0c44b061a4b697663e8f1,generalized_translation,multiple_forces,True,16,False,2,2,3.3266745234100936
db3bc09fed09af9e3aed4008,generalized_translation,unforced_slide,True,10,False,2,2,0.2859746048790585
dc226ed3624fa3a1f3536c6f,generalized_translation,bounce,True,11,False,3,3,2.785927515801721
dc226ed3624fa3a1f3536c6f,setup_translation,bounce,True,3,False,1,1,2.8319311582731523
dc342526729aaf69725572de,generalized_translation,unforced_slide,True,13,False,2,2,0.4411708814292528
dc3b9e5d3f049c397a0189a5,generalized_translation,unforced_slide,True,5,False,2,2,0.6992951956267266
dc3f96ec51a6c44323503880,generalized_translation,unforced_slide,True,7,False,2,2,0.20303178263497398
dc627688f47b1989b6fcba60,generalized_translation,multiple_forces,True,31,False,2,2,1.5916533591035726
dca03eede9c44cd9134d96d0,generalized_translation,unforced_slide,True,12,False,2,2,0.8481220419033406
dca4688fa33e6b38ad606eca,generalized_translation,unforced_slide,True,6,False,2,2,0.5057736277667619
dcab874a6507da6ebd5474e1,generalized_translation,bounce,True,7,False,3,3,1.351711645460894
dcab874a6507da6ebd5474e1,setup_translation,bounce,True,3,False,1,1,1.4585285087139856
dcf03d4864778ff23d9ec90c,generalized_translation,bounce,True,7,False,3,3,1.6060767688404904
dcf03d4864778ff23d9ec90c,setup_translation,bounce,True,8,False,1,1,2.2999162324635307
dd615429cda742af0adb8f28,generalized_translation,bounce,True,7,False,3,3,1.1900778300091979
dd615429cda742af0adb8f28,setup_translation,bounce,True,4,False,1,1,1.1298850863169858
dd64bcf2f0095d21b18c5c25,generalized_translation,unforced_slide,True,11,False,2,2,0.5005641482273472
dd8fe00b546521adcd1c5f26,generalized_translation,unforced_slide,True,6,False,2,2,0.5484942708734751
dd923a71955e415607c9d167,generalized_translation,bounce,True,11,False,3,3,3.147148517245655
dd923a71955e415607c9d167,setup_translation,bounce,True,10,False,1,1,3.159863799661582
dda2af2adde5181322f360ee,generalized_translation,multiple_forces,True,18,False,2,2,1.774790981527486
de01a1f0d8c63c0371290877,generalized_translation,multiple_forces,True,19,False,2,2,1.2490257296236331
de3d30995ab807075e5e5507,generalized_translation,multiple_forces,True,8,False,2,2,0.3656016987988391
de482f6ed3c4012d31d9b039,generalized_translation,bounce,True,6,False,3,3,2.4920947353332648
de482f6ed3c4012d31d9b039,setup_translation,bounce,True,8,False,1,1,3.6623550631787745
de57c6a4cb829b89c790c450,generalized_translation,unforced_slide,True,11,False,2,2,1.5582418173769663
dea08fc442f32b8e60bc24d0,generalized_translation,unforced_slide,True,9,False,2,2,2.0069911374579315
df752353dd186dda3ae2fbbb,generalized_translation,unforced_slide,True,7,False,2,2,0.8072155779011503
df776880431c6395ef5537fb,generalized_translation,multiple_forces,True,14,False,2,2,1.5492722588145054
dfe559483f26c60467c4193e,generalized_translation,multiple_forces,True,11,False,2,2,1.5534023965628632
e03ba19cdf7300a8a94cb5ec,generalized_translation,multiple_forces,True,16,False,2,2,2.3154540746620085
e06a17ac8316439e84cfd126,generalized_translation,unforced_slide,True,8,False,2,2,1.333350673856761
e079673f6a38335347a8838f,generalized_translation,unforced_slide,True,6,False,2,2,0.8176109639659372
e08267e4cc198c308e7e67c9,generalized_translation,bounce,True,6,False,3,3,0.7969700563224762
e08267e4cc198c308e7e67c9,setup_translation,bounce,True,11,False,1,1,1.0279978231956042
e098c13287bc0b173af44541,generalized_translation,bounce,True,7,False,3,3,2.42475128381515
e098c13287bc0b173af44541,setup_translation,bounce,True,9,False,1,1,2.6356995011470308
e0eb33da7585a3068ebd2471,generalized_translation,unforced_slide,True,7,False,2,2,0.4986783987549777
e0ec045afe6e9b8e2c25c1e7,generalized_translation,unforced_slide,True,13,False,2,2,0.6214017184747564
e173145b5014c52a99165b70,generalized_translation,unforced_slide,True,6,False,2,2,0.8613938040208517
e325488941378522d8283f54,generalized_translation,unforced_slide,True,8,False,2,2,1.7968468218113183
e33ec8c18b62a2be31084ed9,generalized_translation,unforced_slide,True,9,False,2,2,1.7746048761041513
e36a7516163838932c002c8d,generalized_translation,multiple_forces,True,16,False,2,2,1.4088057332449886
e38b436c6b1ce435f53b3a0b,generalized_translation,bounce,True,8,False,3,3,0.14204231025052308
e38b436c6b1ce435f53b3a0b,setup_translation,bounce,True,3,False,1,1,0.3254618278616227
e397f6a3e39ceda68e3e1297,generalized_translation,unforced_slide,True,6,False,2,2,1.0253605725723873
e3b36633fda2bfba71c08549,generalized_translation,unforced_slide,True,8,False,2,2,1.333350673856761
e3b9f3cb51adc8c3c9b5f9ec,generalized_translation,multiple_forces,True,14,False,2,2,2.1101520244368186
e3cef6f638ee7c299a903a46,generalized_translation,bounce,True,9,False,3,3,0.5120330819606429
e3cef6f638ee7c299a903a46,setup_translation,bounce,True,4,False,1,1,1.2820054106731107
e3ef0d6ea06d68fdc95b75ad,generalized_translation,multiple_forces,True,17,False,2,2,2.9469436609942576
e3f50a6349964d768b0e1412,generalized_translation,unforced_slide,True,5,False,2,2,1.3544840643467027
e4049e79127404dee8d8a154,generalized_translation,unforced_slide,True,13,False,2,2,0.8602354064376513
e45ef73fae89797ef1baeecb,generalized_translation,unforced_slide,True,15,False,2,2,1.712341237835793
e4d60818d1d1f6c10c9df0a9,generalized_translation,multiple_forces,True,22,False,2,2,1.4308048148578072
e53d093cf4c69dc274b83e61,generalized_translation,multiple_forces,True,7,False,2,2,1.3886163123922162
e56fd7367008e0ed50afad92,generalized_translation,unforced_slide,True,16,False,2,2,1.8042211679880198
e575793c6a584ef63adc209c,generalized_translation,bounce,True,7,False,3,3,0.25229210016125564
e575793c6a584ef63adc209c,setup_translation,bounce,True,3,False,1,1,0.2535991351901919
e5bc21904f15ce3574887d0c,generalized_translation,bounce,True,7,False,3,3,2.4984797947655544
e5bc21904f15ce3574887d0c,setup_translation,bounce,True,10,False,1,1,2.6844576905966413
e5cc39a324d6b1058fd8c4c8,generalized_translation,unforced_slide,True,6,False,2,2,2.0433476753208466
e5d7ba30aff6f5ced5a6fc73,generalized_translation,unforced_slide,True,7,False,2,2,1.1303519275320533
e61feff25f0e5e9d694a0324,generalized_translation,unforced_slide,True,11,False,2,2,2.9141398173306103
e68c735f55366413e1757e59,generalized_translation,multiple_forces,True,21,False,2,2,1.557204359749939
e6e2117e68395742a9758a6f,generalized_translation,bounce,True,5,False,3,3,0.056330875544392645
e6e2117e68395742a9758a6f,setup_translation,bounce,True,3,False,1,1,0.1674866320373043
e70a6a07b84d30575002dbf5,generalized_translation,multiple_forces,True,17,False,2,2,3.6458825428994404
e78f7879773c7c477ddd6d5c,generalized_translation,multiple_forces,True,16,False,2,2,1.4104501042400732
e7e8f72bae7580fdf8d626a0,generalized_translation,multiple_forces,True,9,False,2,2,1.1354731328502141
e7f07310a4faa47b2718e8c1,generalized_translation,bounce,True,8,False,3,3,103.40774910039806
e7f07310a4faa47b2718e8c1,setup_translation,bounce,True,13,False,1,1,1.5132511370335064
e7f10759db9497ac1bc0d616,generalized_translation,bounce,True,7,False,3,3,0.24480194551875298
e7f10759db9497ac1bc0d616,setup_translation,bounce,True,10,False,1,1,1.293582893539794
e7faec2afbceacc2b54d2edd,generalized_translation,bounce,True,7,False,3,3,0.2785542975985868
e7faec2afbceacc2b54d2edd,setup_translation,bounce,True,3,False,1,1,0.3325817442013461
e8a6fe1a658ffb6f8700d870,generalized_translation,bounce,True,11,False,3,3,0.600597774410716
e8a6fe1a658ffb6f8700d870,setup_translation,bounce,True,7,False,1,1,1.3706484099734038
e958178c67581b4936f40301,generalized_translation,multiple_forces,True,12,False,2,2,1.3583811350610175
e987178413642d3faf1792a8,generalized_translation,unforced_slide,True,9,False,2,2,1.0634052270935588
e990b0b46fa9232aad4ffdce,generalized_translation,unforced_slide,True,12,False,2,2,0.5938458582767898
e99eaade07e879c546c560e7,generalized_translation,unforced_slide,True,8,False,2,2,1.9240583428964582
e99eb72c0f9283a6ee83ebca,generalized_translation,bounce,True,6,False,3,3,0.5914046760444633
e99eb72c0f9283a6ee83ebca,setup_translation,bounce,True,9,False,1,1,1.0660891395275551
e9b125b657682b0abdbc0a4d,generalized_translation,multiple_forces,True,17,False,2,2,1.009854447218362
ea0cf410ad3ff39d1ed33700,generalized_translation,unforced_slide,True,9,False,2,2,1.3510350105703801
ea4c98717eb7396d2a8ba75b,generalized_translation,unforced_slide,True,10,False,2,2,2.1813292972443894
ea9a23c0d5ee9967b007d3ab,generalized_translation,bounce,True,6,False,3,3,1.1274748189639954
ea9a23c0d5ee9967b007d3ab,setup_translation,bounce,True,8,False,1,1,1.3145654249540917
eae7f42801604276be356a6c,generalized_translation,bounce,True,7,False,3,3,0.4309559133270818
eae7f42801604276be356a6c,setup_translation,bounce,True,5,False,1,1,1.1456518162155522
eae8aac9700c81ce6ae85f87,generalized_translation,bounce,True,4,False,3,3,0.08362376541732039
eae8aac9700c81ce6ae85f87,setup_translation,bounce,True,7,False,1,1,0.43311741646450835
eb2db800a8864dcff33371ee,generalized_translation,multiple_forces,True,18,False,2,2,1.662102880494838
eb66999bc38cb53232a3c84c,generalized_translation,unforced_slide,True,10,False,2,2,1.8946467828278288
eba1642e460ed2f5bdf216a4,generalized_translation,unforced_slide,True,5,False,2,2,0.10636796558392862
ec2a9be82985c0bee7793d77,generalized_translation,bounce,True,10,False,3,3,1.6061846417314345
ec2a9be82985c0bee7793d77,setup_translation,bounce,True,8,False,1,1,2.3471934432127592
ed18d80925576c625afcfa19,generalized_translation,bounce,True,9,False,3,3,1.6671823211176582
ed18d80925576c625afcfa19,setup_translation,bounce,True,12,False,1,1,3.225631399781666
ed202a9abf0dadfde583f9d6,generalized_translation,unforced_slide,True,10,False,2,2,1.2962497914572493
ed2ca44014355bc833024373,generalized_translation,bounce,True,10,False,3,3,0.5910948187549935
ed2ca44014355bc833024373,setup_translation,bounce,True,6,False,1,1,0.9786144616632794
ed3bf6fabf2767c81dcb72bc,generalized_translation,multiple_forces,True,15,False,2,2,1.2758568744766066
ed9504006eb1fa4f7a7868cd,generalized_translation,unforced_slide,True,10,False,2,2,0.7127685898701772
ed99be09ca4f9f1257fa5a48,generalized_translation,multiple_forces,True,7,False,2,2,1.5946033382610905
edade2880e3bf533bd95dc67,generalized_translation,bounce,True,5,False,3,3,0.24360840910488726
edade2880e3bf533bd95dc67,setup_translation,bounce,True,4,False,1,1,0.4077332678646971
ee01981352031e4d45a6be3a,generalized_translation,multiple_forces,True,13,False,2,2,1.7516998277888198
ee0da28c5226adf9141405a2,generalized_translation,unforced_slide,True,10,False,2,2,0.20629498061775114
ee0f084611fb301ead5b3d17,generalized_translation,bounce,True,9,False,3,3,2.9619208916410424
ee0f084611fb301ead5b3d17,setup_translation,bounce,True,4,False,1,1,4.8100024576441305
ee3a934b79c31ea9d6bdb5da,generalized_translation,bounce,True,5,False,3,3,0.21025159976615365
ee3a934b79c31ea9d6bdb5da,setup_translation,bounce,True,5,False,1,1,2.2533607880232323
eed27596c7b18581c0da6691,generalized_translation,multiple_forces,True,9,False,2,2,0.3771624174336234
ef1bb355a4c5000407aab286,generalized_translation,multiple_forces,True,10,False,2,2,1.4901068592691824
ef2710dc603bb4d7b11a7528,generalized_translation,unforced_slide,True,7,False,2,2,1.1303519275320533
efa356293160a302137cffb9,generalized_translation,bounce,True,9,False,3,3,0.3989704186888204
efa356293160a302137cffb9,setup_translation,bounce,True,7,False,1,1,1.0012585224644028
efb50dc85e8e1f7a01e047e9,generalized_translation,multiple_forces,True,20,False,2,2,1.1840987971369
efdf5cbba71dc75e48a6a576,generalized_translation,unforced_slide,True,6,False,2,2,0.7952836394186957
efe34a24d65762769a7d2449,generalized_translation,unforced_slide,True,8,False,2,2,0.2914186689087609
efeeb8f324e1992e8b98599c,generalized_translation,unforced_slide,True,8,False,2,2,1.0127612816650968
f038c5bdbb70ee1ff97699a0,generalized_translation,unforced_slide,True,9,False,2,2,3.480253483546653
f0470dcb1f73ac80840e7221,generalized_translation,bounce,True,9,False,3,3,29.4662081219144
f0470dcb1f73ac80840e7221,setup_translation,bounce,True,15,False,1,1,1.3633615770907166
f08e22ffdb34874d7f451b21,generalized_translation,bounce,True,6,False,3,3,0.5454445222191951
f08e22ffdb34874d7f451b21,setup_translation,bounce,True,12,False,1,1,1.2097629720943865
f0ca0ed3ae0928ca4c54ea90,generalized_translation,bounce,True,7,False,3,3,0.49040294113450733
f0ca0ed3ae0928ca4c54ea90,setup_translation,bounce,True,4,False,1,1,0.6577411073406679
f1365046c73190d0cde8b4d4,generalized_translation,unforced_slide,True,9,False,2,2,0.4342928809424652
f13cee782090b9a1f16167a4,generalized_translation,unforced_slide,True,7,False,2,2,0.6147227702344462
f1f30603fda2c329cd2fc4fe,generalized_translation,multiple_forces,True,14,False,2,2,0.6637105288178579
f1fc054408683ebfdf004bde,generalized_translation,bounce,True,9,False,3,3,0.10414559185465498
f1fc054408683ebfdf004bde,setup_translation,bounce,True,10,False,1,1,0.6860871107591072
f2110788ab60a10c258fb58e,generalized_translation,multiple_forces,True,9,False,2,2,0.8023867101237278
f2e710cc9bf128cdc7cbf9ee,generalized_translation,multiple_forces,True,15,False,2,2,1.7906264298884764
f2fc6b5b3f21cd47cf3cbe60,generalized_translation,unforced_slide,True,12,False,2,2,1.5684981446337107
f350dc05007b569e04b5a774,generalized_translation,unforced_slide,True,4,False,2,2,0.7624409445153335
f3636d753b6e30577f485340,generalized_translation,unforced_slide,True,6,False,2,2,0.48120201238207794
f3931011df0434239ec80730,generalized_translation,unforced_slide,True,5,False,2,2,1.0359591189254207
f434f8383c9b2f86a7915ee8,generalized_translation,unforced_slide,True,8,False,2,2,2.060123340639553
f4501340cad9354879e032ea,generalized_translation,unforced_slide,True,11,False,2,2,0.1369929548851936
f49bac38ebd0306dafc2d94d,generalized_translation,bounce,True,6,False,3,3,9.10151839550328
f49bac38ebd0306dafc2d94d,setup_translation,bounce,True,3,False,1,1,0.1251655351670913
f4d6e4bb0d37194f3d5e4793,generalized_translation,bounce,True,7,False,3,3,0.3801344272670517
f4d6e4bb0d37194f3d5e4793,setup_translation,bounce,True,11,False,1,1,0.5295339880952815
f51352116622ec00de2cf3b0,generalized_translation,multiple_forces,True,20,False,2,2,0.9558735507645412
f521e4655feecb5502b32410,generalized_translation,bounce,True,8,False,3,3,0.5206336867210373
f521e4655feecb5502b32410,setup_translation,bounce,True,14,False,1,1,0.5644578233802297
f545b4f035d248ae48176e2c,generalized_translation,multiple_forces,True,18,False,2,2,2.559088933939601
f602a776f9faa1da2cde2dff,generalized_translation,multiple_forces,True,11,False,2,2,2.04302314930038
f60be39823e63267632cdd32,generalized_translation,unforced_slide,True,6,False,2,2,0.83165860719764
f66099fe2597f94de2383657,generalized_translation,unforced_slide,True,12,False,2,2,0.4204135686397812
f67f393b5e07fe12b24e7b61,generalized_translation,multiple_forces,True,19,False,2,2,0.9865670297755159
f6991aa858f9fc7b6dfa93ef,generalized_translation,unforced_slide,True,8,False,2,2,1.659669002540372
f6d03bd61a6002616d47b0d6,generalized_translation,multiple_forces,True,10,False,2,2,1.909237698749042
f72c1ad052b58f74cc252a8f,generalized_translation,multiple_forces,True,10,False,2,2,1.274088370669509
f7e3330a7dcaf6034f1a664a,generalized_translation,bounce,True,6,False,3,3,0.5454445222191951
f7e3330a7dcaf6034f1a664a,setup_translation,bounce,True,12,False,1,1,1.2097629720943865
f7fbfa9aca96ab2bd8723ff4,generalized_translation,multiple_forces,True,7,False,2,2,0.5712942481302894
f7fda180d28faff63cd68588,generalized_translation,unforced_slide,True,8,False,2,2,0.8452167319050881
f84dbfa974359dfe8e4feb0f,generalized_translation,bounce,True,9,False,3,3,0.1906919489000987
f84dbfa974359dfe8e4feb0f,setup_translation,bounce,True,3,False,1,1,0.2092405900051747
f867594b86279d57f79ef85f,generalized_translation,bounce,True,9,False,3,3,0.9806535546333078
f867594b86279d57f79ef85f,setup_translation,bounce,True,3,False,1,1,1.5107139584188956
f868a45a584958f6508e3538,generalized_translation,unforced_slide,True,8,False,2,2,1.0127612816650968
f889abe46adb9060b05234c3,generalized_translation,unforced_slide,True,6,False,2,2,0.48120201238207794
f89b773a63eaf3129785db17,generalized_translation,multiple_forces,True,11,False,2,2,1.275852166045207
f8c89126482b2a081530c9ac,generalized_translation,unforced_slide,True,10,False,2,2,1.8149911899137003
f92c7549e1e0ae9b8f345fc9,generalized_translation,multiple_forces,True,17,False,2,2,2.1929876068800502
f95e56a53d0222dc37713d23,generalized_translation,multiple_forces,True,9,False,2,2,2.572359739878449
f96c45a00680e247b04f24d9,generalized_translation,multiple_forces,True,12,False,2,2,0.8701816421101278
f96da2cda53ee39457a428af,generalized_translation,bounce,True,7,False,3,3,0.42023832901364316
f96da2cda53ee39457a428af,setup_translation,bounce,True,11,False,1,1,1.1625902622433375
f9c181a8fd0e1d28cd9155e3,generalized_translation,unforced_slide,True,6,False,2,2,1.2377169056750963
f9c31e098f7cea67692f2f96,generalized_translation,unforced_slide,True,9,False,2,2,0.3857047258154883
fa0861c27c31b0c074e42b2d,generalized_translation,unforced_slide,True,9,False,2,2,2.0248612709347147
fa1f355eb1d89d51b4403127,generalized_translation,unforced_slide,True,12,False,2,2,0.3526802268036787
fa3f16d3b1bceac42270665b,generalized_translation,unforced_slide,True,10,False,2,2,1.3393154653507686
fab05310df24753564c4044b,generalized_translation,bounce,True,8,False,3,3,2.510255068003935
fab05310df24753564c4044b,setup_translation,bounce,True,9,False,1,1,2.787934875920753
fad151a60ed396ad3112bbf0,generalized_translation,multiple_forces,True,8,False,2,2,1.5287765635776003
fad176be2e0454c3ff5f578d,generalized_translation,unforced_slide,True,7,False,2,2,1.5364269267396777
fad7600715ea12bbe0f81ff5,generalized_translation,multiple_forces,True,21,False,2,2,1.1197104585943516
fafa17c1c3d2262b1831918f,generalized_translation,bounce,True,9,False,3,3,0.5785254192895595
fafa17c1c3d2262b1831918f,setup_translation,bounce,True,6,False,1,1,0.9660434212013289
fb0a038d5e969f36e15d8fd8,generalized_translation,bounce,True,13,False,3,3,0.43893656273253484
fb0a038d5e969f36e15d8fd8,setup_translation,bounce,True,14,False,1,1,0.5003337988750599
fb218569c1a8e36bbdf00369,generalized_translation,bounce,True,6,False,3,3,0.1457070927776236
fb218569c1a8e36bbdf00369,setup_translation,bounce,True,3,False,1,1,0.32932911594502673
fb50ee5f753dfb2dc267ad3d,generalized_translation,unforced_slide,True,9,False,2,2,0.8244554600513535
fc24d098b09fd8a1d383617b,generalized_translation,bounce,True,5,False,3,3,0.1799287705653857
fc24d098b09fd8a1d383617b,setup_translation,bounce,True,4,False,1,1,1.3455471591579238
fc3bdbb0b923fcad54da369d,generalized_translation,bounce,True,8,False,3,3,3.127717259346871
fc3bdbb0b923fcad54da369d,setup_translation,bounce,True,9,False,1,1,6.0492283131397855
fc968b18d0cbf185022f6b4c,generalized_translation,unforced_slide,True,8,False,2,2,0.6136587639284034
fd38a590dafe2a6dc04f855b,generalized_translation,unforced_slide,True,5,False,2,2,0.17842026674559813
fd401e0c5935672e55504b01,generalized_translation,multiple_forces,True,19,False,2,2,1.5051737484102536
fd57c396a1437628f7035437,generalized_translation,bounce,True,6,False,3,3,0.2856078048066941
fd57c396a1437628f7035437,setup_translation,bounce,True,3,False,1,1,0.28692204285598916
fd8f1c3ad9e9e0ecb61446f8,generalized_translation,multiple_forces,True,11,False,2,2,2.67575985360254
fde11eca4b6e72a15255d6d8,generalized_translation,multiple_forces,True,10,False,2,2,1.8892877501242442
fe0cf5a5b17d67d80635159c,generalized_translation,multiple_forces,True,13,False,2,2,0.5961832429989541
fe6814bf2b9931061900d023,generalized_translation,bounce,True,7,False,3,3,0.36732620330473775
fe6814bf2b9931061900d023,setup_translation,bounce,True,11,False,1,1,0.5893005469895989
fe8b28a4867818bdc0e158ca,generalized_translation,unforced_slide,True,7,False,2,2,0.13276171235094025
feaab1b2049d11252cd2cdcd,generalized_translation,unforced_slide,True,6,False,2,2,0.27579846934319724
feea59561e379e3dcbbdc41c,generalized_translation,unforced_slide,True,13,False,2,2,2.353783845368955
ff101fe35add80cff14d48dd,generalized_translation,multiple_forces,True,10,False,2,2,1.6656165569611785
ff23765c503675fa1c1123fd,generalized_translation,bounce,True,13,False,3,3,0.8910189575517422
ff23765c503675fa1c1123fd,setup_translation,bounce,True,6,False,1,1,5.751731217219271
ff344e914f4317527a21069b,generalized_translation,bounce,True,8,False,3,3,0.5460975269538725
ff344e914f4317527a21069b,setup_translation,bounce,True,13,False,1,1,0.5899116573241647
