episode,regime,protocol,method,iterations,converged,inner_success,objective,calls,scale_hat,floor_hit,movement_prior_units
000f45b4c14a6555ad7ba519,generalized_translation,bounce,huber,3,True,True,0.3137483716052663,22,0.125,False,0.0002881353595909701
000f45b4c14a6555ad7ba519,generalized_translation,bounce,cauchy,4,True,True,0.3137362010113151,21,0.125,False,0.00028821653320793694
000f45b4c14a6555ad7ba519,generalized_translation,bounce,profile_map,29,True,True,-29.607918048982476,255,0.024198320875198683,False,0.0003349453946368436
000f45b4c14a6555ad7ba519,setup_translation,bounce,huber,3,True,True,0.560318992454364,22,0.125,False,0.00014531699587288697
000f45b4c14a6555ad7ba519,setup_translation,bounce,cauchy,4,True,True,0.5602068232436311,21,0.125,False,0.00014450005127493058
000f45b4c14a6555ad7ba519,setup_translation,bounce,profile_map,17,True,True,-25.72380499459461,135,0.039319095478374956,False,0.0001078211693718313
00d2380a34374b3422379c80,generalized_translation,multiple_forces,huber,4,True,True,2.0729454042307163,29,0.125,False,0.00013019270694940036
00d2380a34374b3422379c80,generalized_translation,multiple_forces,cauchy,5,True,True,2.0728374114267516,40,0.125,False,8.482243578706368e-05
00d2380a34374b3422379c80,generalized_translation,multiple_forces,profile_map,52,True,True,-25.363410488614953,450,0.033426479666463615,False,0.08344561903083358
0162ffbc7314fa26b0902775,generalized_translation,multiple_forces,huber,4,True,True,1.86687981900185,31,0.125,False,6.826944138879557e-08
0162ffbc7314fa26b0902775,generalized_translation,multiple_forces,cauchy,5,True,True,1.8644357768856272,42,0.125,False,0.00028567129286711726
0162ffbc7314fa26b0902775,generalized_translation,multiple_forces,profile_map,35,True,True,-19.915046460243584,255,0.08105634829740335,False,0.010470537586983276
0169455d0a4453d4b97b1d38,generalized_translation,multiple_forces,huber,4,True,True,1.3595136843766553,41,0.125,False,1.1422852612310413e-05
0169455d0a4453d4b97b1d38,generalized_translation,multiple_forces,cauchy,5,True,True,1.3594844201758094,34,0.125,False,1.5300901950105304e-05
0169455d0a4453d4b97b1d38,generalized_translation,multiple_forces,profile_map,47,True,True,-27.515802827056177,405,0.02769634669630603,False,0.03812577955970684
0200bfd1b5ecb7df7c060806,generalized_translation,unforced_slide,huber,3,True,True,0.9031255941301202,22,0.125,False,3.1137378439940486e-07
0200bfd1b5ecb7df7c060806,generalized_translation,unforced_slide,cauchy,4,True,True,0.9028552175924456,36,0.125,False,5.281427718929343e-06
0200bfd1b5ecb7df7c060806,generalized_translation,unforced_slide,profile_map,23,True,True,-23.67219048242642,196,0.05022436689735628,False,0.0015942451135792393
020c937c562911454bb27dfc,generalized_translation,unforced_slide,huber,5,True,True,1.649081145290119,23,0.125,False,0.000400128746445978
020c937c562911454bb27dfc,generalized_translation,unforced_slide,cauchy,5,True,True,1.6482159208474016,43,0.125,False,0.0003836850763273326
020c937c562911454bb27dfc,generalized_translation,unforced_slide,profile_map,31,True,True,-21.891036814650782,220,0.0589152428362597,False,0.0039428055828976145
02a20c3874ec9c65b25efcad,generalized_translation,multiple_forces,huber,3,True,True,1.3148077362710864,22,0.125,False,0.01334042720391448
02a20c3874ec9c65b25efcad,generalized_translation,multiple_forces,cauchy,4,True,True,1.3148070185793916,20,0.125,False,0.013340903591055754
02a20c3874ec9c65b25efcad,generalized_translation,multiple_forces,profile_map,43,True,True,-36.29983226094415,530,0.009089166389893636,False,0.007925598101491573
02f1cac934264cf55582acd2,generalized_translation,multiple_forces,huber,7,True,True,0.40146837689764897,44,0.125,False,1.5907071929966348e-08
02f1cac934264cf55582acd2,generalized_translation,multiple_forces,cauchy,5,True,True,0.4013896790628248,31,0.125,False,6.336211177678489e-06
02f1cac934264cf55582acd2,generalized_translation,multiple_forces,profile_map,42,True,True,-26.323451199339097,465,0.03699526133061429,False,0.009177412531051919
030d52257c4ea1e340c938cc,generalized_translation,bounce,huber,3,True,True,28.037965779761734,17,0.125,False,0.1186204549261961
030d52257c4ea1e340c938cc,generalized_translation,bounce,cauchy,7,True,True,27.203941620080588,39,0.125,False,0.11931729290268409
030d52257c4ea1e340c938cc,generalized_translation,bounce,profile_map,28,True,True,-27.65772588000364,280,0.02947983154688324,False,0.0017401643156190036
030d52257c4ea1e340c938cc,setup_translation,bounce,huber,3,True,True,0.8356050864087639,21,0.125,False,0.0007894326925575728
030d52257c4ea1e340c938cc,setup_translation,bounce,cauchy,4,True,True,0.835542834044096,15,0.125,False,0.0007888058459786311
030d52257c4ea1e340c938cc,setup_translation,bounce,profile_map,13,True,True,-26.45223464120047,144,0.03427276780835531,False,0.000992484358484969
032c8a9a77a20ebc81868a34,generalized_translation,unforced_slide,huber,3,True,True,1.0618779337887767,15,0.125,False,0.000380388747840078
032c8a9a77a20ebc81868a34,generalized_translation,unforced_slide,cauchy,4,True,True,1.0617703253712063,19,0.125,False,0.00038529618748504385
032c8a9a77a20ebc81868a34,generalized_translation,unforced_slide,profile_map,31,True,True,-25.834269190702685,256,0.03613454991929064,False,0.004277730382440616
03fad80b24c74c43aa179ec8,generalized_translation,multiple_forces,huber,4,True,True,0.8303388694377503,26,0.125,False,1.885046703522551e-09
03fad80b24c74c43aa179ec8,generalized_translation,multiple_forces,cauchy,5,True,True,0.8296312573752107,25,0.125,False,5.856356881719334e-05
03fad80b24c74c43aa179ec8,generalized_translation,multiple_forces,profile_map,36,True,True,-22.97366304400187,290,0.05651168565900527,False,0.0008856342540850075
04436c226ef7ca9fe28e7f74,generalized_translation,multiple_forces,huber,3,True,True,1.4352658844983937,33,0.125,False,0.40615380038371784
04436c226ef7ca9fe28e7f74,generalized_translation,multiple_forces,cauchy,4,True,True,1.4351817373904272,48,0.125,False,0.4060668634990321
04436c226ef7ca9fe28e7f74,generalized_translation,multiple_forces,profile_map,37,True,True,-28.244493783233644,380,0.024195420396736708,False,0.6812130391318333
0451b9060958afa436fc7839,generalized_translation,bounce,huber,3,True,True,0.8060769309796249,19,0.125,False,0.0020446632602423086
0451b9060958afa436fc7839,generalized_translation,bounce,cauchy,4,True,True,0.8058892392916098,26,0.125,False,0.0020454475707699458
0451b9060958afa436fc7839,generalized_translation,bounce,profile_map,20,True,True,-24.117268899066122,220,0.047711811529265846,False,0.0021401475982895275
0451b9060958afa436fc7839,setup_translation,bounce,huber,3,True,True,1.9929666595499913,20,0.125,False,5.863811766236857e-05
0451b9060958afa436fc7839,setup_translation,bounce,cauchy,5,True,True,1.9904851356173352,27,0.125,False,5.1271596847650524e-05
0451b9060958afa436fc7839,setup_translation,bounce,profile_map,16,True,True,-19.679666693820167,132,0.08304197913985235,False,2.0086538757310866e-05
048155a27ac0d7016e527361,generalized_translation,multiple_forces,huber,5,True,True,1.3111600326361366,34,0.125,False,0.524264991139369
048155a27ac0d7016e527361,generalized_translation,multiple_forces,cauchy,5,True,True,1.3110272030211312,37,0.125,False,0.524190149048738
048155a27ac0d7016e527361,generalized_translation,multiple_forces,profile_map,34,True,True,-25.262923433230874,315,0.0374502567797778,False,0.6193701884761517
0500d6c92019364fd4a1bae8,generalized_translation,multiple_forces,huber,3,True,True,0.9438891926811868,28,0.125,False,2.374245554675151e-05
0500d6c92019364fd4a1bae8,generalized_translation,multiple_forces,cauchy,4,True,True,0.9438492527554531,28,0.125,False,2.2216358695545002e-05
0500d6c92019364fd4a1bae8,generalized_translation,multiple_forces,profile_map,39,True,True,-29.872515388190195,345,0.02120058886969057,False,0.18363214785668483
052d9cf739af17b447bf29fa,generalized_translation,bounce,huber,2,True,True,0.5932946701562525,17,0.125,False,1.583621228443062e-10
052d9cf739af17b447bf29fa,generalized_translation,bounce,cauchy,4,True,True,0.5930005642165078,18,0.125,False,1.801107827369872e-06
052d9cf739af17b447bf29fa,generalized_translation,bounce,profile_map,21,True,True,-24.280875998913736,200,0.048056962780259865,False,2.0573790831236516e-06
052d9cf739af17b447bf29fa,setup_translation,bounce,huber,2,True,True,1.96173470939286,5,0.125,False,2.3943773564700663e-11
052d9cf739af17b447bf29fa,setup_translation,bounce,cauchy,4,True,True,1.9582424969605867,20,0.125,False,1.0653980858772602e-05
052d9cf739af17b447bf29fa,setup_translation,bounce,profile_map,7,True,True,-19.48759636717784,81,0.08749143972840036,False,1.1548901892678052e-06
05670b06ce9094a0fbda6367,generalized_translation,unforced_slide,huber,3,True,True,0.4518552300799047,20,0.125,False,2.7275381942867852e-09
05670b06ce9094a0fbda6367,generalized_translation,unforced_slide,cauchy,4,True,True,0.4516970701010064,19,0.125,False,2.392140121745815e-06
05670b06ce9094a0fbda6367,generalized_translation,unforced_slide,profile_map,18,True,True,-25.45455461803495,148,0.04144740188959694,False,0.00014349778287713424
059b899b8896d727311f752d,generalized_translation,unforced_slide,huber,3,True,True,0.5521973965085478,17,0.125,False,1.2985223231976875e-09
059b899b8896d727311f752d,generalized_translation,unforced_slide,cauchy,4,True,True,0.5519584728244988,21,0.125,False,1.980263095392786e-06
059b899b8896d727311f752d,generalized_translation,unforced_slide,profile_map,20,True,True,-25.036184444624567,168,0.04335161534886861,False,0.00015401786816785908
05b5df226ac996c259bcfa59,generalized_translation,bounce,huber,3,True,True,1.4445607221515424,18,0.125,False,8.44403271918134e-11
05b5df226ac996c259bcfa59,generalized_translation,bounce,cauchy,5,True,True,1.4443921437458331,26,0.125,False,4.7046236131342123e-07
05b5df226ac996c259bcfa59,generalized_translation,bounce,profile_map,29,True,True,-23.381705250770665,335,0.04839588351577232,False,9.326150214245415e-05
05b5df226ac996c259bcfa59,setup_translation,bounce,huber,3,True,True,1.5441460405770597,20,0.125,False,6.406367085715213e-12
05b5df226ac996c259bcfa59,setup_translation,bounce,cauchy,4,True,True,1.5439403492053905,21,0.125,False,1.0658620286883103e-06
05b5df226ac996c259bcfa59,setup_translation,bounce,profile_map,15,True,True,-22.77676280347075,147,0.05218413301688436,False,7.544763388618421e-05
05b9b5e6d0883db2c84b3560,generalized_translation,unforced_slide,huber,3,True,True,2.299161920715958,19,0.125,False,0.001564301020788665
05b9b5e6d0883db2c84b3560,generalized_translation,unforced_slide,cauchy,5,True,True,2.298868499130214,27,0.125,False,0.0015658530407332068
05b9b5e6d0883db2c84b3560,generalized_translation,unforced_slide,profile_map,32,True,True,-23.164555899721847,248,0.04412576999215973,False,0.0020775985786035036
05c4a4bf0aad5cc418f6b6bf,generalized_translation,unforced_slide,huber,3,True,True,0.7773790015923892,17,0.125,False,4.80835275857889e-08
05c4a4bf0aad5cc418f6b6bf,generalized_translation,unforced_slide,cauchy,4,True,True,0.7772424398506705,25,0.125,False,1.1579659016024355e-06
05c4a4bf0aad5cc418f6b6bf,generalized_translation,unforced_slide,profile_map,27,True,True,-24.913677077363417,252,0.04272421063986854,False,0.0004367716198181203
06acaaec409d041c4ecca6e5,generalized_translation,multiple_forces,huber,4,True,True,0.7145673083949476,23,0.125,False,2.420204150447966e-07
06acaaec409d041c4ecca6e5,generalized_translation,multiple_forces,cauchy,7,True,True,0.7141994746009706,32,0.125,False,4.1147744087838644e-05
06acaaec409d041c4ecca6e5,generalized_translation,multiple_forces,profile_map,36,True,True,-23.92746506064954,305,0.04971674063169818,False,0.012267311874871345
06ed19cae9b77eadb7048661,generalized_translation,bounce,huber,3,True,True,0.17205734128224598,12,0.125,False,0.0002738297365251781
06ed19cae9b77eadb7048661,generalized_translation,bounce,cauchy,4,True,True,0.17205042176182034,18,0.125,False,0.0002738247634450359
06ed19cae9b77eadb7048661,generalized_translation,bounce,profile_map,15,True,True,-0.7525006129029619,170,0.9084247996825702,False,0.20898584444568222
06ed19cae9b77eadb7048661,setup_translation,bounce,huber,3,True,True,0.17983103276792364,13,0.125,False,0.00023176026844312137
06ed19cae9b77eadb7048661,setup_translation,bounce,cauchy,4,True,True,0.1798203226361927,24,0.125,False,0.0002316840225828735
06ed19cae9b77eadb7048661,setup_translation,bounce,profile_map,13,True,True,-31.116651878999193,132,0.020263761895791325,False,0.0002064790418997922
0702bd8167b8f647ece9d030,generalized_translation,unforced_slide,huber,2,True,True,0.7001654903948115,19,0.125,False,1.7286170236313811e-09
0702bd8167b8f647ece9d030,generalized_translation,unforced_slide,cauchy,4,True,True,0.6998855863957947,12,0.125,False,6.243795738924008e-06
0702bd8167b8f647ece9d030,generalized_translation,unforced_slide,profile_map,13,True,True,-23.607158965496644,96,0.05229192517417314,False,1.287711301294733e-05
078f9aafa4f9e23e2492f753,generalized_translation,bounce,huber,3,True,True,0.5190004686376545,16,0.125,False,8.13629034993415e-11
078f9aafa4f9e23e2492f753,generalized_translation,bounce,cauchy,4,True,True,0.5188207502542486,17,0.125,False,1.5235188777053426e-06
078f9aafa4f9e23e2492f753,generalized_translation,bounce,profile_map,18,True,True,-24.93980175481027,225,0.044159439939542015,False,7.2133793256000175e-06
078f9aafa4f9e23e2492f753,setup_translation,bounce,huber,3,True,True,1.6797287423113019,12,0.125,False,7.457425459523046e-11
078f9aafa4f9e23e2492f753,setup_translation,bounce,cauchy,4,True,True,1.6780034611116932,21,0.125,False,4.1450344966138374e-07
078f9aafa4f9e23e2492f753,setup_translation,bounce,profile_map,6,True,True,-20.13378420883834,57,0.08052434647791164,False,4.5303456736856e-06
078fd6e9dcc84b3916469b73,generalized_translation,multiple_forces,huber,4,True,True,2.009680035638651,26,0.125,False,0.029132319449107495
078fd6e9dcc84b3916469b73,generalized_translation,multiple_forces,cauchy,4,True,True,2.0096309497393166,23,0.125,False,0.0291327830607078
078fd6e9dcc84b3916469b73,generalized_translation,multiple_forces,profile_map,42,True,True,-26.237485081457336,385,0.030075840059143353,False,0.02371559844694742
07c20714da30356a79eb4162,generalized_translation,bounce,huber,3,True,True,0.4415962724342278,13,0.125,False,1.7391688719467282e-11
07c20714da30356a79eb4162,generalized_translation,bounce,cauchy,4,True,True,0.441594279697386,21,0.125,False,3.3919635208694394e-08
07c20714da30356a79eb4162,generalized_translation,bounce,profile_map,34,True,True,-34.309429744224275,330,0.01305707165440104,False,4.959219248101982e-05
07c20714da30356a79eb4162,setup_translation,bounce,huber,3,True,True,0.4959732106293512,16,0.125,False,3.790996650795186e-10
07c20714da30356a79eb4162,setup_translation,bounce,cauchy,3,True,True,0.4959671804501853,9,0.125,False,6.878738428189656e-08
07c20714da30356a79eb4162,setup_translation,bounce,profile_map,15,True,True,-31.099332018767345,105,0.01950186511793573,False,4.30244012100384e-05
07d0329b191ba1743e6b851f,generalized_translation,unforced_slide,huber,2,True,True,0.2448737873206768,10,0.125,False,1.968021365296129e-09
07d0329b191ba1743e6b851f,generalized_translation,unforced_slide,cauchy,3,True,True,0.2448448868030615,15,0.125,False,6.178336228095185e-07
07d0329b191ba1743e6b851f,generalized_translation,unforced_slide,profile_map,18,True,True,-27.81926248317418,140,0.03088472945563314,False,4.7360183221033066e-05
0821a610908be53288040c4a,generalized_translation,unforced_slide,huber,3,True,True,1.655177133838454,13,0.125,False,0.0001318069854204074
0821a610908be53288040c4a,generalized_translation,unforced_slide,cauchy,5,True,True,1.6545411546220652,24,0.125,False,0.00013407358833347836
0821a610908be53288040c4a,generalized_translation,unforced_slide,profile_map,25,True,True,-21.857078773758182,208,0.059194537112524634,False,0.0002335658676569391
08332cf3ddf7e139c1450fda,generalized_translation,multiple_forces,huber,3,True,True,1.6697621375453517,28,0.125,False,0.0003966211074852003
08332cf3ddf7e139c1450fda,generalized_translation,multiple_forces,cauchy,6,True,True,1.6695562780664392,45,0.125,False,0.0004744481673298684
08332cf3ddf7e139c1450fda,generalized_translation,multiple_forces,profile_map,49,True,True,-23.596887959328743,440,0.045050459528900896,False,0.08996353665531912
085db578286e17344de3080c,generalized_translation,multiple_forces,huber,3,True,True,1.957286835118819,26,0.125,False,0.00026262603996005004
085db578286e17344de3080c,generalized_translation,multiple_forces,cauchy,6,True,True,1.957274447352037,39,0.125,False,0.00026432335065198776
085db578286e17344de3080c,generalized_translation,multiple_forces,profile_map,52,True,True,-28.326126388600017,480,0.02306927291328378,False,0.02208473922286126
086eaae9afc61237661afe3f,generalized_translation,unforced_slide,huber,3,True,True,2.04232879712447,16,0.125,False,0.010665867698830796
086eaae9afc61237661afe3f,generalized_translation,unforced_slide,cauchy,4,True,True,2.0417770024965303,17,0.125,False,0.010664020142695201
086eaae9afc61237661afe3f,generalized_translation,unforced_slide,profile_map,28,True,True,-21.228925074524007,216,0.061566836340531936,False,0.010371213014137962
089d44308b0b16f6c9642b6e,generalized_translation,bounce,huber,3,True,True,0.4430866895928517,13,0.125,False,0.001850583027043303
089d44308b0b16f6c9642b6e,generalized_translation,bounce,cauchy,4,True,True,0.44306160084813906,17,0.125,False,0.0018508577547136247
089d44308b0b16f6c9642b6e,generalized_translation,bounce,profile_map,32,True,True,-28.82305532179801,300,0.0263564502670129,False,0.0017656811907527051
089d44308b0b16f6c9642b6e,setup_translation,bounce,huber,3,True,True,0.621402490454082,13,0.125,False,0.00073693176273188
089d44308b0b16f6c9642b6e,setup_translation,bounce,cauchy,5,True,True,0.6213399571089797,39,0.125,False,0.0007370580099552238
089d44308b0b16f6c9642b6e,setup_translation,bounce,profile_map,10,True,True,-26.025938051110902,117,0.03739693214597054,False,0.0006880806923599658
08e08fb537915e5615f59ff8,generalized_translation,unforced_slide,huber,2,True,True,0.6022660498799872,13,0.125,False,1.9058274139914753e-09
08e08fb537915e5615f59ff8,generalized_translation,unforced_slide,cauchy,4,True,True,0.6020609054751561,21,0.125,False,2.879864872839605e-06
08e08fb537915e5615f59ff8,generalized_translation,unforced_slide,profile_map,17,True,True,-24.21119189834394,112,0.04848750906421274,False,3.1961704727542274e-05
08ee26d7fd3d9cc644e25c9c,generalized_translation,unforced_slide,huber,3,True,True,1.0618779337887767,15,0.125,False,0.000380388747840078
08ee26d7fd3d9cc644e25c9c,generalized_translation,unforced_slide,cauchy,4,True,True,1.0617703253712063,19,0.125,False,0.00038529618748504385
08ee26d7fd3d9cc644e25c9c,generalized_translation,unforced_slide,profile_map,31,True,True,-25.834269190702685,256,0.03613454991929064,False,0.004277730382440616
08fa0bd7709e3d02fcc9c671,generalized_translation,multiple_forces,huber,3,True,True,0.36743286106124495,20,0.125,False,1.4572250299457333e-06
08fa0bd7709e3d02fcc9c671,generalized_translation,multiple_forces,cauchy,5,True,True,0.36742729721554607,33,0.125,False,1.7586562799204986e-06
08fa0bd7709e3d02fcc9c671,generalized_translation,multiple_forces,profile_map,34,True,True,-32.115069321445574,335,0.017405470280810593,False,0.012209762790939051
08fd72196c805b534497921d,generalized_translation,multiple_forces,huber,4,True,True,0.4780024676547904,24,0.125,False,9.316809657097256e-06
08fd72196c805b534497921d,generalized_translation,multiple_forces,cauchy,4,True,True,0.4779790487288513,30,0.125,False,7.408784406628329e-06
08fd72196c805b534497921d,generalized_translation,multiple_forces,profile_map,40,True,True,-29.06784954732314,360,0.025355815760745415,False,0.043256386871291665
092b0c80797e8497d883aa03,generalized_translation,bounce,huber,3,True,True,0.16711104754253436,25,0.125,False,0.00012282112106494467
092b0c80797e8497d883aa03,generalized_translation,bounce,cauchy,3,True,True,0.16710474354794363,19,0.125,False,0.00012278354148633435
092b0c80797e8497d883aa03,generalized_translation,bounce,profile_map,24,True,True,-32.11781268839253,380,0.017856043409519348,False,9.830228144963046e-05
092b0c80797e8497d883aa03,setup_translation,bounce,huber,3,True,True,0.5829574229293051,14,0.125,False,0.0001409368061647261
092b0c80797e8497d883aa03,setup_translation,bounce,cauchy,5,True,True,0.5828021576695427,26,0.125,False,0.00014036118178668757
092b0c80797e8497d883aa03,setup_translation,bounce,profile_map,11,True,True,-24.888142776950488,117,0.04408194369621372,False,0.00012043438552567751
092b4b85d9ded34a19106a98,generalized_translation,bounce,huber,3,True,True,0.15404553721291342,19,0.125,False,4.5149973068635865e-11
092b4b85d9ded34a19106a98,generalized_translation,bounce,cauchy,4,True,True,0.15404039425656552,18,0.125,False,4.772563098756169e-09
092b4b85d9ded34a19106a98,generalized_translation,bounce,profile_map,25,True,True,-31.144550472102157,335,0.020258272584717633,False,1.4046472853462834e-05
092b4b85d9ded34a19106a98,setup_translation,bounce,huber,3,True,True,0.7484194339355137,17,0.125,False,2.3288659454102794e-11
092b4b85d9ded34a19106a98,setup_translation,bounce,cauchy,4,True,True,0.7480303241344772,30,0.125,False,1.2996866592705222e-06
092b4b85d9ded34a19106a98,setup_translation,bounce,profile_map,13,True,True,-23.562877209758717,108,0.05226045609764002,False,1.106163007227336e-05
0948c8266d8fc105ca06b3aa,generalized_translation,multiple_forces,huber,4,True,True,0.45043115354000385,27,0.125,False,4.978023009785622e-10
0948c8266d8fc105ca06b3aa,generalized_translation,multiple_forces,cauchy,5,True,True,0.45035143401975575,28,0.125,False,9.309322975585709e-06
0948c8266d8fc105ca06b3aa,generalized_translation,multiple_forces,profile_map,36,True,True,-26.27283825961984,295,0.036996027850943906,False,0.014396529635690523
098f6eb6986dd1bc2f99cdc1,generalized_translation,unforced_slide,huber,3,True,True,3.1044846443265617,24,0.125,False,0.001627956468127706
098f6eb6986dd1bc2f99cdc1,generalized_translation,unforced_slide,cauchy,5,True,True,3.1015034285763496,32,0.125,False,0.001551239880904681
098f6eb6986dd1bc2f99cdc1,generalized_translation,unforced_slide,profile_map,29,True,True,-18.49034334931902,244,0.08447588142183675,False,0.007019229288841096
0a31698483a14d228791019b,generalized_translation,multiple_forces,huber,3,True,True,0.4568315672999652,27,0.125,False,8.486760690793762e-07
0a31698483a14d228791019b,generalized_translation,multiple_forces,cauchy,5,True,True,0.4567649763035093,26,0.125,False,2.0255798470099374e-05
0a31698483a14d228791019b,generalized_translation,multiple_forces,profile_map,30,True,True,-27.675800563266012,305,0.03059424691965736,False,0.009772455937306513
0a4aa585e764277c6dd0b045,generalized_translation,unforced_slide,huber,4,True,True,1.046245782173571,18,0.125,False,0.0002716019453693717
0a4aa585e764277c6dd0b045,generalized_translation,unforced_slide,cauchy,4,True,True,1.046058473412735,28,0.125,False,0.0002630208864092261
0a4aa585e764277c6dd0b045,generalized_translation,unforced_slide,profile_map,22,True,True,-24.283203727059096,152,0.044975160344611693,False,0.003699261595251696
0a4e7c583f6b08ce6477d7a3,generalized_translation,bounce,huber,3,True,True,0.8975838697478742,15,0.125,False,1.1705104229125928e-09
0a4e7c583f6b08ce6477d7a3,generalized_translation,bounce,cauchy,4,True,True,0.8975691922807205,15,0.125,False,6.857533340992142e-08
0a4e7c583f6b08ce6477d7a3,generalized_translation,bounce,profile_map,31,True,True,-29.257816558026267,355,0.023475538721965533,False,8.734025050319981e-05
0a4e7c583f6b08ce6477d7a3,setup_translation,bounce,huber,3,True,True,1.0322191759372288,15,0.125,False,6.420859970252863e-11
0a4e7c583f6b08ce6477d7a3,setup_translation,bounce,cauchy,4,True,True,1.0321691711776415,15,0.125,False,5.100617198746271e-07
0a4e7c583f6b08ce6477d7a3,setup_translation,bounce,profile_map,7,True,True,-26.547702314905923,135,0.032950400896607154,False,6.980203205999994e-05
0a5f6a3234299fd982d32fac,generalized_translation,multiple_forces,huber,3,True,True,1.6255646679779134,22,0.125,False,2.5016303856343128e-05
0a5f6a3234299fd982d32fac,generalized_translation,multiple_forces,cauchy,4,True,True,1.6255128963819947,32,0.125,False,4.649365767387677e-05
0a5f6a3234299fd982d32fac,generalized_translation,multiple_forces,profile_map,44,True,True,-26.50735928707824,370,0.030571874656453453,False,0.028934002276964077
0aac37ad0b8193a1f85eeefc,generalized_translation,bounce,huber,2,True,True,0.08385828457662553,9,0.125,False,2.628103245766959e-10
0aac37ad0b8193a1f85eeefc,generalized_translation,bounce,cauchy,3,True,True,0.08385175181893324,11,0.125,False,4.882286547706772e-08
0aac37ad0b8193a1f85eeefc,generalized_translation,bounce,profile_map,21,True,True,-32.11095111991394,225,0.018062615499805187,False,9.853235165544253e-07
0aac37ad0b8193a1f85eeefc,setup_translation,bounce,huber,2,True,True,4.084615105406588,6,0.125,False,2.069544977181553e-11
0aac37ad0b8193a1f85eeefc,setup_translation,bounce,cauchy,4,True,True,4.0679169388700185,14,0.125,False,2.8664219645544817e-05
0aac37ad0b8193a1f85eeefc,setup_translation,bounce,profile_map,13,True,True,-16.55179293225826,87,0.12631007983350137,False,1.5366761435428104e-08
0b23592aa92d3f0e83181cfa,generalized_translation,multiple_forces,huber,3,True,True,0.9073992608212005,22,0.125,False,1.3823902253075802e-07
0b23592aa92d3f0e83181cfa,generalized_translation,multiple_forces,cauchy,4,True,True,0.9068092086635261,32,0.125,False,0.00012374809014208623
0b23592aa92d3f0e83181cfa,generalized_translation,multiple_forces,profile_map,26,True,True,-23.5715170280802,230,0.05087624507433975,False,0.03592678119805957
0b8b637795fd965eea6917fd,generalized_translation,multiple_forces,huber,4,True,True,0.8835863398906452,31,0.125,False,9.606403821199762e-05
0b8b637795fd965eea6917fd,generalized_translation,multiple_forces,cauchy,6,True,True,0.8835007640832033,45,0.125,False,6.244096924847332e-05
0b8b637795fd965eea6917fd,generalized_translation,multiple_forces,profile_map,46,True,True,-26.528922279800913,560,0.03346716519850724,False,0.11198759469850322
0bd0536d0cd3fd9ffe733649,generalized_translation,bounce,huber,3,True,True,0.4430866895928517,13,0.125,False,0.001850583027043303
0bd0536d0cd3fd9ffe733649,generalized_translation,bounce,cauchy,4,True,True,0.44306160084813906,17,0.125,False,0.0018508577547136247
0bd0536d0cd3fd9ffe733649,generalized_translation,bounce,profile_map,32,True,True,-28.82305532179801,300,0.0263564502670129,False,0.0017656811907527051
0bd0536d0cd3fd9ffe733649,setup_translation,bounce,huber,3,True,True,0.621402490454082,13,0.125,False,0.00073693176273188
0bd0536d0cd3fd9ffe733649,setup_translation,bounce,cauchy,5,True,True,0.6213399571089797,39,0.125,False,0.0007370580099552238
0bd0536d0cd3fd9ffe733649,setup_translation,bounce,profile_map,10,True,True,-26.025938051110902,117,0.03739693214597054,False,0.0006880806923599658
0c12707c05f72159da5135d0,generalized_translation,bounce,huber,3,True,True,0.558956696248128,16,0.125,False,6.786102314947963e-10
0c12707c05f72159da5135d0,generalized_translation,bounce,cauchy,4,True,True,0.5589393222755842,20,0.125,False,1.9745204096478892e-07
0c12707c05f72159da5135d0,generalized_translation,bounce,profile_map,32,True,True,-29.30928672766996,320,0.024366823171345024,False,3.859856697085892e-05
0c12707c05f72159da5135d0,setup_translation,bounce,huber,3,True,True,0.6272853483176252,20,0.125,False,1.849253126618943e-12
0c12707c05f72159da5135d0,setup_translation,bounce,cauchy,4,True,True,0.6272462831085847,22,0.125,False,1.6640502770549181e-07
0c12707c05f72159da5135d0,setup_translation,bounce,profile_map,15,True,True,-27.837050741607033,156,0.02928746728777887,False,3.304907795939209e-05
0c6ee32f98a6c7cf18290659,generalized_translation,unforced_slide,huber,2,True,True,0.4763951574901069,13,0.125,False,6.233782625087417e-09
0c6ee32f98a6c7cf18290659,generalized_translation,unforced_slide,cauchy,4,True,True,0.4762771369532613,21,0.125,False,1.2254420088241204e-06
0c6ee32f98a6c7cf18290659,generalized_translation,unforced_slide,profile_map,24,True,True,-25.362671538477983,200,0.04184163789896889,False,0.00023492567748620207
0c7a80b63187427d2a17541a,generalized_translation,bounce,huber,3,True,True,1.846091970568531,13,0.125,False,0.024589706217114326
0c7a80b63187427d2a17541a,generalized_translation,bounce,cauchy,5,True,True,1.8449875127439728,33,0.125,False,0.02459532458921637
0c7a80b63187427d2a17541a,generalized_translation,bounce,profile_map,28,True,True,-31.428225555489156,360,0.017940764813610184,False,0.0008078577909882742
0c7a80b63187427d2a17541a,setup_translation,bounce,huber,3,True,True,2.097422323363647,25,0.125,False,0.004684910807852089
0c7a80b63187427d2a17541a,setup_translation,bounce,cauchy,5,True,True,2.096187312471204,26,0.125,False,0.004685910262325927
0c7a80b63187427d2a17541a,setup_translation,bounce,profile_map,18,True,True,-20.220152537331305,111,0.07279199594626633,False,0.004485879383570676
0cb645b8bebe58176b3f0ce8,generalized_translation,unforced_slide,huber,3,True,True,0.9261084067216233,35,0.125,False,0.0002950261877856329
0cb645b8bebe58176b3f0ce8,generalized_translation,unforced_slide,cauchy,4,True,True,0.9260457435146574,34,0.125,False,0.0002936027821500183
0cb645b8bebe58176b3f0ce8,generalized_translation,unforced_slide,profile_map,20,True,True,-26.12837134480981,228,0.03536455718154002,False,0.0043289291373256236
0cd9415df33d4764f21956d1,generalized_translation,multiple_forces,huber,5,True,True,1.1822766763084451,38,0.125,False,0.0015514289800783018
0cd9415df33d4764f21956d1,generalized_translation,multiple_forces,cauchy,6,True,True,1.1822068902722858,36,0.125,False,0.0015961888734379284
0cd9415df33d4764f21956d1,generalized_translation,multiple_forces,profile_map,41,True,True,-27.474216634862167,340,0.02803448160028531,False,0.19369565709922532
0cf0d884256bf4ea2c323bbb,generalized_translation,unforced_slide,huber,2,True,True,0.16077273099548792,14,0.125,False,1.44218102275886e-09
0cf0d884256bf4ea2c323bbb,generalized_translation,unforced_slide,cauchy,4,True,True,0.1607577780036547,26,0.125,False,1.8226666906874737e-08
0cf0d884256bf4ea2c323bbb,generalized_translation,unforced_slide,profile_map,19,True,True,-29.63985067502672,144,0.024581966353149243,False,0.00014915117811621918
0da16f14e2fc8e0b30c9214b,generalized_translation,multiple_forces,huber,2,True,True,0.08116509959388175,16,0.125,False,3.16943471462333e-08
0da16f14e2fc8e0b30c9214b,generalized_translation,multiple_forces,cauchy,3,True,True,0.08116201277637751,35,0.125,False,7.472026152275086e-07
0da16f14e2fc8e0b30c9214b,generalized_translation,multiple_forces,profile_map,30,True,True,-32.90288688289542,255,0.016333469308973638,False,0.007602150116590075
0dc5ca70dcd804f7ceb92488,generalized_translation,bounce,huber,3,True,True,1.065679800091419,13,0.125,False,0.0002706875055026585
0dc5ca70dcd804f7ceb92488,generalized_translation,bounce,cauchy,4,True,True,1.0653404494732068,18,0.125,False,0.00027139372459546255
0dc5ca70dcd804f7ceb92488,generalized_translation,bounce,profile_map,27,True,True,-23.440887384001893,295,0.05074602709535057,False,0.0004013735903414266
0dc5ca70dcd804f7ceb92488,setup_translation,bounce,huber,3,True,True,3.9396402166847753,11,0.125,False,0.0010986372197007161
0dc5ca70dcd804f7ceb92488,setup_translation,bounce,cauchy,6,True,True,3.922887570355816,31,0.125,False,0.001152945690791844
0dc5ca70dcd804f7ceb92488,setup_translation,bounce,profile_map,16,True,True,-16.725336353932903,99,0.11749476426843118,False,0.001108278422604201
0df782cc692c4b7e0a677c9c,generalized_translation,multiple_forces,huber,3,True,True,1.1559648587752518,23,0.125,False,7.179841006943329e-08
0df782cc692c4b7e0a677c9c,generalized_translation,multiple_forces,cauchy,5,True,True,1.154978944568378,31,0.125,False,7.770909486969416e-05
0df782cc692c4b7e0a677c9c,generalized_translation,multiple_forces,profile_map,40,True,True,-22.066110342924755,335,0.062068879317457776,False,0.004409860786848043
0e82af60ab3d702432094ee9,generalized_translation,multiple_forces,huber,2,True,True,1.5127324114114529,28,0.125,False,0.22748331472124939
0e82af60ab3d702432094ee9,generalized_translation,multiple_forces,cauchy,4,True,True,1.5126375996007013,30,0.125,False,0.22747996256008027
0e82af60ab3d702432094ee9,generalized_translation,multiple_forces,profile_map,33,True,True,-24.63460664514096,315,0.04002097276938929,False,0.2417370032522212
0ea9dee9e1a0c87c05932d1c,generalized_translation,bounce,huber,3,True,True,1.5203265426703965,12,0.125,False,1.924673813525972e-10
0ea9dee9e1a0c87c05932d1c,generalized_translation,bounce,cauchy,4,True,True,1.5200997138798613,27,0.125,False,5.960292720491633e-07
0ea9dee9e1a0c87c05932d1c,generalized_translation,bounce,profile_map,29,True,True,-23.17108998556965,320,0.04936859828927555,False,8.380984816403504e-05
0ea9dee9e1a0c87c05932d1c,setup_translation,bounce,huber,3,True,True,2.9997599159288084,18,0.125,False,7.928846090361587e-10
0ea9dee9e1a0c87c05932d1c,setup_translation,bounce,cauchy,5,True,True,2.9969922255199477,26,0.125,False,1.3998618034259796e-06
0ea9dee9e1a0c87c05932d1c,setup_translation,bounce,profile_map,13,True,True,-18.31249856545379,123,0.09058753426377193,False,4.0149698474418506e-05
0f449c56e6c849035b10b3de,generalized_translation,bounce,huber,3,True,True,0.510559610526136,20,0.125,False,2.6348432665963972e-11
0f449c56e6c849035b10b3de,generalized_translation,bounce,cauchy,4,True,True,0.5103816466706147,20,0.125,False,8.392424524011039e-07
0f449c56e6c849035b10b3de,generalized_translation,bounce,profile_map,25,True,True,-24.949185433807063,205,0.04415349620095459,False,4.207624369624738e-06
0f449c56e6c849035b10b3de,setup_translation,bounce,huber,3,True,True,1.1271597369173043,17,0.125,False,2.401694716219928e-10
0f449c56e6c849035b10b3de,setup_translation,bounce,cauchy,4,True,True,1.1263778613538709,24,0.125,False,2.611744360063279e-06
0f449c56e6c849035b10b3de,setup_translation,bounce,profile_map,16,True,True,-21.731365757203925,123,0.06601618544227605,False,3.2404261780643675e-06
0f9641226afb460c717e0a33,generalized_translation,unforced_slide,huber,3,True,True,2.080470164120367,24,0.125,False,0.0032492690742006534
0f9641226afb460c717e0a33,generalized_translation,unforced_slide,cauchy,4,True,True,2.080137902032365,19,0.125,False,0.003225269979186872
0f9641226afb460c717e0a33,generalized_translation,unforced_slide,profile_map,27,True,True,-22.978875504580095,220,0.046724927713974844,False,0.013033918792789114
0fd4cc3d63d3725fa3b6c8c9,generalized_translation,multiple_forces,huber,7,True,True,2.0741840638441102,83,0.125,False,0.0001253752765686037
0fd4cc3d63d3725fa3b6c8c9,generalized_translation,multiple_forces,cauchy,6,True,True,2.0740062224897313,47,0.125,False,6.029630228835012e-05
0fd4cc3d63d3725fa3b6c8c9,generalized_translation,multiple_forces,profile_map,48,True,True,-23.603148641423726,455,0.04257625252008823,False,0.08336836334469333
108366890954ad45c2205682,generalized_translation,bounce,huber,3,True,True,0.167737185659497,14,0.125,False,1.8710434125826583e-11
108366890954ad45c2205682,generalized_translation,bounce,cauchy,4,True,True,0.16772909217936727,19,0.125,False,9.893202852792161e-08
108366890954ad45c2205682,generalized_translation,bounce,profile_map,24,True,True,-30.621095567265524,260,0.02163091706033745,False,1.2728056518345255e-05
108366890954ad45c2205682,setup_translation,bounce,huber,3,True,True,0.795948869116555,9,0.125,False,4.344533603987899e-12
108366890954ad45c2205682,setup_translation,bounce,cauchy,4,True,True,0.7955187363699555,19,0.125,False,1.6728431149755672e-06
108366890954ad45c2205682,setup_translation,bounce,profile_map,7,True,True,-23.294867501856434,63,0.05404856479128608,False,1.0030174477601262e-05
10ebd4fd46b5d97220885c46,generalized_translation,multiple_forces,huber,3,True,True,0.37499187572084947,26,0.125,False,4.772988619249434e-06
10ebd4fd46b5d97220885c46,generalized_translation,multiple_forces,cauchy,4,True,True,0.37497066248796457,20,0.125,False,5.190901172256395e-06
10ebd4fd46b5d97220885c46,generalized_translation,multiple_forces,profile_map,33,True,True,-29.39926842702537,260,0.02462471824691318,False,0.04284529731242157
110110d99c079e8b0ecc398e,generalized_translation,unforced_slide,huber,2,True,True,0.18332790535047475,7,0.125,False,1.6496181153236757e-09
110110d99c079e8b0ecc398e,generalized_translation,unforced_slide,cauchy,4,True,True,0.18329066330234617,19,0.125,False,2.7480591263751134e-06
110110d99c079e8b0ecc398e,generalized_translation,unforced_slide,profile_map,14,True,True,-29.0035332488629,180,0.026631451511157447,False,6.30699778357943e-05
110bc2b07f3d72bf7e515483,generalized_translation,multiple_forces,huber,3,True,True,1.6203537523665474,20,0.125,False,0.007469507855147636
110bc2b07f3d72bf7e515483,generalized_translation,multiple_forces,cauchy,5,True,True,1.6202580290650255,46,0.125,False,0.007551003549908079
110bc2b07f3d72bf7e515483,generalized_translation,multiple_forces,profile_map,36,True,True,-28.812936336567986,335,0.02217975601756378,False,0.17921231885267278
111e4d98befc69803e22f856,generalized_translation,multiple_forces,huber,5,True,True,1.5277817269161287,30,0.125,False,9.007284168215182e-06
111e4d98befc69803e22f856,generalized_translation,multiple_forces,cauchy,5,True,True,1.5271447444991564,36,0.125,False,7.25134398873111e-05
111e4d98befc69803e22f856,generalized_translation,multiple_forces,profile_map,37,True,True,-21.947155569322337,450,0.05934986581814326,False,0.05334955330800201
1149e26ddb32c78cc1bcc40b,generalized_translation,multiple_forces,huber,2,True,True,0.6753822709188628,11,0.125,False,4.2503098738149924e-08
1149e26ddb32c78cc1bcc40b,generalized_translation,multiple_forces,cauchy,6,True,True,0.6750744020960211,33,0.125,False,4.9971683545344655e-05
1149e26ddb32c78cc1bcc40b,generalized_translation,multiple_forces,profile_map,33,True,True,-23.87801435774869,265,0.05038961560892387,False,0.0058269621651309
1213779804da6a3116bf2527,generalized_translation,bounce,huber,3,True,True,0.5084596158853475,12,0.125,False,6.896993238611825e-10
1213779804da6a3116bf2527,generalized_translation,bounce,cauchy,4,True,True,0.5084528833476577,18,0.125,False,1.3510645653632912e-07
1213779804da6a3116bf2527,generalized_translation,bounce,profile_map,32,True,True,-32.39732457187407,470,0.016497999940619533,False,5.1838559036824605e-05
1213779804da6a3116bf2527,setup_translation,bounce,huber,3,True,True,0.8188402543698665,18,0.125,False,3.892560124469815e-10
1213779804da6a3116bf2527,setup_translation,bounce,cauchy,4,True,True,0.8187617339756399,17,0.125,False,1.6740664920733295e-07
1213779804da6a3116bf2527,setup_translation,bounce,profile_map,23,True,True,-25.60964278748106,129,0.03854113337596195,False,4.215167033556471e-05
1249680db2ea83683a5584d7,generalized_translation,multiple_forces,huber,2,True,True,2.1655986471606563,19,0.125,False,0.010815131481121346
1249680db2ea83683a5584d7,generalized_translation,multiple_forces,cauchy,6,True,True,2.1653309393945492,32,0.125,False,0.010830555666107033
1249680db2ea83683a5584d7,generalized_translation,multiple_forces,profile_map,41,True,True,-22.835369690984056,410,0.0470904115369546,False,0.005208629017282899
12b1ee229f52d7cc447d61b7,generalized_translation,bounce,huber,3,True,True,0.18117675310503387,14,0.125,False,0.00042109561148396857
12b1ee229f52d7cc447d61b7,generalized_translation,bounce,cauchy,4,True,True,0.1811724797342208,24,0.125,False,0.0004210715437328029
12b1ee229f52d7cc447d61b7,generalized_translation,bounce,profile_map,30,True,True,-32.01290517788987,300,0.018064277851055358,False,0.00039039616193404706
12b1ee229f52d7cc447d61b7,setup_translation,bounce,huber,4,True,True,0.23431685066834587,27,0.125,False,0.000252837420352673
12b1ee229f52d7cc447d61b7,setup_translation,bounce,cauchy,5,True,True,0.23429402691582563,31,0.125,False,0.0002528564854192359
12b1ee229f52d7cc447d61b7,setup_translation,bounce,profile_map,22,True,True,-30.03428782783544,135,0.023134033259656874,False,0.00022533559661691644
1311560bcf65b5996d5d6309,generalized_translation,unforced_slide,huber,3,True,True,1.212639375012765,15,0.125,False,0.0001536058654222638
1311560bcf65b5996d5d6309,generalized_translation,unforced_slide,cauchy,4,True,True,1.2124640811137262,22,0.125,False,0.00015282610668696585
1311560bcf65b5996d5d6309,generalized_translation,unforced_slide,profile_map,29,True,True,-24.98505202969685,244,0.03979281309432316,False,0.0002461998435114872
135fd6e5e58e3ef829da2c64,generalized_translation,multiple_forces,huber,3,True,True,1.795110007190217,37,0.125,False,0.008914165955706245
135fd6e5e58e3ef829da2c64,generalized_translation,multiple_forces,cauchy,6,True,True,1.794487332619446,43,0.125,False,0.008958098473766996
135fd6e5e58e3ef829da2c64,generalized_translation,multiple_forces,profile_map,38,True,True,-22.269053954087767,370,0.05422277531019106,False,0.007176521883832387
1362d18a38d4554fd8846d2f,generalized_translation,unforced_slide,huber,3,True,True,0.6496200503354241,13,0.125,False,3.499026634996659e-05
1362d18a38d4554fd8846d2f,generalized_translation,unforced_slide,cauchy,4,True,True,0.6495963882076554,22,0.125,False,3.58496821027065e-05
1362d18a38d4554fd8846d2f,generalized_translation,unforced_slide,profile_map,27,True,True,-29.186561846364892,232,0.02446792104225817,False,0.00042214835939668045
13af1cf711d3f9c944822c3e,generalized_translation,multiple_forces,huber,4,True,True,0.3387736189585477,23,0.125,False,3.3850227753283188e-06
13af1cf711d3f9c944822c3e,generalized_translation,multiple_forces,cauchy,6,True,True,0.33875227823084897,31,0.125,False,4.698066878259801e-06
13af1cf711d3f9c944822c3e,generalized_translation,multiple_forces,profile_map,38,True,True,-29.438022734112867,305,0.024624368227126645,False,0.03768058833463791
13b018720d07243ab64e439c,generalized_translation,unforced_slide,huber,3,True,True,2.428361596276045,20,0.125,False,0.00023347918242004874
13b018720d07243ab64e439c,generalized_translation,unforced_slide,cauchy,4,True,True,2.4280008078467774,28,0.125,False,0.00022779341552626434
13b018720d07243ab64e439c,generalized_translation,unforced_slide,profile_map,28,True,True,-22.284874448668482,284,0.04920674211789205,False,0.0007499173141333773
13f82bdd75f8bdb10b003532,generalized_translation,bounce,huber,3,True,True,2.040591711295175,20,0.125,False,5.417200852591937e-09
13f82bdd75f8bdb10b003532,generalized_translation,bounce,cauchy,4,True,True,2.040574962022557,25,0.125,False,3.4841041449536456e-07
13f82bdd75f8bdb10b003532,generalized_translation,bounce,profile_map,35,True,True,-28.076336340544064,335,0.023592183359580993,False,0.0002956887965224842
13f82bdd75f8bdb10b003532,setup_translation,bounce,huber,3,True,True,2.1363637046341135,15,0.125,False,2.8701845358001004e-11
13f82bdd75f8bdb10b003532,setup_translation,bounce,cauchy,4,True,True,2.1363381785489217,23,0.125,False,2.286039648281333e-07
13f82bdd75f8bdb10b003532,setup_translation,bounce,profile_map,17,True,True,-26.089933703740677,114,0.030225195420796696,False,0.00022848306165555046
14045d14ddf599b2215c273c,generalized_translation,bounce,huber,3,True,True,1.0517222290166168,16,0.125,False,2.8885033699462354e-11
14045d14ddf599b2215c273c,generalized_translation,bounce,cauchy,4,True,True,1.0515412396037433,17,0.125,False,5.03684537645329e-07
14045d14ddf599b2215c273c,generalized_translation,bounce,profile_map,30,True,True,-25.253222741828157,320,0.03920558114309261,False,6.995870315371094e-05
14045d14ddf599b2215c273c,setup_translation,bounce,huber,3,True,True,1.1598666581163002,13,0.125,False,5.470689657132897e-11
14045d14ddf599b2215c273c,setup_translation,bounce,cauchy,4,True,True,1.1595454590773995,23,0.125,False,1.854488307726649e-06
14045d14ddf599b2215c273c,setup_translation,bounce,profile_map,11,True,True,-24.2889983091086,93,0.044221991514352174,False,5.8119705725201345e-05
14339722e4d15c4832aa682f,generalized_translation,bounce,huber,3,True,True,1.4239585729357556,15,0.125,False,5.0062893761883313e-11
14339722e4d15c4832aa682f,generalized_translation,bounce,cauchy,4,True,True,1.4238897159835695,25,0.125,False,2.796971492612122e-07
14339722e4d15c4832aa682f,generalized_translation,bounce,profile_map,29,True,True,-26.260168270776717,320,0.03249256428076091,False,0.00014321235017859788
14339722e4d15c4832aa682f,setup_translation,bounce,huber,3,True,True,2.1548391348893983,15,0.125,False,3.266375457450444e-11
14339722e4d15c4832aa682f,setup_translation,bounce,cauchy,4,True,True,2.1536971875818094,19,0.125,False,1.8943022330753e-06
14339722e4d15c4832aa682f,setup_translation,bounce,profile_map,13,True,True,-21.00094025252818,189,0.06276005105874516,False,9.152929137079542e-05
146a26c809d36ac2813b964a,generalized_translation,multiple_forces,huber,4,True,True,0.9210255603656843,28,0.125,False,7.961912421577979e-05
146a26c809d36ac2813b964a,generalized_translation,multiple_forces,cauchy,4,True,True,0.9210109772868871,32,0.125,False,5.865526946682026e-05
146a26c809d36ac2813b964a,generalized_translation,multiple_forces,profile_map,41,True,True,-31.261938189071923,360,0.017929530182127014,False,0.10485713572076959
148dd8850c03163a349e3fc1,generalized_translation,unforced_slide,huber,3,True,True,0.5015194833610123,19,0.125,False,1.2490612766414403e-09
148dd8850c03163a349e3fc1,generalized_translation,unforced_slide,cauchy,4,True,True,0.501400671663388,22,0.125,False,1.1789296098435794e-06
148dd8850c03163a349e3fc1,generalized_translation,unforced_slide,profile_map,22,True,True,-25.35410552748566,188,0.041744158928370086,False,0.00027109899483515376
149670e7b96174fdbae1581e,generalized_translation,multiple_forces,huber,4,True,True,2.5013872282919736,32,0.125,False,0.0009156257737980162
149670e7b96174fdbae1581e,generalized_translation,multiple_forces,cauchy,7,True,True,2.5012844892673938,47,0.125,False,0.0009570366984120013
149670e7b96174fdbae1581e,generalized_translation,multiple_forces,profile_map,47,True,True,-24.945466340192567,435,0.03342232187522049,False,0.06866736662201346
14b891a2c73cf84141becb75,generalized_translation,multiple_forces,huber,5,True,True,0.9739599290971166,34,0.125,False,5.802295290060149e-05
14b891a2c73cf84141becb75,generalized_translation,multiple_forces,cauchy,6,True,True,0.9738316193542909,33,0.125,False,5.554716197356034e-05
14b891a2c73cf84141becb75,generalized_translation,multiple_forces,profile_map,42,True,True,-24.799878302503497,335,0.042080159404102965,False,0.06788182153494896
14d9aa0b3794da69415bdcde,generalized_translation,unforced_slide,huber,3,True,True,1.9503127109666993,19,0.125,False,8.343720081971199e-07
14d9aa0b3794da69415bdcde,generalized_translation,unforced_slide,cauchy,5,True,True,1.948086762282411,25,0.125,False,5.57364336019409e-05
14d9aa0b3794da69415bdcde,generalized_translation,unforced_slide,profile_map,22,True,True,-20.010227911416614,156,0.07807839025313668,False,0.0015986945386113867
14edb58dfbd0532b29662c31,generalized_translation,bounce,huber,3,True,True,0.19012695482483982,14,0.125,False,0.0002956024254158785
14edb58dfbd0532b29662c31,generalized_translation,bounce,cauchy,4,True,True,0.19012003567059937,23,0.125,False,0.0002955977376585664
14edb58dfbd0532b29662c31,generalized_translation,bounce,profile_map,30,True,True,-31.408787212803766,240,0.019492878431051783,False,0.00026010557642791186
14edb58dfbd0532b29662c31,setup_translation,bounce,huber,3,True,True,0.1978858945594375,13,0.125,False,0.000250002133782225
14edb58dfbd0532b29662c31,setup_translation,bounce,cauchy,4,True,True,0.1978751904635796,29,0.125,False,0.00024992046885209966
14edb58dfbd0532b29662c31,setup_translation,bounce,profile_map,21,True,True,-31.09859479599069,126,0.020263762054791933,False,0.00021700790384896384
154550a0672a06ae04eb7bf6,generalized_translation,multiple_forces,huber,3,True,True,1.5645139529865348,30,0.125,False,1.3666399785354186e-05
154550a0672a06ae04eb7bf6,generalized_translation,multiple_forces,cauchy,5,True,True,1.5644478596756903,41,0.125,False,3.913396153461802e-06
154550a0672a06ae04eb7bf6,generalized_translation,multiple_forces,profile_map,40,True,True,-25.007916342063346,385,0.03769425322423624,False,0.04546605439893802
1548dfbf0de0cc28795ac3eb,generalized_translation,multiple_forces,huber,3,True,True,1.3469459445284637,30,0.125,False,1.94324400118834e-07
1548dfbf0de0cc28795ac3eb,generalized_translation,multiple_forces,cauchy,6,True,True,1.3460321314734465,35,0.125,False,4.672834165731975e-05
1548dfbf0de0cc28795ac3eb,generalized_translation,multiple_forces,profile_map,39,True,True,-21.898390567227768,385,0.06168815832967536,False,0.04576181598214576
158eed1d9a3cc0dc728229cd,generalized_translation,unforced_slide,huber,2,True,True,0.5205346173049117,13,0.125,False,1.855316581366748e-07
158eed1d9a3cc0dc728229cd,generalized_translation,unforced_slide,cauchy,4,True,True,0.5204272503406412,18,0.125,False,4.1157996470287844e-06
158eed1d9a3cc0dc728229cd,generalized_translation,unforced_slide,profile_map,27,True,True,-26.806839055840673,188,0.034088487788156534,False,0.0015146570753580156
15df0ff271e95a923711b1de,generalized_translation,multiple_forces,huber,5,True,True,1.0304362007356256,33,0.125,False,1.998490727667135e-05
15df0ff271e95a923711b1de,generalized_translation,multiple_forces,cauchy,6,True,True,1.0302802549405212,26,0.125,False,7.224767063988868e-05
15df0ff271e95a923711b1de,generalized_translation,multiple_forces,profile_map,31,True,True,-25.177469824978285,325,0.03950126976382131,False,0.08434865103934047
160fd304eb294483e81a9897,generalized_translation,unforced_slide,huber,3,True,True,0.6372653848878297,23,0.125,False,1.5185837849445518e-08
160fd304eb294483e81a9897,generalized_translation,unforced_slide,cauchy,4,True,True,0.6371380828489208,28,0.125,False,1.0606611156988834e-06
160fd304eb294483e81a9897,generalized_translation,unforced_slide,profile_map,23,True,True,-25.236182592110247,184,0.04163948736388968,False,0.0002448812771714624
1678585907d3eecec8b54f92,generalized_translation,unforced_slide,huber,3,True,True,0.5157332223956064,29,0.125,False,1.339121975416408e-07
1678585907d3eecec8b54f92,generalized_translation,unforced_slide,cauchy,4,True,True,0.5156836625706722,17,0.125,False,1.6990222456286168e-07
1678585907d3eecec8b54f92,generalized_translation,unforced_slide,profile_map,25,True,True,-26.533277013843495,236,0.03539880003376208,False,0.0013756985000706575
16d761ece7d715ee8deac265,generalized_translation,unforced_slide,huber,3,True,True,3.4802534835465835,18,0.125,False,0.006424113563267761
16d761ece7d715ee8deac265,generalized_translation,unforced_slide,cauchy,5,True,True,3.4786077464444305,29,0.125,False,0.006413787848615986
16d761ece7d715ee8deac265,generalized_translation,unforced_slide,profile_map,31,True,True,-18.257911289592894,232,0.08177314885879629,False,0.014056698068660443
16eef22cee168dc8977613a0,generalized_translation,bounce,huber,3,True,True,0.7942922595984399,23,0.125,False,7.214703213466686e-10
16eef22cee168dc8977613a0,generalized_translation,bounce,cauchy,4,True,True,0.7942133075789201,19,0.125,False,1.7131575522643854e-07
16eef22cee168dc8977613a0,generalized_translation,bounce,profile_map,32,True,True,-25.336214921046583,390,0.040167995017337574,False,4.7284468526755475e-05
16eef22cee168dc8977613a0,setup_translation,bounce,huber,3,True,True,0.8733508084566188,17,0.125,False,3.574726426499119e-11
16eef22cee168dc8977613a0,setup_translation,bounce,cauchy,4,True,True,0.8732171770473892,16,0.125,False,6.923682748709136e-07
16eef22cee168dc8977613a0,setup_translation,bounce,profile_map,9,True,True,-24.639872226776827,81,0.04381781489027663,False,4.091409405991136e-05
17172755831e13bac7861d06,generalized_translation,multiple_forces,huber,4,True,True,1.2545863900997938,29,0.125,False,4.639086915547884e-06
17172755831e13bac7861d06,generalized_translation,multiple_forces,cauchy,5,True,True,1.2545559456986313,38,0.125,False,1.1745608840139498e-05
17172755831e13bac7861d06,generalized_translation,multiple_forces,profile_map,41,True,True,-27.62751417372963,450,0.027695023064598145,False,0.02522391746688535
17194f186d209bd2a23a802f,generalized_translation,bounce,huber,3,True,True,0.34804113889073307,15,0.125,False,0.0016010538495025515
17194f186d209bd2a23a802f,generalized_translation,bounce,cauchy,4,True,True,0.3480211569080211,19,0.125,False,0.001601299917203724
17194f186d209bd2a23a802f,generalized_translation,bounce,profile_map,25,True,True,-29.13651922159619,265,0.02561502123958272,False,0.0016686066863064535
17194f186d209bd2a23a802f,setup_translation,bounce,huber,3,True,True,0.4973294029620082,23,0.125,False,0.0006482519500108923
17194f186d209bd2a23a802f,setup_translation,bounce,cauchy,4,True,True,0.4972704188720813,27,0.125,False,0.0006483311719935963
17194f186d209bd2a23a802f,setup_translation,bounce,profile_map,11,True,True,-26.60287793013504,102,0.035155348457037675,False,0.0006872168104893157
176772eef66eec046d24bf26,generalized_translation,multiple_forces,huber,3,True,True,2.4085995211975435,27,0.125,False,6.017975220791375e-05
176772eef66eec046d24bf26,generalized_translation,multiple_forces,cauchy,9,True,True,2.408115056083522,48,0.125,False,3.9493887998395135e-05
176772eef66eec046d24bf26,generalized_translation,multiple_forces,profile_map,36,True,True,-21.60352481345754,350,0.05459110184945913,False,0.04590413429404718
17e96a3bbfdc814e791f64fb,generalized_translation,bounce,huber,3,True,True,0.42375805325632926,18,0.125,False,0.00045451145942478413
17e96a3bbfdc814e791f64fb,generalized_translation,bounce,cauchy,4,True,True,0.42370039499139744,18,0.125,False,0.0004544811298410487
17e96a3bbfdc814e791f64fb,generalized_translation,bounce,profile_map,23,True,True,-27.05690833572005,295,0.033393268484361804,False,0.000493054185087184
17e96a3bbfdc814e791f64fb,setup_translation,bounce,huber,3,True,True,2.6448336296729784,19,0.125,False,0.00045453028478714366
17e96a3bbfdc814e791f64fb,setup_translation,bounce,cauchy,6,True,True,2.6386362432840316,42,0.125,False,0.0004454639927153023
17e96a3bbfdc814e791f64fb,setup_translation,bounce,profile_map,12,True,True,-18.3681743442025,75,0.09890491415582514,False,0.000439794222190519
1834794ecf7f0889dd874149,generalized_translation,multiple_forces,huber,3,True,True,2.7818807069919402,43,0.125,False,8.307169250336038e-07
1834794ecf7f0889dd874149,generalized_translation,multiple_forces,cauchy,5,True,True,2.77762134794535,35,0.125,False,0.0003023011457882645
1834794ecf7f0889dd874149,generalized_translation,multiple_forces,profile_map,44,True,True,-18.2567110115333,365,0.09807213189626052,False,0.0022876800181904264
18405415c47c6ff3cc96a79c,generalized_translation,unforced_slide,huber,3,True,True,1.5924501053249625,15,0.125,False,0.0009623031110419297
18405415c47c6ff3cc96a79c,generalized_translation,unforced_slide,cauchy,5,True,True,1.5921886961040914,21,0.125,False,0.0009526155583107368
18405415c47c6ff3cc96a79c,generalized_translation,unforced_slide,profile_map,27,True,True,-23.066855851826325,248,0.04958077938530987,False,0.006456267722349438
184da674a2ef3e96f7aee955,generalized_translation,bounce,huber,3,True,True,0.321832225631729,22,0.125,False,0.00034122021205472576
184da674a2ef3e96f7aee955,generalized_translation,bounce,cauchy,3,True,True,0.3218269533640288,14,0.125,False,0.0003412459668703857
184da674a2ef3e96f7aee955,generalized_translation,bounce,profile_map,29,True,True,-32.53182034095928,305,0.016607784094140102,False,0.000419241718138342
184da674a2ef3e96f7aee955,setup_translation,bounce,huber,4,True,True,0.8559166288994022,42,0.125,False,0.0008980841036289772
184da674a2ef3e96f7aee955,setup_translation,bounce,cauchy,4,True,True,0.8556857925541717,18,0.125,False,0.0009002291764159344
184da674a2ef3e96f7aee955,setup_translation,bounce,profile_map,14,True,True,-23.952964451169954,114,0.04852007130186525,False,0.0008476752344749091
1874bcdf97eb68caa50b0332,generalized_translation,bounce,huber,3,True,True,1.260318793292606,16,0.125,False,2.4804182997816297e-11
1874bcdf97eb68caa50b0332,generalized_translation,bounce,cauchy,4,True,True,1.2602215839489714,16,0.125,False,7.645496244174432e-08
1874bcdf97eb68caa50b0332,generalized_translation,bounce,profile_map,32,True,True,-24.59407131801876,375,0.04175134540604927,False,9.072492322036234e-05
1874bcdf97eb68caa50b0332,setup_translation,bounce,huber,3,True,True,1.4260575205308004,15,0.125,False,1.8406112379846882e-09
1874bcdf97eb68caa50b0332,setup_translation,bounce,cauchy,4,True,True,1.4258335817898526,20,0.125,False,1.13099465096571e-06
1874bcdf97eb68caa50b0332,setup_translation,bounce,profile_map,13,True,True,-23.31812869550103,123,0.04898488466896133,False,7.168067399835412e-05
1894429c0108101465886d7e,generalized_translation,unforced_slide,huber,3,True,True,1.7096578716116655,14,0.125,False,4.4330232818494495e-05
1894429c0108101465886d7e,generalized_translation,unforced_slide,cauchy,5,True,True,1.7080954149486236,25,0.125,False,6.043314670910349e-05
1894429c0108101465886d7e,generalized_translation,unforced_slide,profile_map,22,True,True,-20.934905632019507,192,0.06854796705307611,False,0.0002615067480241721
189bb60771145cabdd84f848,generalized_translation,multiple_forces,huber,3,True,True,1.788622504371943,37,0.125,False,2.8509920533013244e-05
189bb60771145cabdd84f848,generalized_translation,multiple_forces,cauchy,6,True,True,1.788614627609253,37,0.125,False,2.3745529625794075e-05
189bb60771145cabdd84f848,generalized_translation,multiple_forces,profile_map,39,True,True,-28.9884934315084,420,0.02163760076015646,False,0.037947800167183805
190645ada751758dadcb63ea,generalized_translation,multiple_forces,huber,3,True,True,0.7414696782883907,24,0.125,False,3.2824676595320206e-06
190645ada751758dadcb63ea,generalized_translation,multiple_forces,cauchy,4,True,True,0.7413852697852872,27,0.125,False,1.2383714344326865e-06
190645ada751758dadcb63ea,generalized_translation,multiple_forces,profile_map,45,True,True,-26.392099462375562,410,0.03498201553402059,False,0.008818252433872565
19499ad23901cd80c2c5622b,generalized_translation,multiple_forces,huber,5,True,True,1.7774539345688487,52,0.125,False,0.00023074553177916877
19499ad23901cd80c2c5622b,generalized_translation,multiple_forces,cauchy,5,True,True,1.7771695082895964,45,0.125,False,4.039365929444823e-05
19499ad23901cd80c2c5622b,generalized_translation,multiple_forces,profile_map,50,True,True,-24.27093061008665,470,0.040244737502744855,False,0.11199840219030995
195698abcf45b4ef7e9c3283,generalized_translation,multiple_forces,huber,3,True,True,0.7694215099155856,18,0.125,False,0.00017391703069542002
195698abcf45b4ef7e9c3283,generalized_translation,multiple_forces,cauchy,5,True,True,0.7694094181462434,30,0.125,False,0.0001785179560098084
195698abcf45b4ef7e9c3283,generalized_translation,multiple_forces,profile_map,40,True,True,-30.024650519781353,375,0.021600514780809106,False,0.013223011374723738
19610ec35d781cfc9474cf66,generalized_translation,multiple_forces,huber,3,True,True,2.2366191542261875,24,0.125,False,2.2155283163150968e-05
19610ec35d781cfc9474cf66,generalized_translation,multiple_forces,cauchy,5,True,True,2.236283933037565,38,0.125,False,2.5974677800533055e-05
19610ec35d781cfc9474cf66,generalized_translation,multiple_forces,profile_map,47,True,True,-21.85658273696907,670,0.05402725672244819,False,0.000981450710548986
19846229fd5451fe1fa32721,generalized_translation,unforced_slide,huber,2,True,True,0.16881425098519776,9,0.125,False,2.0620600692217764e-10
19846229fd5451fe1fa32721,generalized_translation,unforced_slide,cauchy,3,True,True,0.1687949092761216,14,0.125,False,3.703087792180221e-08
19846229fd5451fe1fa32721,generalized_translation,unforced_slide,profile_map,18,True,True,-29.43048548916614,260,0.025234676450863237,False,0.0001477306805664409
19e6ce5b5b7ae2d97bef589d,generalized_translation,bounce,huber,3,True,True,103.40774910039765,19,0.125,False,0.26256224399196865
19e6ce5b5b7ae2d97bef589d,generalized_translation,bounce,cauchy,14,True,True,93.00652537341352,59,0.125,False,0.2690941142117485
19e6ce5b5b7ae2d97bef589d,generalized_translation,bounce,profile_map,36,True,True,-32.829225490758546,440,0.014555469071877259,False,0.001490504763011376
19e6ce5b5b7ae2d97bef589d,setup_translation,bounce,huber,3,True,True,1.5132511370334925,23,0.125,False,0.001320299130352875
19e6ce5b5b7ae2d97bef589d,setup_translation,bounce,cauchy,4,True,True,1.5130906790181202,19,0.125,False,0.0013218694175494785
19e6ce5b5b7ae2d97bef589d,setup_translation,bounce,profile_map,15,True,True,-23.816751299355797,105,0.04497988151161271,False,0.0017337090961452415
19f6742d9d5eb5b626fe0d4a,generalized_translation,bounce,huber,3,True,True,0.137222819520557,16,0.125,False,2.4947091237656964e-11
19f6742d9d5eb5b626fe0d4a,generalized_translation,bounce,cauchy,4,True,True,0.13721109550586194,18,0.125,False,2.019185276719754e-07
19f6742d9d5eb5b626fe0d4a,generalized_translation,bounce,profile_map,27,True,True,-31.790238250915138,255,0.018690227699636797,False,1.2049335226593405e-05
19f6742d9d5eb5b626fe0d4a,setup_translation,bounce,huber,3,True,True,0.1906459976151968,14,0.125,False,4.272627480641851e-10
19f6742d9d5eb5b626fe0d4a,setup_translation,bounce,cauchy,3,True,True,0.19063043861511303,15,0.125,False,1.6071305513073494e-07
19f6742d9d5eb5b626fe0d4a,setup_translation,bounce,profile_map,13,True,True,-29.918932757728886,111,0.02361551448497927,False,1.1002149916840874e-05
19fc77c11b12679524571462,generalized_translation,unforced_slide,huber,3,True,True,1.3190753380993945,23,0.125,False,6.161913151248164e-09
19fc77c11b12679524571462,generalized_translation,unforced_slide,cauchy,4,True,True,1.3177291371141027,23,0.125,False,9.95228503442689e-06
19fc77c11b12679524571462,generalized_translation,unforced_slide,profile_map,21,True,True,-21.355464928737863,160,0.06818319721044329,False,0.0002665673548886756
1a24ecc98c1498c7f6277d3d,generalized_translation,unforced_slide,huber,3,True,True,0.9705511242539031,13,0.125,False,1.037953458271481e-06
1a24ecc98c1498c7f6277d3d,generalized_translation,unforced_slide,cauchy,4,True,True,0.9703065990512899,17,0.125,False,1.0300618556524802e-05
1a24ecc98c1498c7f6277d3d,generalized_translation,unforced_slide,profile_map,31,True,True,-23.910270138962357,244,0.048004575130765795,False,0.002111060747396639
1a2f49e387a9792dc2a5ecae,generalized_translation,multiple_forces,huber,4,True,True,0.6946967699365532,32,0.125,False,8.883285871194554e-07
1a2f49e387a9792dc2a5ecae,generalized_translation,multiple_forces,cauchy,5,True,True,0.6945668274691907,38,0.125,False,1.3101273174995967e-05
1a2f49e387a9792dc2a5ecae,generalized_translation,multiple_forces,profile_map,40,True,True,-25.77433899045612,325,0.03832440260086674,False,0.004899010922270083
1a6eb128cf3fb0a408414d57,generalized_translation,unforced_slide,huber,3,True,True,1.9930798690948384,24,0.125,False,0.0003946398297802032
1a6eb128cf3fb0a408414d57,generalized_translation,unforced_slide,cauchy,4,True,True,1.9924533411542131,27,0.125,False,0.0004000945210339914
1a6eb128cf3fb0a408414d57,generalized_translation,unforced_slide,profile_map,27,True,True,-21.071366711870617,276,0.06372929871821764,False,7.171618761126595e-05
1a8396d504426b88196f67ee,generalized_translation,multiple_forces,huber,3,True,True,1.4989969440190822,39,0.125,False,3.6290464571441876e-06
1a8396d504426b88196f67ee,generalized_translation,multiple_forces,cauchy,5,True,True,1.4987652814483468,33,0.125,False,2.4486864103288288e-05
1a8396d504426b88196f67ee,generalized_translation,multiple_forces,profile_map,36,True,True,-24.518151726990624,315,0.04077090295644283,False,0.011476468157323809
1ae1797c6ec01d267d1de0fe,generalized_translation,multiple_forces,huber,3,True,True,0.9171502996705073,27,0.125,False,1.2037749327556818e-05
1ae1797c6ec01d267d1de0fe,generalized_translation,multiple_forces,cauchy,4,True,True,0.9170158949586882,26,0.125,False,3.554141411048569e-05
1ae1797c6ec01d267d1de0fe,generalized_translation,multiple_forces,profile_map,41,True,True,-25.26460790206749,385,0.0398238825610778,False,0.03393094202974866
1b9cc30f2fb5344e05ba5563,generalized_translation,unforced_slide,huber,3,True,True,0.5249532849466865,19,0.125,False,1.5171630454823046e-08
1b9cc30f2fb5344e05ba5563,generalized_translation,unforced_slide,cauchy,4,True,True,0.5248067191365535,29,0.125,False,1.9878427922956133e-06
1b9cc30f2fb5344e05ba5563,generalized_translation,unforced_slide,profile_map,26,True,True,-26.414407079877808,224,0.03593251693119232,False,0.0002588109592445825
1c4dc908b7fb7946b21e1e14,generalized_translation,multiple_forces,huber,3,True,True,0.2763168643472601,19,0.125,False,1.78485938153357e-08
1c4dc908b7fb7946b21e1e14,generalized_translation,multiple_forces,cauchy,4,True,True,0.2762839905616612,24,0.125,False,2.4535839405317096e-06
1c4dc908b7fb7946b21e1e14,generalized_translation,multiple_forces,profile_map,28,True,True,-29.31059025425258,360,0.025273978978681916,False,0.00466521339630829
1c6b9b7d3f49bfd5df6787e2,generalized_translation,multiple_forces,huber,3,True,True,1.5815655403274216,28,0.125,False,4.959776991928545e-07
1c6b9b7d3f49bfd5df6787e2,generalized_translation,multiple_forces,cauchy,7,True,True,1.579987496716694,38,0.125,False,0.0001270750485873115
1c6b9b7d3f49bfd5df6787e2,generalized_translation,multiple_forces,profile_map,42,True,True,-20.828090061813885,405,0.07154366720140999,False,0.004473353251910079
1c74513426c42d697858e90d,generalized_translation,unforced_slide,huber,3,True,True,1.7096578716116655,14,0.125,False,4.4330232818494495e-05
1c74513426c42d697858e90d,generalized_translation,unforced_slide,cauchy,5,True,True,1.7080954149486236,25,0.125,False,6.043314670910349e-05
1c74513426c42d697858e90d,generalized_translation,unforced_slide,profile_map,22,True,True,-20.934905632019507,192,0.06854796705307611,False,0.0002615067480241721
1c9696d5000c8481e254c76b,generalized_translation,multiple_forces,huber,6,True,True,2.674828123720538,49,0.125,False,0.0002983504152963218
1c9696d5000c8481e254c76b,generalized_translation,multiple_forces,cauchy,5,True,True,2.673561775719576,44,0.125,False,8.969726001350002e-05
1c9696d5000c8481e254c76b,generalized_translation,multiple_forces,profile_map,46,True,True,-19.743374793596466,340,0.07089546537641125,False,0.09052394121852393
1d1383796f277ee51d0b8bfb,generalized_translation,unforced_slide,huber,3,True,True,0.1790600938336289,11,0.125,False,4.3063657390229743e-10
1d1383796f277ee51d0b8bfb,generalized_translation,unforced_slide,cauchy,4,True,True,0.1790451363162162,27,0.125,False,5.5626272118947234e-08
1d1383796f277ee51d0b8bfb,generalized_translation,unforced_slide,profile_map,23,True,True,-29.621535681142998,208,0.024581969608004132,False,0.00032486053038906416
1d52a4f3cbbdc331eb436dd7,generalized_translation,bounce,huber,3,True,True,0.25013491666885435,15,0.125,False,4.415786093434761e-10
1d52a4f3cbbdc331eb436dd7,generalized_translation,bounce,cauchy,4,True,True,0.2501021222707024,19,0.125,False,5.144485789442589e-09
1d52a4f3cbbdc331eb436dd7,generalized_translation,bounce,profile_map,23,True,True,-28.767469122768706,245,0.02722892432855924,False,1.1062546204907252e-05
1d52a4f3cbbdc331eb436dd7,setup_translation,bounce,huber,3,True,True,0.2824315625527305,11,0.125,False,4.119725091432437e-12
1d52a4f3cbbdc331eb436dd7,setup_translation,bounce,cauchy,4,True,True,0.2823586992069486,14,0.125,False,5.712433532658814e-07
1d52a4f3cbbdc331eb436dd7,setup_translation,bounce,profile_map,18,True,True,-28.13722510960522,141,0.0294611574796791,False,1.014721771895447e-05
1d8d14d11f1674879818c7fa,generalized_translation,multiple_forces,huber,4,True,True,1.3234979928579023,31,0.125,False,0.0004837363207548571
1d8d14d11f1674879818c7fa,generalized_translation,multiple_forces,cauchy,8,True,True,1.3233189559166372,62,0.125,False,0.0004027841014493859
1d8d14d11f1674879818c7fa,generalized_translation,multiple_forces,profile_map,41,True,True,-25.471215859336453,395,0.03627086474411938,False,0.14851802845969694
1e2d8a0b356a5edbd2305cb0,generalized_translation,unforced_slide,huber,3,True,True,1.0802810847985795,12,0.125,False,6.253236975770006e-07
1e2d8a0b356a5edbd2305cb0,generalized_translation,unforced_slide,cauchy,4,True,True,1.0798082387947048,27,0.125,False,1.9335070796001877e-05
1e2d8a0b356a5edbd2305cb0,generalized_translation,unforced_slide,profile_map,29,True,True,-22.998721633495894,248,0.054142788930038224,False,0.0014833575353454759
1e4f3c0357f609f8980059ce,generalized_translation,multiple_forces,huber,5,True,True,3.1577903657348907,32,0.125,False,0.0003852734379639599
1e4f3c0357f609f8980059ce,generalized_translation,multiple_forces,cauchy,5,True,True,3.1566841783980095,34,0.125,False,0.0004031873078417009
1e4f3c0357f609f8980059ce,generalized_translation,multiple_forces,profile_map,45,True,True,-19.209815514004077,415,0.0721032312013545,False,0.0038306319924222747
1e7f39ee1fe2fc3c214a20ab,generalized_translation,unforced_slide,huber,3,True,True,1.0422083271749547,13,0.125,False,4.53967236353951e-08
1e7f39ee1fe2fc3c214a20ab,generalized_translation,unforced_slide,cauchy,4,True,True,1.0418275288703,18,0.125,False,2.791262366431129e-06
1e7f39ee1fe2fc3c214a20ab,generalized_translation,unforced_slide,profile_map,22,True,True,-23.071852688661103,188,0.05385504174689848,False,0.00033831650820858466
1ed0b4bd67fd2e1576e8808b,generalized_translation,bounce,huber,3,True,True,0.5323853027921801,27,0.125,False,0.0009815027903547027
1ed0b4bd67fd2e1576e8808b,generalized_translation,bounce,cauchy,4,True,True,0.5322936093770075,18,0.125,False,0.0009814523520633644
1ed0b4bd67fd2e1576e8808b,generalized_translation,bounce,profile_map,29,True,True,-25.66620696260871,290,0.0397890380899685,False,0.0010224116503265623
1ed0b4bd67fd2e1576e8808b,setup_translation,bounce,huber,3,True,True,1.7825335456326306,16,0.125,False,0.0005992911733928297
1ed0b4bd67fd2e1576e8808b,setup_translation,bounce,cauchy,5,True,True,1.780374240367393,21,0.125,False,0.0006069247782624184
1ed0b4bd67fd2e1576e8808b,setup_translation,bounce,profile_map,14,True,True,-20.03895538165728,96,0.08038733696248106,False,0.0006244356337020807
1ee6e4bb82e5ea8874593f4f,generalized_translation,multiple_forces,huber,4,True,True,1.4791110456860652,26,0.125,False,1.1960302876982228e-05
1ee6e4bb82e5ea8874593f4f,generalized_translation,multiple_forces,cauchy,5,True,True,1.4790751113029317,35,0.125,False,1.3122994915316013e-05
1ee6e4bb82e5ea8874593f4f,generalized_translation,multiple_forces,profile_map,42,True,True,-27.06512281098294,395,0.028954589225650394,False,0.025541402478744726
1f004c05e7537c1e28dbbc71,generalized_translation,bounce,huber,3,True,True,2.4399360977933715,14,0.125,False,8.517461411545321e-08
1f004c05e7537c1e28dbbc71,generalized_translation,bounce,cauchy,4,True,True,2.4399024811472736,25,0.125,False,1.680324942670707e-07
1f004c05e7537c1e28dbbc71,generalized_translation,bounce,profile_map,34,True,True,-25.571908936606935,340,0.03109869226228904,False,0.0004638930659556665
1f004c05e7537c1e28dbbc71,setup_translation,bounce,huber,3,True,True,2.7174894647857735,12,0.125,False,1.626968789754521e-11
1f004c05e7537c1e28dbbc71,setup_translation,bounce,cauchy,4,True,True,2.7172643666891645,19,0.125,False,9.028251081976418e-07
1f004c05e7537c1e28dbbc71,setup_translation,bounce,profile_map,15,True,True,-22.514665918205942,126,0.045617439729273145,False,0.0003193980371937428
1f273d7e23ef0f4ab6228fef,generalized_translation,bounce,huber,3,True,True,0.4414408753738308,19,0.125,False,0.0006759578789400803
1f273d7e23ef0f4ab6228fef,generalized_translation,bounce,cauchy,4,True,True,0.4413532834853212,27,0.125,False,0.0006755323879955703
1f273d7e23ef0f4ab6228fef,generalized_translation,bounce,profile_map,27,True,True,-26.431075289424502,270,0.036261900327936386,False,0.0007049686749977841
1f273d7e23ef0f4ab6228fef,setup_translation,bounce,huber,3,True,True,0.4528770884357314,14,0.125,False,0.0005749040765913567
1f273d7e23ef0f4ab6228fef,setup_translation,bounce,cauchy,4,True,True,0.452762353106348,19,0.125,False,0.0005741912580355853
1f273d7e23ef0f4ab6228fef,setup_translation,bounce,profile_map,17,True,True,-26.29898543255253,126,0.03686492248380742,False,0.000601499319887404
1f284d9a7abee1eeb30501fa,generalized_translation,multiple_forces,huber,5,True,True,0.8953501882312098,25,0.125,False,1.0656502111250931e-05
1f284d9a7abee1eeb30501fa,generalized_translation,multiple_forces,cauchy,5,True,True,0.8952094754686367,30,0.125,False,4.603227259321793e-05
1f284d9a7abee1eeb30501fa,generalized_translation,multiple_forces,profile_map,51,True,True,-25.281692734251735,545,0.039826855758785425,False,0.04230457748179901
1f3126879607c1ebc9d9d3ba,generalized_translation,multiple_forces,huber,4,True,True,0.7651756598106633,26,0.125,False,1.5962564046538346e-06
1f3126879607c1ebc9d9d3ba,generalized_translation,multiple_forces,cauchy,4,True,True,0.7651148972026753,24,0.125,False,6.609186548176205e-06
1f3126879607c1ebc9d9d3ba,generalized_translation,multiple_forces,profile_map,38,True,True,-27.393323093518404,360,0.0304639136320513,False,0.033870596316321645
1f6082227b0d6a2bcf8faf06,generalized_translation,bounce,huber,3,True,True,0.16711104754253436,25,0.125,False,0.00012282112106494467
1f6082227b0d6a2bcf8faf06,generalized_translation,bounce,cauchy,3,True,True,0.16710474354794363,19,0.125,False,0.00012278354148633435
1f6082227b0d6a2bcf8faf06,generalized_translation,bounce,profile_map,24,True,True,-32.11781268839253,380,0.017856043409519348,False,9.830228144963046e-05
1f6082227b0d6a2bcf8faf06,setup_translation,bounce,huber,3,True,True,0.5829574229293051,14,0.125,False,0.0001409368061647261
1f6082227b0d6a2bcf8faf06,setup_translation,bounce,cauchy,5,True,True,0.5828021576695427,26,0.125,False,0.00014036118178668757
1f6082227b0d6a2bcf8faf06,setup_translation,bounce,profile_map,11,True,True,-24.888142776950488,117,0.04408194369621372,False,0.00012043438552567751
1f93314c8316455b8497f834,generalized_translation,multiple_forces,huber,5,True,True,2.3667850422245245,30,0.125,False,0.0008509199439195724
1f93314c8316455b8497f834,generalized_translation,multiple_forces,cauchy,5,True,True,2.366615028929348,38,0.125,False,0.0006883884142652484
1f93314c8316455b8497f834,generalized_translation,multiple_forces,profile_map,35,True,True,-26.79090626465453,325,0.025573166614439417,False,0.30398210170167844
1f9f64221e8a74f2eeabe117,generalized_translation,bounce,huber,3,True,True,0.19271172699209466,16,0.125,False,6.832176741602404e-13
1f9f64221e8a74f2eeabe117,generalized_translation,bounce,cauchy,3,True,True,0.1926985604487632,17,0.125,False,7.662417349994028e-08
1f9f64221e8a74f2eeabe117,generalized_translation,bounce,profile_map,27,True,True,-31.139445793670614,295,0.02017118809240697,False,1.532577359594606e-05
1f9f64221e8a74f2eeabe117,setup_translation,bounce,huber,3,True,True,0.5923668264076428,12,0.125,False,2.403866924177378e-10
1f9f64221e8a74f2eeabe117,setup_translation,bounce,cauchy,4,True,True,0.592185165593282,23,0.125,False,6.214993227251611e-07
1f9f64221e8a74f2eeabe117,setup_translation,bounce,profile_map,9,True,True,-24.833375747297094,105,0.04436857384794792,False,1.2401432468932307e-05
1fac9d757e979daa8063352d,generalized_translation,unforced_slide,huber,3,True,True,1.8850270758282703,21,0.125,False,0.0028318159557872017
1fac9d757e979daa8063352d,generalized_translation,unforced_slide,cauchy,5,True,True,1.8847003617719076,23,0.125,False,0.0028107460714663366
1fac9d757e979daa8063352d,generalized_translation,unforced_slide,profile_map,25,True,True,-23.176489822748835,200,0.046722841407396284,False,0.010670106470858453
1face429d58148e7a2937948,generalized_translation,bounce,huber,3,True,True,0.5898575823442507,20,0.125,False,0.00048476659645949884
1face429d58148e7a2937948,generalized_translation,bounce,cauchy,4,True,True,0.5897524643997304,21,0.125,False,0.0004841636970080644
1face429d58148e7a2937948,generalized_translation,bounce,profile_map,24,True,True,-26.038223777692703,330,0.03749588483554626,False,0.0005897135286939154
1face429d58148e7a2937948,setup_translation,bounce,huber,3,True,True,1.1511743998538095,16,0.125,False,0.001757201562239123
1face429d58148e7a2937948,setup_translation,bounce,cauchy,4,True,True,1.15064185021681,25,0.125,False,0.0017608616799747805
1face429d58148e7a2937948,setup_translation,bounce,profile_map,17,True,True,-22.299529043734278,132,0.05978785596919447,False,0.001709114226387502
202e85f665ada6797a66f2cb,generalized_translation,bounce,huber,3,True,True,0.34104449062248754,16,0.125,False,8.372100742773936e-13
202e85f665ada6797a66f2cb,generalized_translation,bounce,cauchy,4,True,True,0.3409424300958142,21,0.125,False,7.125803415343541e-07
202e85f665ada6797a66f2cb,generalized_translation,bounce,profile_map,24,True,True,-26.7847907173277,240,0.03503335116261426,False,9.125114054864374e-06
202e85f665ada6797a66f2cb,setup_translation,bounce,huber,3,True,True,0.9432113659163237,15,0.125,False,3.742218715404352e-11
202e85f665ada6797a66f2cb,setup_translation,bounce,cauchy,4,True,True,0.9427035538274653,14,0.125,False,1.1270566146568511e-06
202e85f665ada6797a66f2cb,setup_translation,bounce,profile_map,13,True,True,-22.5037137278024,144,0.05982460493878605,False,7.063532785336774e-06
20af9cfa4d2f17fbd8337981,generalized_translation,unforced_slide,huber,3,True,True,0.16944345040520195,20,0.125,False,2.477151906778788e-09
20af9cfa4d2f17fbd8337981,generalized_translation,unforced_slide,cauchy,4,True,True,0.16943496644931821,20,0.125,False,5.224943744816043e-07
20af9cfa4d2f17fbd8337981,generalized_translation,unforced_slide,profile_map,27,True,True,-31.37169793309898,232,0.019637606731120423,False,0.0002838832203778114
20ba89f9420712993463c4bb,generalized_translation,multiple_forces,huber,2,True,True,0.4611855766741872,17,0.125,False,1.3985210058658639e-06
20ba89f9420712993463c4bb,generalized_translation,multiple_forces,cauchy,4,True,True,0.4610372904098349,21,0.125,False,5.8476800931948795e-05
20ba89f9420712993463c4bb,generalized_translation,multiple_forces,profile_map,47,True,True,-26.261049770556312,365,0.036982056426001914,False,0.029064408894442256
20cbd6704d7151aeb451fa05,generalized_translation,unforced_slide,huber,3,True,True,2.060123340639519,26,0.125,False,0.003615962381800799
20cbd6704d7151aeb451fa05,generalized_translation,unforced_slide,cauchy,4,True,True,2.059891173138558,28,0.125,False,0.0036343761508074125
20cbd6704d7151aeb451fa05,generalized_translation,unforced_slide,profile_map,23,True,True,-23.50244970753649,208,0.04346258454307835,False,0.013621958811597716
20dc7ecb8dda577739c44011,generalized_translation,bounce,huber,2,True,True,0.49192764368973385,6,0.125,False,1.3452892431935734e-11
20dc7ecb8dda577739c44011,generalized_translation,bounce,cauchy,4,True,True,0.4916339443264182,16,0.125,False,1.0026539590460366e-06
20dc7ecb8dda577739c44011,generalized_translation,bounce,profile_map,15,True,True,-25.020421543613576,140,0.04382337004273558,False,9.231801776554401e-07
20dc7ecb8dda577739c44011,setup_translation,bounce,huber,2,True,True,0.6285496655989168,10,0.125,False,8.388927467837566e-12
20dc7ecb8dda577739c44011,setup_translation,bounce,cauchy,3,True,True,0.628202273587121,10,0.125,False,1.2716568015624669e-06
20dc7ecb8dda577739c44011,setup_translation,bounce,profile_map,14,True,True,-24.039513792059907,90,0.0495400994983895,False,7.761252886714897e-07
21069c6e85b74771433f7af2,generalized_translation,unforced_slide,huber,3,True,True,2.0072416034094465,25,0.125,False,0.0019655544136990485
21069c6e85b74771433f7af2,generalized_translation,unforced_slide,cauchy,4,True,True,2.0066497039742197,29,0.125,False,0.001935114695231892
21069c6e85b74771433f7af2,generalized_translation,unforced_slide,profile_map,23,True,True,-21.68839706686297,176,0.057452290922068563,False,0.008198244787378139
210f49347e1e5f3279099a3e,generalized_translation,unforced_slide,huber,3,True,True,1.2818846966392847,21,0.125,False,0.00013236909025317878
210f49347e1e5f3279099a3e,generalized_translation,unforced_slide,cauchy,4,True,True,1.2816122396308103,17,0.125,False,0.000133799674781665
210f49347e1e5f3279099a3e,generalized_translation,unforced_slide,profile_map,29,True,True,-23.58539302326237,212,0.048104822314015985,False,8.387684398066645e-05
214edff75a2848ea8583103b,generalized_translation,multiple_forces,huber,4,True,True,3.0115199004947764,42,0.125,False,0.001994847038307286
214edff75a2848ea8583103b,generalized_translation,multiple_forces,cauchy,5,True,True,3.011317457293914,42,0.125,False,0.0019996917640787894
214edff75a2848ea8583103b,generalized_translation,multiple_forces,profile_map,39,True,True,-23.565979784640653,485,0.03768849114980284,False,0.03845763488279427
2165add11becb29c6a7bf258,generalized_translation,bounce,huber,3,True,True,0.24100060517213145,16,0.125,False,1.5728858950357516e-10
2165add11becb29c6a7bf258,generalized_translation,bounce,cauchy,4,True,True,0.24096781085690488,22,0.125,False,5.5699236092152925e-09
2165add11becb29c6a7bf258,generalized_translation,bounce,profile_map,25,True,True,-28.77660359678514,320,0.027228924309892776,False,1.0986368949578745e-05
2165add11becb29c6a7bf258,setup_translation,bounce,huber,3,True,True,0.2733015304298493,12,0.125,False,5.914368015122839e-12
2165add11becb29c6a7bf258,setup_translation,bounce,cauchy,4,True,True,0.2732286584897413,16,0.125,False,5.934251464816613e-07
2165add11becb29c6a7bf258,setup_translation,bounce,profile_map,15,True,True,-28.14635529098273,159,0.02946115743360071,False,1.0095389124492101e-05
21b1704cd095d5761a20a69a,generalized_translation,bounce,huber,3,True,True,1.2686904718814227,15,0.125,False,0.0009609591353044565
21b1704cd095d5761a20a69a,generalized_translation,bounce,cauchy,4,True,True,1.2686772954247258,20,0.125,False,0.0009608215397628386
21b1704cd095d5761a20a69a,generalized_translation,bounce,profile_map,30,True,True,-29.466628235921135,335,0.021779597049006824,False,0.0014622977697735903
21b1704cd095d5761a20a69a,setup_translation,bounce,huber,4,True,True,1.5816061534973094,24,0.125,False,0.001337138169943403
21b1704cd095d5761a20a69a,setup_translation,bounce,cauchy,6,True,True,1.5814499646679656,32,0.125,False,0.0013376451364758846
21b1704cd095d5761a20a69a,setup_translation,bounce,profile_map,16,True,True,-24.34392181455927,144,0.04133491200029842,False,0.0017077293820784946
21e7b27fb7f9183886df6dd2,generalized_translation,bounce,huber,3,True,True,0.3597923681211974,15,0.125,False,1.5515608623189395e-11
21e7b27fb7f9183886df6dd2,generalized_translation,bounce,cauchy,4,True,True,0.3597568817870655,22,0.125,False,2.8784396677857596e-07
21e7b27fb7f9183886df6dd2,generalized_translation,bounce,profile_map,29,True,True,-28.868512038011048,365,0.026487339746984463,False,2.4737342604974762e-05
21e7b27fb7f9183886df6dd2,setup_translation,bounce,huber,3,True,True,1.2433791133800736,9,0.125,False,7.030279373131224e-11
21e7b27fb7f9183886df6dd2,setup_translation,bounce,cauchy,4,True,True,1.2427129595888262,15,0.125,False,9.788427336965452e-07
21e7b27fb7f9183886df6dd2,setup_translation,bounce,profile_map,11,True,True,-21.755579912198037,117,0.06444270281190398,False,1.7476287864537156e-05
21f4bbfc8146f53775564f9f,generalized_translation,multiple_forces,huber,5,True,True,2.142968113296961,51,0.125,False,5.723712846216409e-05
21f4bbfc8146f53775564f9f,generalized_translation,multiple_forces,cauchy,5,True,True,2.142907433136563,29,0.125,False,6.491778016621387e-05
21f4bbfc8146f53775564f9f,generalized_translation,multiple_forces,profile_map,44,True,True,-26.23823027190887,395,0.029575765770356848,False,0.03177782838632483
21fa2ef0a56840db2be053d3,generalized_translation,bounce,huber,3,True,True,0.9728188745093558,13,0.125,False,1.2433044625047427e-11
21fa2ef0a56840db2be053d3,generalized_translation,bounce,cauchy,4,True,True,0.9724554385968531,23,0.125,False,8.047363039689314e-07
21fa2ef0a56840db2be053d3,generalized_translation,bounce,profile_map,28,True,True,-23.983940718509803,380,0.0474793732939681,False,4.760447928310527e-05
21fa2ef0a56840db2be053d3,setup_translation,bounce,huber,3,True,True,1.4325600084502836,10,0.125,False,2.713060726273846e-11
21fa2ef0a56840db2be053d3,setup_translation,bounce,cauchy,4,True,True,1.4317305172391237,11,0.125,False,2.629720259326402e-06
21fa2ef0a56840db2be053d3,setup_translation,bounce,profile_map,14,True,True,-21.641145741354006,120,0.06363140613723071,False,3.6146818365385714e-05
2209e427b865f28da9b64678,generalized_translation,bounce,huber,3,True,True,2.6573680772633845,14,0.125,False,3.832316867190876e-08
2209e427b865f28da9b64678,generalized_translation,bounce,cauchy,5,True,True,2.657085754359526,22,0.125,False,2.5128078347480323e-06
2209e427b865f28da9b64678,generalized_translation,bounce,profile_map,35,True,True,-22.484302391444157,350,0.046217335777573545,False,0.0004043847633040478
2209e427b865f28da9b64678,setup_translation,bounce,huber,3,True,True,2.7034067735534526,17,0.125,False,1.0186624215163778e-10
2209e427b865f28da9b64678,setup_translation,bounce,cauchy,5,True,True,2.7030858710545633,16,0.125,False,1.4195057710824612e-06
2209e427b865f28da9b64678,setup_translation,bounce,profile_map,14,True,True,-22.17267716998989,105,0.04804159057617553,False,0.0003058310237294998
2235d45a62c6a14414aa8397,generalized_translation,bounce,huber,3,True,True,2.785927515801689,14,0.125,False,4.8378686617315526e-08
2235d45a62c6a14414aa8397,generalized_translation,bounce,cauchy,5,True,True,2.785645106504409,34,0.125,False,2.3972754548470296e-06
2235d45a62c6a14414aa8397,generalized_translation,bounce,profile_map,25,True,True,-22.35575651051184,285,0.04621732340364944,False,0.0003797854420497295
2235d45a62c6a14414aa8397,setup_translation,bounce,huber,3,True,True,2.8319311582731506,15,0.125,False,1.3242987271160823e-11
2235d45a62c6a14414aa8397,setup_translation,bounce,cauchy,5,True,True,2.8316102074557716,26,0.125,False,1.3672763939467055e-06
2235d45a62c6a14414aa8397,setup_translation,bounce,profile_map,11,True,True,-22.044163064382545,81,0.04804157983727372,False,0.00028722896201084777
226e92a50875f8264e6f4724,generalized_translation,bounce,huber,3,True,True,0.850840433616108,14,0.125,False,2.0320849586024706e-11
226e92a50875f8264e6f4724,generalized_translation,bounce,cauchy,4,True,True,0.8507077773254317,20,0.125,False,6.05494749039422e-07
226e92a50875f8264e6f4724,generalized_translation,bounce,profile_map,22,True,True,-25.166883426490944,245,0.04080566176106421,False,4.310497988711384e-05
226e92a50875f8264e6f4724,setup_translation,bounce,huber,3,True,True,1.4262746836589881,8,0.125,False,3.7049024060593884e-11
226e92a50875f8264e6f4724,setup_translation,bounce,cauchy,4,True,True,1.4257075430593358,20,0.125,False,5.159027032390824e-07
226e92a50875f8264e6f4724,setup_translation,bounce,profile_map,17,True,True,-21.753120217806547,138,0.06251358254507736,False,3.2290996195110104e-05
22c9b91990d0cd64dab2b397,generalized_translation,bounce,huber,3,True,True,54.76766894403101,15,0.125,False,0.17377391785805088
22c9b91990d0cd64dab2b397,generalized_translation,bounce,cauchy,10,True,True,51.500706931106734,38,0.125,False,0.17613539315244078
22c9b91990d0cd64dab2b397,generalized_translation,bounce,profile_map,27,True,True,-26.17766756592337,260,0.0348223233639562,False,0.0017628187244751274
22c9b91990d0cd64dab2b397,setup_translation,bounce,huber,3,True,True,1.0082624949173267,24,0.125,False,0.00214313367261379
22c9b91990d0cd64dab2b397,setup_translation,bounce,cauchy,4,True,True,1.0081639949121317,19,0.125,False,0.0021408189806650154
22c9b91990d0cd64dab2b397,setup_translation,bounce,profile_map,16,True,True,-25.99421128740295,138,0.03562461954530814,False,0.0018343551735459092
23030c7af4731bec9b41c5c6,generalized_translation,bounce,huber,3,True,True,0.7096283730346341,16,0.125,False,9.347952325507776e-10
23030c7af4731bec9b41c5c6,generalized_translation,bounce,cauchy,4,True,True,0.7095686426229251,23,0.125,False,3.893812933193479e-07
23030c7af4731bec9b41c5c6,generalized_translation,bounce,profile_map,31,True,True,-26.850420332336583,310,0.03303859210733164,False,4.46649019425588e-05
23030c7af4731bec9b41c5c6,setup_translation,bounce,huber,3,True,True,1.0025852678440832,17,0.125,False,1.5578193711117986e-11
23030c7af4731bec9b41c5c6,setup_translation,bounce,cauchy,4,True,True,1.0024417538679673,17,0.125,False,3.202903305911343e-07
23030c7af4731bec9b41c5c6,setup_translation,bounce,profile_map,11,True,True,-23.97659554553554,129,0.047324235608278226,False,3.6182802129848566e-05
2328d8b3a476cd53350e099b,generalized_translation,unforced_slide,huber,2,True,True,0.7966720797136734,17,0.125,False,1.5935754399702487e-09
2328d8b3a476cd53350e099b,generalized_translation,unforced_slide,cauchy,4,True,True,0.7963662500295664,21,0.125,False,4.488476028402155e-06
2328d8b3a476cd53350e099b,generalized_translation,unforced_slide,profile_map,19,True,True,-23.095567505579815,204,0.055736488389841875,False,3.996988816051297e-05
23f0be44501a637a0536a320,generalized_translation,bounce,huber,3,True,True,3.5132362099738783,15,0.125,False,1.0339371238372647e-07
23f0be44501a637a0536a320,generalized_translation,bounce,cauchy,5,True,True,3.512092737064733,23,0.125,False,1.4491758161674916e-05
23f0be44501a637a0536a320,generalized_translation,bounce,profile_map,27,True,True,-19.87369542483563,355,0.06040682409789721,False,0.0004982061749186139
23f0be44501a637a0536a320,setup_translation,bounce,huber,3,True,True,3.6718475736824017,16,0.125,False,1.5511072031866699e-10
23f0be44501a637a0536a320,setup_translation,bounce,cauchy,5,True,True,3.6707032954153784,32,0.125,False,1.6898920223562098e-05
23f0be44501a637a0536a320,setup_translation,bounce,profile_map,16,True,True,-19.23431895175036,159,0.06547162468749,False,0.00035645851032230545
23ff3cd11b982132341a14d7,generalized_translation,bounce,huber,3,True,True,0.0839783369668652,17,0.125,False,2.712912174462882e-11
23ff3cd11b982132341a14d7,generalized_translation,bounce,cauchy,3,True,True,0.08397415427518927,13,0.125,False,2.6394398119544705e-09
23ff3cd11b982132341a14d7,generalized_translation,bounce,profile_map,26,True,True,-32.5923203512671,260,0.016987059059860327,False,5.2412907169931935e-06
23ff3cd11b982132341a14d7,setup_translation,bounce,huber,3,True,True,0.35440595270046377,16,0.125,False,5.239939016384621e-12
23ff3cd11b982132341a14d7,setup_translation,bounce,cauchy,4,True,True,0.3543362786393196,29,0.125,False,1.434047249742908e-07
23ff3cd11b982132341a14d7,setup_translation,bounce,profile_map,8,True,True,-26.43568755359477,72,0.03667259269797936,False,4.56295594198868e-06
24266a2126e37f14647f94fc,generalized_translation,unforced_slide,huber,3,True,True,1.0819777345310222,15,0.125,False,7.349041839329168e-05
24266a2126e37f14647f94fc,generalized_translation,unforced_slide,cauchy,4,True,True,1.081709568389308,23,0.125,False,7.661955647861152e-05
24266a2126e37f14647f94fc,generalized_translation,unforced_slide,profile_map,20,True,True,-24.34000510690546,176,0.044391528030850266,False,0.0002374298042955824
2439fd297371a1fb17bb9f27,generalized_translation,unforced_slide,huber,2,True,True,0.275568548131153,12,0.125,False,3.0200495788997213e-07
2439fd297371a1fb17bb9f27,generalized_translation,unforced_slide,cauchy,3,True,True,0.2755673811724484,17,0.125,False,5.299434960638825e-07
2439fd297371a1fb17bb9f27,generalized_translation,unforced_slide,profile_map,26,True,True,-34.75088852205735,224,0.012609650857335447,False,0.0017369220977864336
24b8a9d1935261f4308eca39,generalized_translation,unforced_slide,huber,3,True,True,1.3766690385190787,23,0.125,False,0.0005500677227191248
24b8a9d1935261f4308eca39,generalized_translation,unforced_slide,cauchy,4,True,True,1.3763890508962875,32,0.125,False,0.000560558152296439
24b8a9d1935261f4308eca39,generalized_translation,unforced_slide,profile_map,25,True,True,-24.002812900520727,324,0.044642897510617806,False,0.006110244675360571
24ecb532149fa374a6ade0f8,generalized_translation,bounce,huber,2,True,True,0.03546491216173411,11,0.125,False,8.812965148873104e-12
24ecb532149fa374a6ade0f8,generalized_translation,bounce,cauchy,3,True,True,0.035464250293090034,15,0.125,False,1.0096458630209078e-08
24ecb532149fa374a6ade0f8,generalized_translation,bounce,profile_map,24,True,True,-36.133938684727234,255,0.010917796376251829,False,3.4200606957253447e-06
24ecb532149fa374a6ade0f8,setup_translation,bounce,huber,3,True,True,0.48757294187567757,15,0.125,False,1.598339836749921e-11
24ecb532149fa374a6ade0f8,setup_translation,bounce,cauchy,4,True,True,0.4874180178891973,12,0.125,False,3.0400557827104486e-07
24ecb532149fa374a6ade0f8,setup_translation,bounce,profile_map,10,True,True,-25.08903358914734,114,0.04342438344474324,False,2.7816842418236556e-06
2582c3c266d0ee356ae2d2e1,generalized_translation,unforced_slide,huber,3,True,True,0.24807052841896743,16,0.125,False,1.4193367156462745e-09
2582c3c266d0ee356ae2d2e1,generalized_translation,unforced_slide,cauchy,3,True,True,0.24804931861222435,13,0.125,False,1.8258846979241544e-07
2582c3c266d0ee356ae2d2e1,generalized_translation,unforced_slide,profile_map,21,True,True,-28.525524786815158,216,0.028116297038484908,False,0.0001858456109072235
25aca306d3fe0a9195f1aab9,generalized_translation,multiple_forces,huber,3,True,True,1.0709432216572825,21,0.125,False,2.404083297230707e-08
25aca306d3fe0a9195f1aab9,generalized_translation,multiple_forces,cauchy,5,True,True,1.0699486563347511,35,0.125,False,8.03056017907355e-05
25aca306d3fe0a9195f1aab9,generalized_translation,multiple_forces,profile_map,35,True,True,-22.151469232521535,410,0.06206800416315936,False,0.0004020454655132584
263f38053d0e43bcff67c613,generalized_translation,bounce,huber,3,True,True,0.597575979028075,16,0.125,False,0.0012046576761366625
263f38053d0e43bcff67c613,generalized_translation,bounce,cauchy,4,True,True,0.5975754144936644,17,0.125,False,0.0012046567783643262
263f38053d0e43bcff67c613,generalized_translation,bounce,profile_map,28,True,True,-35.499025107043884,390,0.011018258298962228,False,0.0013753764480727594
263f38053d0e43bcff67c613,setup_translation,bounce,huber,3,True,True,0.7549724409696701,19,0.125,False,0.0011303104888865142
263f38053d0e43bcff67c613,setup_translation,bounce,cauchy,4,True,True,0.7549415252153934,14,0.125,False,0.0011298511795474022
263f38053d0e43bcff67c613,setup_translation,bounce,profile_map,9,True,True,-28.275969490224806,132,0.02718116019791378,False,0.0012178140807548208
26502ac80eca863caa9670ac,generalized_translation,bounce,huber,2,True,True,0.311056346382367,6,0.125,False,9.205163841519432e-12
26502ac80eca863caa9670ac,generalized_translation,bounce,cauchy,3,True,True,0.31098330410516417,14,0.125,False,7.557158717271707e-07
26502ac80eca863caa9670ac,generalized_translation,bounce,profile_map,14,True,True,-26.851863352216274,125,0.03485763018489466,False,1.2306884354964517e-07
26502ac80eca863caa9670ac,setup_translation,bounce,huber,2,True,True,0.5793250778752108,6,0.125,False,2.1496955893243035e-12
26502ac80eca863caa9670ac,setup_translation,bounce,cauchy,3,True,True,0.579149394488164,10,0.125,False,1.213916621793861e-06
26502ac80eca863caa9670ac,setup_translation,bounce,profile_map,11,True,True,-24.364285251098984,93,0.047570814052781414,False,8.037764101102874e-08
26530e59aca19c5886c80470,generalized_translation,unforced_slide,huber,3,True,True,1.0295504277591636,14,0.125,False,0.0001428198093237811
26530e59aca19c5886c80470,generalized_translation,unforced_slide,cauchy,4,True,True,1.029488871162474,22,0.125,False,0.00014401430589002054
26530e59aca19c5886c80470,generalized_translation,unforced_slide,profile_map,28,True,True,-25.894414848504763,276,0.03600772513429995,False,9.260313459894754e-05
26965066e9e944c7f94f3977,generalized_translation,bounce,huber,3,True,True,0.36199967998210664,17,0.125,False,9.685266504068283e-12
26965066e9e944c7f94f3977,generalized_translation,bounce,cauchy,3,True,True,0.3618719667006185,16,0.125,False,3.770725314211325e-07
26965066e9e944c7f94f3977,generalized_translation,bounce,profile_map,23,True,True,-26.463891804643396,235,0.036493557113996836,False,5.6970014936387146e-06
26965066e9e944c7f94f3977,setup_translation,bounce,huber,3,True,True,0.6028932705134409,12,0.125,False,2.7656317943706064e-11
26965066e9e944c7f94f3977,setup_translation,bounce,cauchy,4,True,True,0.6024767339453639,23,0.125,False,2.1020287564364406e-06
26965066e9e944c7f94f3977,setup_translation,bounce,profile_map,13,True,True,-24.325226634483176,144,0.04767868601467039,False,4.976890672618516e-06
26a9b7ac800c3069eed8135d,generalized_translation,bounce,huber,3,True,True,33.50431055803513,14,0.125,False,0.136882030248857
26a9b7ac800c3069eed8135d,generalized_translation,bounce,cauchy,8,True,True,32.35820899527687,31,0.125,False,0.1378526385453727
26a9b7ac800c3069eed8135d,generalized_translation,bounce,profile_map,29,True,True,-31.596522420101824,435,0.01721737623848934,False,0.0010636499693340306
26a9b7ac800c3069eed8135d,setup_translation,bounce,huber,3,True,True,1.372222799221578,13,0.125,False,0.0011711884495323617
26a9b7ac800c3069eed8135d,setup_translation,bounce,cauchy,6,True,True,1.3719477176201562,39,0.125,False,0.0011745918708038722
26a9b7ac800c3069eed8135d,setup_translation,bounce,profile_map,15,True,True,-24.30785348623905,129,0.042790445692141785,False,0.0008528979646495264
282fcac03b95a911d304fab2,generalized_translation,bounce,huber,3,True,True,0.6492689205228604,16,0.125,False,2.31157186715323e-11
282fcac03b95a911d304fab2,generalized_translation,bounce,cauchy,4,True,True,0.6488968188122322,14,0.125,False,4.5975996796004675e-07
282fcac03b95a911d304fab2,generalized_translation,bounce,profile_map,20,True,True,-24.069057611827162,310,0.04917271779738674,False,8.241923639694106e-06
282fcac03b95a911d304fab2,setup_translation,bounce,huber,3,True,True,0.8780828024041316,11,0.125,False,1.1302767840952207e-11
282fcac03b95a911d304fab2,setup_translation,bounce,cauchy,4,True,True,0.87710751340521,17,0.125,False,4.695159622611677e-06
282fcac03b95a911d304fab2,setup_translation,bounce,profile_map,13,True,True,-22.810638671350144,141,0.05754963139450867,False,7.212614548391077e-06
2869af406ca844ce85aaaf50,generalized_translation,bounce,huber,3,True,True,15.213980330019256,15,0.125,False,0.08243089684627848
2869af406ca844ce85aaaf50,generalized_translation,bounce,cauchy,7,True,True,15.004735493701421,34,0.125,False,0.08267339154990533
2869af406ca844ce85aaaf50,generalized_translation,bounce,profile_map,25,True,True,-25.44080228954249,270,0.038018292920731576,False,0.00023767084071987194
2869af406ca844ce85aaaf50,setup_translation,bounce,huber,3,True,True,1.8741609689655294,12,0.125,False,0.0012594107322628167
2869af406ca844ce85aaaf50,setup_translation,bounce,cauchy,4,True,True,1.8733100129137772,15,0.125,False,0.0012605987684442424
2869af406ca844ce85aaaf50,setup_translation,bounce,profile_map,9,True,True,-20.874903886481732,150,0.06728951317344317,False,0.0014456336982893528
28e37391e7741d058dd075ad,generalized_translation,multiple_forces,huber,5,True,True,2.8213923393381473,52,0.125,False,0.0012679311524138165
28e37391e7741d058dd075ad,generalized_translation,multiple_forces,cauchy,9,True,True,2.8204653643211053,60,0.125,False,0.0007931914877362746
28e37391e7741d058dd075ad,generalized_translation,multiple_forces,profile_map,42,True,True,-20.587378302688236,380,0.05918299496965002,False,0.1691362496615998
29080f43edb711a48f72f8e1,generalized_translation,multiple_forces,huber,5,True,True,1.8290332048307194,30,0.125,False,0.0003401309531351532
29080f43edb711a48f72f8e1,generalized_translation,multiple_forces,cauchy,5,True,True,1.8289275867166905,39,0.125,False,0.00023860642251488428
29080f43edb711a48f72f8e1,generalized_translation,multiple_forces,profile_map,42,True,True,-27.466423863298218,385,0.025545349007459865,False,0.22322748354576835
298828ff8aac184d102fed9d,generalized_translation,multiple_forces,huber,5,True,True,0.6768770058143915,26,0.125,False,1.023867022283181e-05
298828ff8aac184d102fed9d,generalized_translation,multiple_forces,cauchy,5,True,True,0.676852753545524,42,0.125,False,3.1660613035580973e-06
298828ff8aac184d102fed9d,generalized_translation,multiple_forces,profile_map,43,True,True,-29.044055719054786,335,0.02477923244778166,False,0.05983773276052927
2a8dd7ff6159286dffd6074e,generalized_translation,multiple_forces,huber,7,True,True,2.99065741913651,61,0.125,False,0.0003713556577222902
2a8dd7ff6159286dffd6074e,generalized_translation,multiple_forces,cauchy,5,True,True,2.9901279698086203,82,0.125,False,0.0005638787421295257
2a8dd7ff6159286dffd6074e,generalized_translation,multiple_forces,profile_map,52,True,True,-21.14651137923205,475,0.05307958660909286,False,0.11841441081811083
2a918757abfc6bda69bf8bda,generalized_translation,multiple_forces,huber,3,True,True,0.2815526205183023,29,0.125,False,3.8966138667632974e-08
2a918757abfc6bda69bf8bda,generalized_translation,multiple_forces,cauchy,5,True,True,0.28153515071963614,30,0.125,False,5.91264114437029e-06
2a918757abfc6bda69bf8bda,generalized_translation,multiple_forces,profile_map,45,True,True,-29.98598641124435,385,0.023136592993639356,False,0.003390358450403773
2a9c3d903a8628bef5269ffe,generalized_translation,multiple_forces,huber,3,True,True,1.6537976141574111,38,0.125,False,2.184872444871538e-05
2a9c3d903a8628bef5269ffe,generalized_translation,multiple_forces,cauchy,5,True,True,1.6537428237196514,37,0.125,False,2.5677354083074286e-06
2a9c3d903a8628bef5269ffe,generalized_translation,multiple_forces,profile_map,46,True,True,-25.95666749598399,430,0.032734639597789786,False,0.04861857846055329
2ab6957be5969d8d44722a4c,generalized_translation,bounce,huber,13,True,True,120.10493749354083,47,0.125,False,0.30175708767631776
2ab6957be5969d8d44722a4c,generalized_translation,bounce,cauchy,15,True,True,107.02692535180516,58,0.125,False,0.30667803566657686
2ab6957be5969d8d44722a4c,generalized_translation,bounce,profile_map,30,True,True,-21.185809841714835,255,0.059751887994811015,False,0.002334563938579827
2ab6957be5969d8d44722a4c,setup_translation,bounce,huber,3,True,True,4.250274528047435,11,0.125,False,0.0008764739674842014
2ab6957be5969d8d44722a4c,setup_translation,bounce,cauchy,5,True,True,4.2449734791331295,29,0.125,False,0.0009179592508878334
2ab6957be5969d8d44722a4c,setup_translation,bounce,profile_map,17,True,True,-16.584538842515958,123,0.10581648160005606,False,0.0006928939025222237
2adc57e8054035c8d2dbb5dc,generalized_translation,multiple_forces,huber,5,True,True,1.2897665888128746,32,0.125,False,0.0005535894809876491
2adc57e8054035c8d2dbb5dc,generalized_translation,multiple_forces,cauchy,5,True,True,1.2897485545525622,32,0.125,False,0.0005313328181597972
2adc57e8054035c8d2dbb5dc,generalized_translation,multiple_forces,profile_map,36,True,True,-29.73791496292251,370,0.020777101054831968,False,0.13805630807751135
2ae06e57fb81b3c127518efc,generalized_translation,multiple_forces,huber,3,True,True,0.755418746805498,21,0.125,False,2.4116770351440583e-09
2ae06e57fb81b3c127518efc,generalized_translation,multiple_forces,cauchy,5,True,True,0.7551195879466027,22,0.125,False,1.5692020693300668e-05
2ae06e57fb81b3c127518efc,generalized_translation,multiple_forces,profile_map,34,True,True,-23.531386363376384,285,0.05245188651010763,False,0.005449958447617793
2b35c706b05c22f5776f3bf9,generalized_translation,bounce,huber,3,True,True,2.0329004476876866,14,0.125,False,3.3191340578750936e-10
2b35c706b05c22f5776f3bf9,generalized_translation,bounce,cauchy,4,True,True,2.032539329964526,15,0.125,False,1.2921131501903342e-06
2b35c706b05c22f5776f3bf9,generalized_translation,bounce,profile_map,30,True,True,-23.018188158649956,360,0.04683019029596393,False,0.00020877624390066383
2b35c706b05c22f5776f3bf9,setup_translation,bounce,huber,3,True,True,2.2885836358635396,19,0.125,False,1.0143837692809289e-10
2b35c706b05c22f5776f3bf9,setup_translation,bounce,cauchy,4,True,True,2.2875110387418847,15,0.125,False,9.32841525260352e-06
2b35c706b05c22f5776f3bf9,setup_translation,bounce,profile_map,11,True,True,-21.542426125456135,129,0.056271847714999844,False,0.00015580346130411674
2b466b1d3c7c34d231fbb8c6,generalized_translation,bounce,huber,3,True,True,0.21525958923850877,14,0.125,False,1.424881484759658e-11
2b466b1d3c7c34d231fbb8c6,generalized_translation,bounce,cauchy,4,True,True,0.21523807581627025,16,0.125,False,2.427231096245172e-08
2b466b1d3c7c34d231fbb8c6,generalized_translation,bounce,profile_map,23,True,True,-28.64666512480796,210,0.027791504558993395,False,6.718070143974771e-06
2b466b1d3c7c34d231fbb8c6,setup_translation,bounce,huber,3,True,True,1.2981090073320496,11,0.125,False,4.142174059167317e-12
2b466b1d3c7c34d231fbb8c6,setup_translation,bounce,cauchy,4,True,True,1.2964303262865788,13,0.125,False,5.285111477070835e-06
2b466b1d3c7c34d231fbb8c6,setup_translation,bounce,profile_map,18,True,True,-21.17364771009326,96,0.07073034288847327,False,4.497448713278131e-06
2bbb9eb8e167fd450279295c,generalized_translation,bounce,huber,3,True,True,0.6526393622971083,20,0.125,False,4.387445257281716e-05
2bbb9eb8e167fd450279295c,generalized_translation,bounce,cauchy,4,True,True,0.6524935892444306,20,0.125,False,4.445832518722933e-05
2bbb9eb8e167fd450279295c,generalized_translation,bounce,profile_map,24,True,True,-25.679962112928273,290,0.039055639115979764,False,4.914405625414781e-05
2bbb9eb8e167fd450279295c,setup_translation,bounce,huber,3,True,True,1.2632621749926727,20,0.125,False,0.0011868831511291133
2bbb9eb8e167fd450279295c,setup_translation,bounce,cauchy,4,True,True,1.2625908289573402,15,0.125,False,0.0011842216377058647
2bbb9eb8e167fd450279295c,setup_translation,bounce,profile_map,17,True,True,-21.90676794239771,126,0.06261129828908221,False,0.001227155048610012
2c82b7c165be135dc7ce45ad,generalized_translation,unforced_slide,huber,3,True,True,1.6907541542692561,22,0.125,False,0.002013025648969211
2c82b7c165be135dc7ce45ad,generalized_translation,unforced_slide,cauchy,6,True,True,1.6904933450422799,39,0.125,False,0.0020045428686503493
2c82b7c165be135dc7ce45ad,generalized_translation,unforced_slide,profile_map,25,True,True,-22.968892894088263,180,0.04958037936691148,False,0.006782547798992735
2c8f1d579ddc8f0d63122eb3,generalized_translation,unforced_slide,huber,3,True,True,1.0372070166338456,17,0.125,False,0.0005395550511584729
2c8f1d579ddc8f0d63122eb3,generalized_translation,unforced_slide,cauchy,4,True,True,1.0371442572370846,19,0.125,False,0.0005380128844701163
2c8f1d579ddc8f0d63122eb3,generalized_translation,unforced_slide,profile_map,32,True,True,-26.017007655364463,280,0.03536465762565377,False,0.00468961735720732
2cc4971efae47887cf9fbcab,generalized_translation,multiple_forces,huber,3,True,True,1.595021531054487,20,0.125,False,8.421755254857208e-06
2cc4971efae47887cf9fbcab,generalized_translation,multiple_forces,cauchy,4,True,True,1.5948947405982918,30,0.125,False,2.7238187637053142e-06
2cc4971efae47887cf9fbcab,generalized_translation,multiple_forces,profile_map,37,True,True,-24.118593618688962,350,0.042556233197073794,False,0.0113984070717382
2d1ffec7a81074131e280f8f,generalized_translation,bounce,huber,3,True,True,0.24360840910488576,14,0.125,False,2.0438593587165367e-11
2d1ffec7a81074131e280f8f,generalized_translation,bounce,cauchy,4,True,True,0.24355064906496068,24,0.125,False,2.737168927744644e-07
2d1ffec7a81074131e280f8f,generalized_translation,bounce,profile_map,21,True,True,-28.12941417790597,315,0.02964362838173072,False,6.895445352292964e-06
2d1ffec7a81074131e280f8f,setup_translation,bounce,huber,3,True,True,0.40773326786470065,18,0.125,False,1.5679309963103078e-10
2d1ffec7a81074131e280f8f,setup_translation,bounce,cauchy,4,True,True,0.4075805798099857,27,0.125,False,4.816111098168933e-07
2d1ffec7a81074131e280f8f,setup_translation,bounce,profile_map,11,True,True,-25.93886619358658,78,0.03898015879024366,False,6.209240546995844e-06
2d77037851f5eb42e660ed67,generalized_translation,multiple_forces,huber,5,True,True,0.9079901765701127,39,0.125,False,0.00010757094624214501
2d77037851f5eb42e660ed67,generalized_translation,multiple_forces,cauchy,5,True,True,0.907931139268787,36,0.125,False,8.56405912172023e-05
2d77037851f5eb42e660ed67,generalized_translation,multiple_forces,profile_map,40,True,True,-26.286900397844516,330,0.034512585766064224,False,0.09223073849548032
2d7b81a6b31bf98acc61ce29,generalized_translation,multiple_forces,huber,3,True,True,0.5206549586568909,21,0.125,False,1.8402316529433822e-05
2d7b81a6b31bf98acc61ce29,generalized_translation,multiple_forces,cauchy,6,True,True,0.5206105503487898,40,0.125,False,1.0766329702393259e-05
2d7b81a6b31bf98acc61ce29,generalized_translation,multiple_forces,profile_map,36,True,True,-29.030755492666195,305,0.025313394646369274,False,0.06665443679100205
2d8340c30f530c58a619d6f9,generalized_translation,multiple_forces,huber,4,True,True,1.9709806123989233,43,0.125,False,0.0005626280964868191
2d8340c30f530c58a619d6f9,generalized_translation,multiple_forces,cauchy,6,True,True,1.9708189186491387,51,0.125,False,0.000410063256793028
2d8340c30f530c58a619d6f9,generalized_translation,multiple_forces,profile_map,41,True,True,-26.196330781618023,415,0.029892092490401118,False,0.18870691691060387
2da952beba5996187f2278a8,generalized_translation,multiple_forces,huber,4,True,True,0.3321771357144532,27,0.125,False,6.263129770758881e-07
2da952beba5996187f2278a8,generalized_translation,multiple_forces,cauchy,4,True,True,0.33214777189266165,31,0.125,False,5.971772372008217e-06
2da952beba5996187f2278a8,generalized_translation,multiple_forces,profile_map,40,True,True,-28.598249955562196,355,0.02754001119205027,False,0.00662116722329067
2dbe019532972333f4943316,generalized_translation,bounce,huber,3,True,True,29.288462525909875,26,0.125,False,0.12264663705126604
2dbe019532972333f4943316,generalized_translation,bounce,cauchy,8,True,True,28.45117237090119,31,0.125,False,0.12338487647188749
2dbe019532972333f4943316,generalized_translation,bounce,profile_map,32,True,True,-25.154134186328328,305,0.03960667457243225,False,0.00015566060438649263
2dbe019532972333f4943316,setup_translation,bounce,huber,3,True,True,1.1554612825093087,12,0.125,False,0.0004505987481642843
2dbe019532972333f4943316,setup_translation,bounce,cauchy,4,True,True,1.1553150753084886,38,0.125,False,0.0004514063379311212
2dbe019532972333f4943316,setup_translation,bounce,profile_map,17,True,True,-24.44830628097822,120,0.04325629057779923,False,0.0001838211554350696
2dce9ec9390790d36eba5104,generalized_translation,unforced_slide,huber,3,True,True,0.7171123720849116,14,0.125,False,8.50731675112959e-07
2dce9ec9390790d36eba5104,generalized_translation,unforced_slide,cauchy,4,True,True,0.7170039497807672,16,0.125,False,5.096695486189868e-06
2dce9ec9390790d36eba5104,generalized_translation,unforced_slide,profile_map,22,True,True,-26.609792103608562,180,0.03408864900625926,False,0.0021257940673211355
2df4dce9782b329a03207466,generalized_translation,unforced_slide,huber,3,True,True,0.75370252162966,20,0.125,False,8.13684943311697e-05
2df4dce9782b329a03207466,generalized_translation,unforced_slide,cauchy,4,True,True,0.7536876491445244,26,0.125,False,8.127628943717322e-05
2df4dce9782b329a03207466,generalized_translation,unforced_slide,profile_map,32,True,True,-29.645989264323234,264,0.022744463447855662,False,0.0003048392500107032
2e19416a898af081a5520474,generalized_translation,bounce,huber,3,True,True,0.5163568769772718,21,0.125,False,7.876042901000181e-10
2e19416a898af081a5520474,generalized_translation,bounce,cauchy,4,True,True,0.5162218144354909,18,0.125,False,7.512332421495438e-07
2e19416a898af081a5520474,generalized_translation,bounce,profile_map,30,True,True,-25.306666511833228,285,0.04193640536863711,False,1.1352489459104282e-05
2e19416a898af081a5520474,setup_translation,bounce,huber,3,True,True,1.2537274859136929,13,0.125,False,5.661931300762945e-14
2e19416a898af081a5520474,setup_translation,bounce,cauchy,4,True,True,1.252528188012629,15,0.125,False,1.3360114471504065e-07
2e19416a898af081a5520474,setup_translation,bounce,profile_map,14,True,True,-21.425832361500937,126,0.06812290807151442,False,8.245300161609603e-06
2e43ffecd0c1d7a5b2f197af,generalized_translation,multiple_forces,huber,4,True,True,3.266009568323375,41,0.125,False,0.001541396974065522
2e43ffecd0c1d7a5b2f197af,generalized_translation,multiple_forces,cauchy,7,True,True,3.2654619820354123,63,0.125,False,0.001325038290001542
2e43ffecd0c1d7a5b2f197af,generalized_translation,multiple_forces,profile_map,48,True,True,-20.185857266673032,500,0.058404826918783896,False,0.2023364263248348
2e662b3dae6373004eaf059a,generalized_translation,multiple_forces,huber,3,True,True,1.464767235251785,26,0.125,False,4.532512093268345e-05
2e662b3dae6373004eaf059a,generalized_translation,multiple_forces,cauchy,6,True,True,1.4647066290121615,48,0.125,False,5.0417065191021007e-05
2e662b3dae6373004eaf059a,generalized_translation,multiple_forces,profile_map,46,True,True,-26.590811193675226,525,0.03091790896449849,False,0.004734744647250498
2e6d1ce70ef5bedee2dd8ad2,generalized_translation,multiple_forces,huber,5,True,True,1.5952517259724686,38,0.125,False,0.0001980540577161764
2e6d1ce70ef5bedee2dd8ad2,generalized_translation,multiple_forces,cauchy,5,True,True,1.595222637324848,31,0.125,False,0.0001968577427493362
2e6d1ce70ef5bedee2dd8ad2,generalized_translation,multiple_forces,profile_map,44,True,True,-27.27527415499422,385,0.02774108155703474,False,0.01833009928855856
2e85aed3f7ad32b1eb62b4fe,generalized_translation,unforced_slide,huber,3,True,True,0.08952030381863348,19,0.125,False,1.4121101352887827e-10
2e85aed3f7ad32b1eb62b4fe,generalized_translation,unforced_slide,cauchy,4,True,True,0.0895157391798406,26,0.125,False,8.091161774615077e-08
2e85aed3f7ad32b1eb62b4fe,generalized_translation,unforced_slide,profile_map,18,True,True,-32.13711117186228,160,0.017989374703303366,False,0.00011569816667751165
2ecdf7a69f27bf9cb5a16566,generalized_translation,unforced_slide,huber,4,True,True,1.046245782173571,18,0.125,False,0.0002716019453693717
2ecdf7a69f27bf9cb5a16566,generalized_translation,unforced_slide,cauchy,4,True,True,1.046058473412735,28,0.125,False,0.0002630208864092261
2ecdf7a69f27bf9cb5a16566,generalized_translation,unforced_slide,profile_map,22,True,True,-24.283203727059096,152,0.044975160344611693,False,0.003699261595251696
2f2626ab3fce9e29a0edaf02,generalized_translation,unforced_slide,huber,2,True,True,0.824396143498876,11,0.125,False,1.2379294494508708e-07
2f2626ab3fce9e29a0edaf02,generalized_translation,unforced_slide,cauchy,5,True,True,0.8242319883084246,25,0.125,False,2.4792469635293885e-06
2f2626ab3fce9e29a0edaf02,generalized_translation,unforced_slide,profile_map,23,True,True,-23.71243241708173,192,0.05051552010678666,False,0.000954927688475332
2f7993ca7092ba0cb23671a2,generalized_translation,multiple_forces,huber,3,True,True,1.8766532110974876,24,0.125,False,6.267039229445115e-06
2f7993ca7092ba0cb23671a2,generalized_translation,multiple_forces,cauchy,4,True,True,1.876269058018467,30,0.125,False,4.029786855762e-05
2f7993ca7092ba0cb23671a2,generalized_translation,multiple_forces,profile_map,37,True,True,-22.31627465859053,335,0.05317047621816546,False,0.009535645716712468
2f8e76e6dbb25fe0f1af41ed,generalized_translation,multiple_forces,huber,3,True,True,1.6664130256011978,26,0.125,False,0.0003174221867544405
2f8e76e6dbb25fe0f1af41ed,generalized_translation,multiple_forces,cauchy,4,True,True,1.666347502072515,41,0.125,False,0.0002631325355282131
2f8e76e6dbb25fe0f1af41ed,generalized_translation,multiple_forces,profile_map,38,True,True,-26.595742461275602,380,0.02947512767990082,False,0.18212091942291977
2fa64162e4403590ad89104b,generalized_translation,unforced_slide,huber,2,True,True,0.16077273099548792,14,0.125,False,1.44218102275886e-09
2fa64162e4403590ad89104b,generalized_translation,unforced_slide,cauchy,4,True,True,0.1607577780036547,26,0.125,False,1.8226666906874737e-08
2fa64162e4403590ad89104b,generalized_translation,unforced_slide,profile_map,19,True,True,-29.63985067502672,144,0.024581966353149243,False,0.00014915117811621918
2fd4af82e6f9a419bff7adbf,generalized_translation,bounce,huber,2,True,True,0.08611491095264023,11,0.125,False,1.0640574210386056e-11
2fd4af82e6f9a419bff7adbf,generalized_translation,bounce,cauchy,3,True,True,0.0861074105487492,12,0.125,False,1.2342789909957014e-07
2fd4af82e6f9a419bff7adbf,generalized_translation,bounce,profile_map,22,True,True,-32.11739481435649,245,0.01804256414487042,False,3.097604848281668e-06
2fd4af82e6f9a419bff7adbf,setup_translation,bounce,huber,2,True,True,0.43555919256986886,5,0.125,False,5.874501122156851e-10
2fd4af82e6f9a419bff7adbf,setup_translation,bounce,cauchy,4,True,True,0.43543638984697974,17,0.125,False,1.2254055424278898e-07
2fd4af82e6f9a419bff7adbf,setup_translation,bounce,profile_map,12,True,True,-25.527435778256233,102,0.04111970567231491,False,2.5954232101990556e-06
2fe71ac77b88ee5c20d5a861,generalized_translation,multiple_forces,huber,3,True,True,0.4708345380026697,37,0.125,False,5.618788751478165e-07
2fe71ac77b88ee5c20d5a861,generalized_translation,multiple_forces,cauchy,4,True,True,0.4707791528387363,35,0.125,False,6.505258243825914e-06
2fe71ac77b88ee5c20d5a861,generalized_translation,multiple_forces,profile_map,42,True,True,-27.34204607674893,360,0.03193755897946514,False,0.0002704481598360527
3058acbb47953dc5f20e84d2,generalized_translation,unforced_slide,huber,3,True,True,2.4777439748364536,16,0.125,False,0.0006254260971048211
3058acbb47953dc5f20e84d2,generalized_translation,unforced_slide,cauchy,4,True,True,2.477187637519079,30,0.125,False,0.0006291394364337722
3058acbb47953dc5f20e84d2,generalized_translation,unforced_slide,profile_map,32,True,True,-21.80079656312943,220,0.052517874667883956,False,0.001082013517188972
31541b42633d286d68d46149,generalized_translation,multiple_forces,huber,3,True,True,2.137337836321194,20,0.125,False,0.02102780941887297
31541b42633d286d68d46149,generalized_translation,multiple_forces,cauchy,5,True,True,2.1370639857147657,30,0.125,False,0.02103293017372262
31541b42633d286d68d46149,generalized_translation,multiple_forces,profile_map,41,True,True,-22.383588509129936,350,0.05060291282159186,False,0.015915666674369344
316940af74967304994bb5e3,generalized_translation,multiple_forces,huber,3,True,True,1.4835141143169035,26,0.125,False,1.8112929700982566e-05
316940af74967304994bb5e3,generalized_translation,multiple_forces,cauchy,5,True,True,1.4835120910031623,33,0.125,False,1.883565434894776e-05
316940af74967304994bb5e3,generalized_translation,multiple_forces,profile_map,49,True,True,-31.78705099272527,460,0.01573290112530688,False,0.012568607034364718
31bad7fe83273e85c4e4f255,generalized_translation,unforced_slide,huber,3,True,True,0.4501807866916096,19,0.125,False,2.829810300884343e-08
31bad7fe83273e85c4e4f255,generalized_translation,unforced_slide,cauchy,4,True,True,0.4501550803038622,23,0.125,False,1.850278583162398e-07
31bad7fe83273e85c4e4f255,generalized_translation,unforced_slide,profile_map,25,True,True,-28.47800178749071,228,0.027550053894074826,False,0.0003796141492876584
31c615bc7a7f12ab15d5fa1b,generalized_translation,bounce,huber,3,True,True,0.47149805852675797,26,0.125,False,0.0009089648338277072
31c615bc7a7f12ab15d5fa1b,generalized_translation,bounce,cauchy,4,True,True,0.47140637234637306,21,0.125,False,0.0009089288215321311
31c615bc7a7f12ab15d5fa1b,generalized_translation,bounce,profile_map,16,True,True,-0.0907680074014603,100,0.9874836905496039,False,0.22158327759112542
31c615bc7a7f12ab15d5fa1b,setup_translation,bounce,huber,4,True,True,1.721274612716909,27,0.125,False,0.0005538864774282015
31c615bc7a7f12ab15d5fa1b,setup_translation,bounce,cauchy,5,True,True,1.719114043415976,31,0.125,False,0.0005610320771361643
31c615bc7a7f12ab15d5fa1b,setup_translation,bounce,profile_map,16,True,True,-20.100217797498306,120,0.08038731217522009,False,0.0005696756900307445
31e1d4504c42819c0c89a05b,generalized_translation,multiple_forces,huber,3,True,True,2.08763959446106,26,0.125,False,0.039808904420349386
31e1d4504c42819c0c89a05b,generalized_translation,multiple_forces,cauchy,4,True,True,2.087594369401632,35,0.125,False,0.03981304477713635
31e1d4504c42819c0c89a05b,generalized_translation,multiple_forces,profile_map,41,True,True,-26.064978754000006,435,0.030484646631760412,False,0.030283367665766083
323a1e24bea553aa8f4f96c5,generalized_translation,unforced_slide,huber,3,True,True,2.1045653225420686,16,0.125,False,0.0018939792360902952
323a1e24bea553aa8f4f96c5,generalized_translation,unforced_slide,cauchy,4,True,True,2.1039676834752212,26,0.125,False,0.001860437891122198
323a1e24bea553aa8f4f96c5,generalized_translation,unforced_slide,profile_map,22,True,True,-21.58983724030836,160,0.05745470067417617,False,0.009424822145667382
3255dcd60f03b9a7f774bfd0,generalized_translation,multiple_forces,huber,4,True,True,0.9374111595317313,36,0.125,False,0.355610595548834
3255dcd60f03b9a7f774bfd0,generalized_translation,multiple_forces,cauchy,6,True,True,0.9374046043943661,31,0.125,False,0.35559628074889965
3255dcd60f03b9a7f774bfd0,generalized_translation,multiple_forces,profile_map,41,True,True,-35.724556225277965,380,0.010138335041056544,False,0.4873662551888505
325990468288638b2b66831e,generalized_translation,unforced_slide,huber,3,True,True,1.03498017532283,26,0.125,False,0.0004033461204975136
325990468288638b2b66831e,generalized_translation,unforced_slide,cauchy,4,True,True,1.0349645695290528,20,0.125,False,0.0004033074657986425
325990468288638b2b66831e,generalized_translation,unforced_slide,profile_map,27,True,True,-29.043176080368664,236,0.02371146211890324,False,0.00017116216344969883
32f6d5d61193a3969b091770,generalized_translation,bounce,huber,3,True,True,1.5256311330083894,16,0.125,False,0.0011928303244870054
32f6d5d61193a3969b091770,generalized_translation,bounce,cauchy,4,True,True,1.5254863325464876,22,0.125,False,0.001193015260765539
32f6d5d61193a3969b091770,generalized_translation,bounce,profile_map,29,True,True,-24.90357008401312,335,0.038535406949657576,False,0.0017406821708510908
32f6d5d61193a3969b091770,setup_translation,bounce,huber,3,True,True,1.849299553581346,21,0.125,False,0.002048893759669935
32f6d5d61193a3969b091770,setup_translation,bounce,cauchy,4,True,True,1.8486813976462657,18,0.125,False,0.002055159343405074
32f6d5d61193a3969b091770,setup_translation,bounce,profile_map,22,True,True,-22.415024002862513,165,0.05263219709802873,False,0.0024549177923922456
33925304add24a952a756755,generalized_translation,unforced_slide,huber,3,True,True,0.19766300233075976,24,0.125,False,3.186553391753962e-09
33925304add24a952a756755,generalized_translation,unforced_slide,cauchy,4,True,True,0.19765275669630009,21,0.125,False,7.34902821582521e-07
33925304add24a952a756755,generalized_translation,unforced_slide,profile_map,28,True,True,-30.94719498742624,216,0.020661883597578416,False,0.0007276231184693741
3397426c84dfaf749ba59f7c,generalized_translation,bounce,huber,3,True,True,0.321832225631729,22,0.125,False,0.00034122021205472576
3397426c84dfaf749ba59f7c,generalized_translation,bounce,cauchy,3,True,True,0.3218269533640288,14,0.125,False,0.0003412459668703857
3397426c84dfaf749ba59f7c,generalized_translation,bounce,profile_map,29,True,True,-32.53182034095928,305,0.016607784094140102,False,0.000419241718138342
3397426c84dfaf749ba59f7c,setup_translation,bounce,huber,4,True,True,0.8559166288994022,42,0.125,False,0.0008980841036289772
3397426c84dfaf749ba59f7c,setup_translation,bounce,cauchy,4,True,True,0.8556857925541717,18,0.125,False,0.0009002291764159344
3397426c84dfaf749ba59f7c,setup_translation,bounce,profile_map,14,True,True,-23.952964451169954,114,0.04852007130186525,False,0.0008476752344749091
33e292879990abfbd64e34ee,generalized_translation,bounce,huber,2,True,True,0.1635266572960918,15,0.125,False,1.8036392370225012e-11
33e292879990abfbd64e34ee,generalized_translation,bounce,cauchy,3,True,True,0.16350993074758796,13,0.125,False,7.315261024420303e-10
33e292879990abfbd64e34ee,generalized_translation,bounce,profile_map,19,True,True,-29.488762238869363,240,0.02506110496660737,False,2.9679368629437502e-06
33e292879990abfbd64e34ee,setup_translation,bounce,huber,2,True,True,0.6889423258042797,13,0.125,False,4.530652284830301e-11
33e292879990abfbd64e34ee,setup_translation,bounce,cauchy,4,True,True,0.6885970462591963,26,0.125,False,7.990641625196497e-07
33e292879990abfbd64e34ee,setup_translation,bounce,profile_map,9,True,True,-23.684913901449367,84,0.05176854171667065,False,2.4781532010543878e-06
34524de7acee8cc6a745ab5d,generalized_translation,unforced_slide,huber,4,True,True,1.2163690152106503,23,0.125,False,0.0004030207994726519
34524de7acee8cc6a745ab5d,generalized_translation,unforced_slide,cauchy,4,True,True,1.2161993784972063,27,0.125,False,0.00041186314423387994
34524de7acee8cc6a745ab5d,generalized_translation,unforced_slide,profile_map,21,True,True,-23.96776115110914,172,0.04592501513160797,False,0.0039005326794918638
345e8ec0223672d327df709d,generalized_translation,multiple_forces,huber,3,True,True,1.9794580006889881,30,0.125,False,0.0003145066019444617
345e8ec0223672d327df709d,generalized_translation,multiple_forces,cauchy,4,True,True,1.9794456723996101,29,0.125,False,0.0003160173820125955
345e8ec0223672d327df709d,generalized_translation,multiple_forces,profile_map,41,True,True,-28.304504269740438,400,0.02306921944680128,False,0.021027303070536792
3494226522b6d4b5d3dcce83,generalized_translation,multiple_forces,huber,5,True,True,1.5523510697360752,34,0.125,False,1.42859230522963e-05
3494226522b6d4b5d3dcce83,generalized_translation,multiple_forces,cauchy,6,True,True,1.5517405612187023,55,0.125,False,9.425754729062184e-05
3494226522b6d4b5d3dcce83,generalized_translation,multiple_forces,profile_map,44,True,True,-22.904637849554508,370,0.05106879056763911,False,0.03180669410823399
34f1cdeabfedd831c6278793,generalized_translation,bounce,huber,3,True,True,29.46620812191426,26,0.125,False,0.1306886081480475
34f1cdeabfedd831c6278793,generalized_translation,bounce,cauchy,8,True,True,28.628742388802902,49,0.125,False,0.13147911235716758
34f1cdeabfedd831c6278793,generalized_translation,bounce,profile_map,30,True,True,-24.94630449141363,330,0.03960672294645014,False,0.00015103792312471076
34f1cdeabfedd831c6278793,setup_translation,bounce,huber,3,True,True,1.3633615770907435,20,0.125,False,0.0004509361958965329
34f1cdeabfedd831c6278793,setup_translation,bounce,cauchy,4,True,True,1.3632151625432503,16,0.125,False,0.0004518164030523302
34f1cdeabfedd831c6278793,setup_translation,bounce,profile_map,17,True,True,-24.240330864816276,126,0.04325634652606688,False,0.00010478868942195179
352d86b670ab377a6579c562,generalized_translation,unforced_slide,huber,3,True,True,2.057864136939436,19,0.125,False,0.011664781463095885
352d86b670ab377a6579c562,generalized_translation,unforced_slide,cauchy,5,True,True,2.0571538068339095,33,0.125,False,0.011662743446316029
352d86b670ab377a6579c562,generalized_translation,unforced_slide,profile_map,24,True,True,-21.173260567584176,200,0.06197681452871381,False,0.011369937876744887
35aece3a8bae39648be50dba,generalized_translation,unforced_slide,huber,2,True,True,0.5484942708734751,13,0.125,False,4.4623882226505496e-09
35aece3a8bae39648be50dba,generalized_translation,unforced_slide,cauchy,4,True,True,0.5482699742865704,24,0.125,False,1.0990966737950955e-06
35aece3a8bae39648be50dba,generalized_translation,unforced_slide,profile_map,22,True,True,-25.08060362983821,160,0.04310161184518545,False,0.00026731953304197484
35d99194b634ac31b566bb19,generalized_translation,multiple_forces,huber,2,True,True,1.2684666348189901,19,0.125,False,2.958164155318132e-07
35d99194b634ac31b566bb19,generalized_translation,multiple_forces,cauchy,4,True,True,1.267401705239766,37,0.125,False,4.408015232018959e-05
35d99194b634ac31b566bb19,generalized_translation,multiple_forces,profile_map,30,True,True,-21.45011151076187,235,0.06763818117183769,False,0.009299395237000631
35f66eff9d84c7f4a29365da,generalized_translation,unforced_slide,huber,3,True,True,1.5429521793606575,23,0.125,False,0.012414072746853518
35f66eff9d84c7f4a29365da,generalized_translation,unforced_slide,cauchy,4,True,True,1.542832084516388,22,0.125,False,0.01241463391468525
35f66eff9d84c7f4a29365da,generalized_translation,unforced_slide,profile_map,26,True,True,-24.31335235876573,248,0.04173937328350846,False,0.012147110801020346
361bb3e70ae0172cd5de2b9a,generalized_translation,unforced_slide,huber,3,True,True,0.24884857772697025,13,0.125,False,1.4502650264841812e-10
361bb3e70ae0172cd5de2b9a,generalized_translation,unforced_slide,cauchy,4,True,True,0.24880029530779024,19,0.125,False,1.6304147369402984e-06
361bb3e70ae0172cd5de2b9a,generalized_translation,unforced_slide,profile_map,19,True,True,-27.879189452280468,156,0.03062322366402289,False,0.00011340360955466905
36437639b6a632c812377775,generalized_translation,unforced_slide,huber,2,True,True,0.6193572943096144,8,0.125,False,5.825383062195057e-10
36437639b6a632c812377775,generalized_translation,unforced_slide,cauchy,4,True,True,0.6191582918589819,24,0.125,False,1.7346703393455166e-06
36437639b6a632c812377775,generalized_translation,unforced_slide,profile_map,23,True,True,-24.466352553765805,192,0.04659607749919741,False,0.00017792523100072644
36496fb6c814ffb55955abd1,generalized_translation,multiple_forces,huber,6,True,True,1.5962419405774293,43,0.125,False,0.00016856868688783772
36496fb6c814ffb55955abd1,generalized_translation,multiple_forces,cauchy,7,True,True,1.5961138816752405,47,0.125,False,5.511207643042711e-05
36496fb6c814ffb55955abd1,generalized_translation,multiple_forces,profile_map,47,True,True,-26.544767584023088,395,0.030188884544544145,False,0.12925607844672726
36d141bf2b83a1d005130528,generalized_translation,unforced_slide,huber,3,True,True,3.023372331940073,20,0.125,False,0.0004796972238650593
36d141bf2b83a1d005130528,generalized_translation,unforced_slide,cauchy,5,True,True,3.022615578101979,25,0.125,False,0.000487136762246581
36d141bf2b83a1d005130528,generalized_translation,unforced_slide,profile_map,28,True,True,-19.911032202821595,256,0.06515485005117712,False,0.0008473691731592984
3799c5b764065a689b1b8e4f,generalized_translation,unforced_slide,huber,3,True,True,1.9431303000849436,18,0.125,False,0.00012233283104391918
3799c5b764065a689b1b8e4f,generalized_translation,unforced_slide,cauchy,4,True,True,1.9421183774862556,21,0.125,False,0.00013046289334890963
3799c5b764065a689b1b8e4f,generalized_translation,unforced_slide,profile_map,28,True,True,-20.73591126783013,228,0.0681275174595908,False,0.00019936510291729376
382847e34d9d2c4963d50344,generalized_translation,multiple_forces,huber,3,True,True,0.5996572016687265,22,0.125,False,3.6699345692834826e-06
382847e34d9d2c4963d50344,generalized_translation,multiple_forces,cauchy,4,True,True,0.5996242250862804,27,0.125,False,2.056958349137364e-06
382847e34d9d2c4963d50344,generalized_translation,multiple_forces,profile_map,31,True,True,-28.50334306360689,360,0.02691595310905656,False,0.009258298594250357
3842179b789d807185657dbe,generalized_translation,multiple_forces,huber,4,True,True,1.591276925685738,20,0.125,False,2.319033650543608e-06
3842179b789d807185657dbe,generalized_translation,multiple_forces,cauchy,6,True,True,1.590480683304234,38,0.125,False,0.00013738162055055542
3842179b789d807185657dbe,generalized_translation,multiple_forces,profile_map,47,True,True,-22.296295118944997,535,0.05532894936721599,False,0.1018837604391605
38f1013e37a98c211dddf434,generalized_translation,bounce,huber,3,True,True,0.3801344272670514,15,0.125,False,0.0016732331538146911
38f1013e37a98c211dddf434,generalized_translation,bounce,cauchy,4,True,True,0.38011446388484976,19,0.125,False,0.0016734851310971296
38f1013e37a98c211dddf434,generalized_translation,bounce,profile_map,26,True,True,-29.104420453937955,265,0.025615022097545046,False,0.001752245708622547
38f1013e37a98c211dddf434,setup_translation,bounce,huber,3,True,True,0.5295339880952593,10,0.125,False,0.0006768642299144419
38f1013e37a98c211dddf434,setup_translation,bounce,cauchy,4,True,True,0.5294750099529618,21,0.125,False,0.000676944202154575
38f1013e37a98c211dddf434,setup_translation,bounce,profile_map,11,True,True,-26.57067017945492,111,0.03515534950802702,False,0.0007225123170455235
39039cb076bf3cc37872ab4b,generalized_translation,bounce,huber,3,True,True,0.34667223001404535,15,0.125,False,6.36010483387961e-10
39039cb076bf3cc37872ab4b,generalized_translation,bounce,cauchy,4,True,True,0.3466719568424097,21,0.125,False,8.494600488831648e-10
39039cb076bf3cc37872ab4b,generalized_translation,bounce,profile_map,32,True,True,-36.6655977686343,360,0.00981885862977569,False,3.530687913046002e-05
39039cb076bf3cc37872ab4b,setup_translation,bounce,huber,3,True,True,0.4994493047031383,18,0.125,False,1.0325153496664118e-10
39039cb076bf3cc37872ab4b,setup_translation,bounce,cauchy,4,True,True,0.49941658059898186,19,0.125,False,1.9073302424438528e-07
39039cb076bf3cc37872ab4b,setup_translation,bounce,profile_map,13,True,True,-28.791312315019333,114,0.026271776307396424,False,3.0319751423294727e-05
397e04ae00fa9abd0f5be873,generalized_translation,bounce,huber,3,True,True,0.2719303563609049,13,0.125,False,3.5838094931992995e-08
397e04ae00fa9abd0f5be873,generalized_translation,bounce,cauchy,4,True,True,0.27189006464473453,18,0.125,False,1.6745001567019557e-08
397e04ae00fa9abd0f5be873,generalized_translation,bounce,profile_map,30,True,True,-28.08134727246626,270,0.02972125869546259,False,1.7303323064934932e-05
397e04ae00fa9abd0f5be873,setup_translation,bounce,huber,3,True,True,1.0551634819901343,19,0.125,False,4.370011651807589e-10
397e04ae00fa9abd0f5be873,setup_translation,bounce,cauchy,5,True,True,1.0541178426988818,28,0.125,False,1.4046245337323062e-06
397e04ae00fa9abd0f5be873,setup_translation,bounce,profile_map,19,True,True,-22.09677127564763,117,0.06280092832545753,False,1.3489132905284779e-05
39afd1ab86c4a8434663b0ee,generalized_translation,bounce,huber,3,True,True,1.8126239250110554,17,0.125,False,9.19594707143101e-10
39afd1ab86c4a8434663b0ee,generalized_translation,bounce,cauchy,4,True,True,1.812604156147965,15,0.125,False,6.790151919963774e-08
39afd1ab86c4a8434663b0ee,generalized_translation,bounce,profile_map,28,True,True,-26.895765354438215,340,0.028358208075912803,False,0.0002268253154646331
39afd1ab86c4a8434663b0ee,setup_translation,bounce,huber,3,True,True,2.505335143512002,16,0.125,False,6.706779175799555e-11
39afd1ab86c4a8434663b0ee,setup_translation,bounce,cauchy,5,True,True,2.5047032353153424,34,0.125,False,7.571258733517334e-07
39afd1ab86c4a8434663b0ee,setup_translation,bounce,profile_map,14,True,True,-20.975370892699996,126,0.05949738820497239,False,0.00014647391254211142
39b59699f849e2fc68076dae,generalized_translation,bounce,huber,2,True,True,0.02811219101563947,8,0.125,False,8.552195394366447e-12
39b59699f849e2fc68076dae,generalized_translation,bounce,cauchy,3,True,True,0.028111859433437712,14,0.125,False,8.202364223576805e-09
39b59699f849e2fc68076dae,generalized_translation,bounce,profile_map,19,True,True,-36.756588504465284,235,0.010104032577839706,False,2.5006976276695618e-06
39b59699f849e2fc68076dae,setup_translation,bounce,huber,2,True,True,0.19215750527419603,8,0.125,False,4.4646639441308926e-12
39b59699f849e2fc68076dae,setup_translation,bounce,cauchy,3,True,True,0.19211401710462644,15,0.125,False,4.974306295864885e-07
39b59699f849e2fc68076dae,setup_translation,bounce,profile_map,13,True,True,-28.81807709480188,111,0.027255276879301137,False,2.2216756578395807e-06
3a7590ec56e99dac5c8e595d,generalized_translation,unforced_slide,huber,2,True,True,1.2537144822798838,22,0.125,False,6.724485225779707e-07
3a7590ec56e99dac5c8e595d,generalized_translation,unforced_slide,cauchy,5,True,True,1.2533278601388325,41,0.125,False,5.683201598997455e-06
3a7590ec56e99dac5c8e595d,generalized_translation,unforced_slide,profile_map,22,True,True,-22.134474455321367,152,0.06039344817390762,False,0.0017404466183452854
3a824b572de6e30218fa2a40,generalized_translation,bounce,huber,3,True,True,1.6748894602006432,16,0.125,False,0.0023752897796772447
3a824b572de6e30218fa2a40,generalized_translation,bounce,cauchy,4,True,True,1.6746278850187912,20,0.125,False,0.002373569107874629
3a824b572de6e30218fa2a40,generalized_translation,bounce,profile_map,29,True,True,-22.860437173909624,260,0.0505260552979118,False,0.002944329292630763
3a824b572de6e30218fa2a40,setup_translation,bounce,huber,3,True,True,1.8643799665598695,24,0.125,False,0.0021342019597606985
3a824b572de6e30218fa2a40,setup_translation,bounce,cauchy,5,True,True,1.863863869402169,29,0.125,False,0.0021363474288769346
3a824b572de6e30218fa2a40,setup_translation,bounce,profile_map,9,True,True,-21.838370549078608,249,0.05741993289897082,False,0.0024964831832581125
3ac36a4645e745e47ed213a2,generalized_translation,unforced_slide,huber,3,True,True,1.9930798690948384,24,0.125,False,0.0003946398297802032
3ac36a4645e745e47ed213a2,generalized_translation,unforced_slide,cauchy,4,True,True,1.9924533411542131,27,0.125,False,0.0004000945210339914
3ac36a4645e745e47ed213a2,generalized_translation,unforced_slide,profile_map,27,True,True,-21.071366711870617,276,0.06372929871821764,False,7.171618761126595e-05
3ac60a7369f71816162231b7,generalized_translation,unforced_slide,huber,3,True,True,1.29624979145722,23,0.125,False,0.0060849726728224515
3ac60a7369f71816162231b7,generalized_translation,unforced_slide,cauchy,4,True,True,1.2962382718457595,20,0.125,False,0.006084918789860277
3ac60a7369f71816162231b7,generalized_translation,unforced_slide,profile_map,26,True,True,-28.876471028363323,272,0.023422214958580836,False,0.0056980640265052885
3b171bafd9fd890f91a3de65,generalized_translation,bounce,huber,3,True,True,2.941339985753019,17,0.125,False,4.380118488951145e-08
3b171bafd9fd890f91a3de65,generalized_translation,bounce,cauchy,4,True,True,2.941171222171328,18,0.125,False,1.0624516467350185e-06
3b171bafd9fd890f91a3de65,generalized_translation,bounce,profile_map,34,True,True,-22.174778500839135,320,0.04638838321871692,False,0.00043785260394600683
3b171bafd9fd890f91a3de65,setup_translation,bounce,huber,3,True,True,3.215914474461832,18,0.125,False,8.075510751890061e-11
3b171bafd9fd890f91a3de65,setup_translation,bounce,cauchy,4,True,True,3.2155853056094443,20,0.125,False,1.344660592859264e-06
3b171bafd9fd890f91a3de65,setup_translation,bounce,profile_map,16,True,True,-20.594583308221054,129,0.05645176551483415,False,0.0003131343407327096
3b388404452b3dbbc89dbd07,generalized_translation,bounce,huber,3,True,True,2.420857784722044,17,0.125,False,1.606765372368965e-08
3b388404452b3dbbc89dbd07,generalized_translation,bounce,cauchy,4,True,True,2.4207943985861964,21,0.125,False,1.052324709582821e-06
3b388404452b3dbbc89dbd07,generalized_translation,bounce,profile_map,33,True,True,-24.228631047559087,345,0.03738453173909711,False,0.00030649851528423015
3b388404452b3dbbc89dbd07,setup_translation,bounce,huber,3,True,True,2.75978362479945,15,0.125,False,2.350913281528144e-10
3b388404452b3dbbc89dbd07,setup_translation,bounce,cauchy,4,True,True,2.759582638611458,24,0.125,False,9.185008525858238e-07
3b388404452b3dbbc89dbd07,setup_translation,bounce,profile_map,22,True,True,-21.533462873562293,132,0.052402215627475206,False,0.00021374423418116
3bef1bd1f63b04dfa129c19f,generalized_translation,bounce,huber,3,True,True,0.23709627562544872,18,0.125,False,0.001497957222067612
3bef1bd1f63b04dfa129c19f,generalized_translation,bounce,cauchy,4,True,True,0.23708996288146808,24,0.125,False,0.0014980917371357112
3bef1bd1f63b04dfa129c19f,generalized_translation,bounce,profile_map,25,True,True,-32.53123688670884,290,0.01678912257596906,False,0.001566443499502765
3bef1bd1f63b04dfa129c19f,setup_translation,bounce,huber,3,True,True,0.34119462859171257,22,0.125,False,0.00019331543379528453
3bef1bd1f63b04dfa129c19f,setup_translation,bounce,cauchy,4,True,True,0.34117259787915866,14,0.125,False,0.00019332680494678307
3bef1bd1f63b04dfa129c19f,setup_translation,bounce,profile_map,24,True,True,-28.99148128626737,192,0.026128195717335954,False,0.0002398759291265732
3c724ffa14a44d02df09cb34,generalized_translation,unforced_slide,huber,3,True,True,0.5109384745078145,21,0.125,False,5.219916086477733e-07
3c724ffa14a44d02df09cb34,generalized_translation,unforced_slide,cauchy,4,True,True,0.5109094191913046,29,0.125,False,2.112816415586071e-06
3c724ffa14a44d02df09cb34,generalized_translation,unforced_slide,profile_map,21,True,True,-28.137978634976236,180,0.02857952231667525,False,0.0018954340798929908
3c84c8ae63ee87edb4a94775,generalized_translation,bounce,huber,3,True,True,1.6840352710325937,25,0.125,False,1.5043687785414088e-09
3c84c8ae63ee87edb4a94775,generalized_translation,bounce,cauchy,4,True,True,1.6838085771189968,27,0.125,False,6.331335689203677e-07
3c84c8ae63ee87edb4a94775,generalized_translation,bounce,profile_map,29,True,True,-23.007360599661755,300,0.049368622458067675,False,0.00010536920358036916
3c84c8ae63ee87edb4a94775,setup_translation,bounce,huber,3,True,True,3.1639161371100357,14,0.125,False,1.9570306689069024e-09
3c84c8ae63ee87edb4a94775,setup_translation,bounce,cauchy,5,True,True,3.1611481234317056,22,0.125,False,1.5486638980045113e-06
3c84c8ae63ee87edb4a94775,setup_translation,bounce,profile_map,22,True,True,-18.148332438558775,150,0.09058765821724166,False,5.051582686646755e-05
3ca48edf2937c02ac5b0fd8f,generalized_translation,unforced_slide,huber,3,True,True,1.6498127839971377,13,0.125,False,0.011657075882367035
3ca48edf2937c02ac5b0fd8f,generalized_translation,unforced_slide,cauchy,4,True,True,1.6496866798366079,30,0.125,False,0.011656568929372085
3ca48edf2937c02ac5b0fd8f,generalized_translation,unforced_slide,profile_map,24,True,True,-23.56942881989834,248,0.0457027575951233,False,0.011271258791581881
3cdf94684da92d1af3719963,generalized_translation,bounce,huber,3,True,True,2.9201453742515997,18,0.125,False,1.0541693675496109e-07
3cdf94684da92d1af3719963,generalized_translation,bounce,cauchy,4,True,True,2.920044180301982,24,0.125,False,5.374396622741967e-08
3cdf94684da92d1af3719963,generalized_translation,bounce,profile_map,31,True,True,-23.888465408864526,325,0.03657705414847994,False,0.0005391946645585374
3cdf94684da92d1af3719963,setup_translation,bounce,huber,3,True,True,4.766938030558,12,0.125,False,2.7960252296693427e-10
3cdf94684da92d1af3719963,setup_translation,bounce,cauchy,5,True,True,4.761617461068364,29,0.125,False,4.260924892688595e-05
3cdf94684da92d1af3719963,setup_translation,bounce,profile_map,15,True,True,-16.4925570466655,150,0.09187262092731893,False,0.00021087170518833184
3d8f685159c088cedae4a2e5,generalized_translation,bounce,huber,3,True,True,0.33177430927916696,16,0.125,False,1.7289928685354393e-11
3d8f685159c088cedae4a2e5,generalized_translation,bounce,cauchy,4,True,True,0.3316802713017201,18,0.125,False,7.633273077567895e-07
3d8f685159c088cedae4a2e5,generalized_translation,bounce,profile_map,24,True,True,-27.087922484656566,265,0.033668662386308966,False,1.1738243663678649e-05
3d8f685159c088cedae4a2e5,setup_translation,bounce,huber,3,True,True,0.9109959456055982,18,0.125,False,2.248781223171288e-12
3d8f685159c088cedae4a2e5,setup_translation,bounce,cauchy,4,True,True,0.9105246880885249,17,0.125,False,2.052470672971311e-06
3d8f685159c088cedae4a2e5,setup_translation,bounce,profile_map,8,True,True,-22.69839019645842,114,0.0582809509220394,False,9.153055603697054e-06
3dbebcf0a9931ebacc6be5da,generalized_translation,multiple_forces,huber,3,True,True,1.830416097183603,28,0.125,False,0.00022174163004016082
3dbebcf0a9931ebacc6be5da,generalized_translation,multiple_forces,cauchy,5,True,True,1.8302985016071807,40,0.125,False,0.0002552447650250551
3dbebcf0a9931ebacc6be5da,generalized_translation,multiple_forces,profile_map,40,True,True,-24.592640735817525,360,0.03849483181496792,False,0.0371121747492561
3e26ab9d52f6d05aa1bba1a8,generalized_translation,bounce,huber,2,True,True,0.5532409526911422,14,0.125,False,9.589301820312347e-11
3e26ab9d52f6d05aa1bba1a8,generalized_translation,bounce,cauchy,3,True,True,0.5530188929950134,17,0.125,False,5.269136235370978e-07
3e26ab9d52f6d05aa1bba1a8,generalized_translation,bounce,profile_map,16,True,True,-24.549026539925343,105,0.046484435161610896,False,4.6881390012544895e-07
3e26ab9d52f6d05aa1bba1a8,setup_translation,bounce,huber,2,True,True,1.1632974618171465,6,0.125,False,1.1687375374018435e-11
3e26ab9d52f6d05aa1bba1a8,setup_translation,bounce,cauchy,3,True,True,1.1626823735146126,9,0.125,False,2.833923114920934e-08
3e26ab9d52f6d05aa1bba1a8,setup_translation,bounce,profile_map,11,True,True,-21.575856959238866,90,0.06740800967042324,False,3.6098849367438454e-07
3eabc1415a8f987a0dd28631,generalized_translation,unforced_slide,huber,2,True,True,1.141428357726235,16,0.125,False,6.190884322335875e-10
3eabc1415a8f987a0dd28631,generalized_translation,unforced_slide,cauchy,5,True,True,1.1404769243006623,24,0.125,False,6.0954793010857414e-06
3eabc1415a8f987a0dd28631,generalized_translation,unforced_slide,profile_map,19,True,True,-21.88378592207095,128,0.06415536012616278,False,0.00025850470699467017
3ed7f3bc3cef4a44e0cdb682,generalized_translation,multiple_forces,huber,4,True,True,0.7148908706613695,32,0.125,False,2.4559254247782075e-05
3ed7f3bc3cef4a44e0cdb682,generalized_translation,multiple_forces,cauchy,5,True,True,0.7148295823511037,42,0.125,False,1.9652666987152318e-05
3ed7f3bc3cef4a44e0cdb682,generalized_translation,multiple_forces,profile_map,29,True,True,-26.70176648181925,250,0.03354559268684814,False,0.06787493636113517
3f011bf6e4217e66bd57c6f5,generalized_translation,unforced_slide,huber,3,True,True,1.4265419964803274,29,0.125,False,0.0012499406234568549
3f011bf6e4217e66bd57c6f5,generalized_translation,unforced_slide,cauchy,4,True,True,1.4264883433276265,19,0.125,False,0.0012444932812551315
3f011bf6e4217e66bd57c6f5,generalized_translation,unforced_slide,profile_map,25,True,True,-26.176393127331494,184,0.032825178497207064,False,0.008833023843346584
3f2c5ec1c3fc39d83891208b,generalized_translation,multiple_forces,huber,2,True,True,0.5203191691568224,11,0.125,False,3.583004662049434e-09
3f2c5ec1c3fc39d83891208b,generalized_translation,multiple_forces,cauchy,4,True,True,0.5200396427164852,34,0.125,False,4.5109320182060205e-05
3f2c5ec1c3fc39d83891208b,generalized_translation,multiple_forces,profile_map,36,True,True,-25.002804669259977,300,0.043752098377667886,False,0.007235677991014225
3f5328d3c69524070005090b,generalized_translation,unforced_slide,huber,2,True,True,0.6938300933683811,12,0.125,False,1.9969300055239453e-09
3f5328d3c69524070005090b,generalized_translation,unforced_slide,cauchy,4,True,True,0.6934912895605161,30,0.125,False,1.510498490562017e-06
3f5328d3c69524070005090b,generalized_translation,unforced_slide,profile_map,20,True,True,-23.69917193840115,120,0.05161924200751554,False,0.00012545026692423617
3f8375b5c4fee60fd42e8985,generalized_translation,multiple_forces,huber,3,True,True,2.17791660224699,30,0.125,False,2.3997975260922554e-06
3f8375b5c4fee60fd42e8985,generalized_translation,multiple_forces,cauchy,5,True,True,2.1766300590806633,43,0.125,False,2.1197882527468433e-05
3f8375b5c4fee60fd42e8985,generalized_translation,multiple_forces,profile_map,40,True,True,-20.328273364619953,335,0.07025717009149328,False,0.015774580718281177
3f921bdec803ba940ba5bf38,generalized_translation,multiple_forces,huber,4,True,True,1.754316797671095,34,0.125,False,0.00039067982232938265
3f921bdec803ba940ba5bf38,generalized_translation,multiple_forces,cauchy,7,True,True,1.7541867373170903,41,0.125,False,0.0002694344208616156
3f921bdec803ba940ba5bf38,generalized_translation,multiple_forces,profile_map,44,True,True,-26.45436817216824,490,0.029879524458786902,False,0.15520434466988223
40499a956c2ace1444adf7fe,generalized_translation,unforced_slide,huber,4,True,True,1.2163690152106503,23,0.125,False,0.0004030207994726519
40499a956c2ace1444adf7fe,generalized_translation,unforced_slide,cauchy,4,True,True,1.2161993784972063,27,0.125,False,0.00041186314423387994
40499a956c2ace1444adf7fe,generalized_translation,unforced_slide,profile_map,21,True,True,-23.96776115110914,172,0.04592501513160797,False,0.0039005326794918638
40523ae537bd499e5c52eb76,generalized_translation,bounce,huber,3,True,True,0.45462640894628903,16,0.125,False,8.588361318005491e-10
40523ae537bd499e5c52eb76,generalized_translation,bounce,cauchy,4,True,True,0.45459808072669,24,0.125,False,1.0100947255834047e-07
40523ae537bd499e5c52eb76,generalized_translation,bounce,profile_map,34,True,True,-28.671202062945856,305,0.026845183398394454,False,3.5278613443034505e-05
40523ae537bd499e5c52eb76,setup_translation,bounce,huber,3,True,True,1.1205578733469566,16,0.125,False,1.296750514666592e-10
40523ae537bd499e5c52eb76,setup_translation,bounce,cauchy,4,True,True,1.1196743967598948,17,0.125,False,3.467799878015738e-07
40523ae537bd499e5c52eb76,setup_translation,bounce,profile_map,23,True,True,-22.56345696246413,141,0.05759255740461847,False,2.6499896086141793e-05
40ec20c064ddd4295d672c8a,generalized_translation,bounce,huber,3,True,True,0.6146397658084106,23,0.125,False,0.0012462588103723583
40ec20c064ddd4295d672c8a,generalized_translation,bounce,cauchy,4,True,True,0.6145023868401001,24,0.125,False,0.0012456365537942332
40ec20c064ddd4295d672c8a,generalized_translation,bounce,profile_map,27,True,True,-24.78107211731192,290,0.04455964183095933,False,0.001274488585644509
40ec20c064ddd4295d672c8a,setup_translation,bounce,huber,4,True,True,0.618973815278359,30,0.125,False,0.001138415262550014
40ec20c064ddd4295d672c8a,setup_translation,bounce,cauchy,4,True,True,0.6188207493171345,22,0.125,False,0.0011375215287494874
40ec20c064ddd4295d672c8a,setup_translation,bounce,profile_map,12,True,True,-24.74747306085633,126,0.04474688595813249,False,0.0011641486333107559
40f7a2dae963529aa6400d56,generalized_translation,multiple_forces,huber,4,True,True,0.93308878242863,38,0.125,False,3.4947885806118314e-06
40f7a2dae963529aa6400d56,generalized_translation,multiple_forces,cauchy,6,True,True,0.9329270621318076,51,0.125,False,5.5937119070979235e-05
40f7a2dae963529aa6400d56,generalized_translation,multiple_forces,profile_map,39,True,True,-25.888173972401855,350,0.03644645606965614,False,0.042141079109190474
414dbe2b17ed92c8f804433d,generalized_translation,unforced_slide,huber,3,True,True,0.2087263514110236,21,0.125,False,4.945908931398245e-10
414dbe2b17ed92c8f804433d,generalized_translation,unforced_slide,cauchy,4,True,True,0.2086890041120609,26,0.125,False,2.0023651369299243e-06
414dbe2b17ed92c8f804433d,generalized_translation,unforced_slide,profile_map,20,True,True,-28.567311734534293,172,0.02810732996352316,False,0.00012183944306421038
414e9d5c611f20ceda05d135,generalized_translation,multiple_forces,huber,3,True,True,1.5950684068223213,30,0.125,False,0.000158675838202158
414e9d5c611f20ceda05d135,generalized_translation,multiple_forces,cauchy,4,True,True,1.595030845361567,37,0.125,False,0.00016198546463627421
414e9d5c611f20ceda05d135,generalized_translation,multiple_forces,profile_map,46,True,True,-27.10376248706843,435,0.028358168474131265,False,0.01247579341368577
415ef88a1fcd01566550e5a7,generalized_translation,multiple_forces,huber,3,True,True,2.6798051400460308,27,0.125,False,0.0004106960015059499
415ef88a1fcd01566550e5a7,generalized_translation,multiple_forces,cauchy,7,True,True,2.6793006722701773,46,0.125,False,0.00035425083495797783
415ef88a1fcd01566550e5a7,generalized_translation,multiple_forces,profile_map,34,True,True,-21.460514164915555,355,0.05363788394776551,False,0.00025211386430976643
41684f9d5547db55f0a856ca,generalized_translation,bounce,huber,3,True,True,0.5393862498185156,20,0.125,False,8.488524237627398e-10
41684f9d5547db55f0a856ca,generalized_translation,bounce,cauchy,4,True,True,0.539378784037024,16,0.125,False,1.6730686127354733e-07
41684f9d5547db55f0a856ca,generalized_translation,bounce,profile_map,29,True,True,-31.180494462654803,320,0.01919318971041889,False,4.838852573372563e-05
41684f9d5547db55f0a856ca,setup_translation,bounce,huber,3,True,True,0.9568009830791036,11,0.125,False,1.786317522853837e-11
41684f9d5547db55f0a856ca,setup_translation,bounce,cauchy,4,True,True,0.9566351154439372,17,0.125,False,1.1049417928573536e-06
41684f9d5547db55f0a856ca,setup_translation,bounce,profile_map,14,True,True,-24.40081401114056,123,0.044803527759813146,False,3.7385391195975504e-05
416d17f3e8b0a680ee447140,generalized_translation,unforced_slide,huber,3,True,True,0.5246012012527784,11,0.125,False,2.009271928866814e-09
416d17f3e8b0a680ee447140,generalized_translation,unforced_slide,cauchy,4,True,True,0.5243292171171202,20,0.125,False,7.024402703760017e-06
416d17f3e8b0a680ee447140,generalized_translation,unforced_slide,profile_map,19,True,True,-24.863008997812976,176,0.04461134261887766,False,0.000143683764051938
4182f8cb8b90d6b4fec08f22,generalized_translation,unforced_slide,huber,3,True,True,1.6795120927383806,26,0.125,False,0.0036206639301429814
4182f8cb8b90d6b4fec08f22,generalized_translation,unforced_slide,cauchy,4,True,True,1.6794778572496356,27,0.125,False,0.003617031915169882
4182f8cb8b90d6b4fec08f22,generalized_translation,unforced_slide,profile_map,26,True,True,-25.971098331472874,268,0.032602694652325424,False,0.014280839270270953
4254d4b749a57be58ce52dc1,generalized_translation,unforced_slide,huber,3,True,True,0.7138563773649602,24,0.125,False,0.00027925294730231967
4254d4b749a57be58ce52dc1,generalized_translation,unforced_slide,cauchy,4,True,True,0.7138130628765406,22,0.125,False,0.0002788344681604248
4254d4b749a57be58ce52dc1,generalized_translation,unforced_slide,profile_map,27,True,True,-27.553720144910233,216,0.03005497389379829,False,0.003480102538002339
427566f8da8852ddb22d0f6f,generalized_translation,bounce,huber,3,True,True,0.6714597940135125,14,0.125,False,1.7365408312955748e-11
427566f8da8852ddb22d0f6f,generalized_translation,bounce,cauchy,4,True,True,0.6714317317072697,15,0.125,False,1.174314964049972e-07
427566f8da8852ddb22d0f6f,generalized_translation,bounce,profile_map,34,True,True,-27.34418946105994,345,0.031084719360282675,False,5.6882900995161646e-05
427566f8da8852ddb22d0f6f,setup_translation,bounce,huber,3,True,True,0.6909572846386629,9,0.125,False,1.0433863468515168e-10
427566f8da8852ddb22d0f6f,setup_translation,bounce,cauchy,4,True,True,0.6909240000837324,15,0.125,False,9.214183701297606e-08
427566f8da8852ddb22d0f6f,setup_translation,bounce,profile_map,12,True,True,-27.035025152961357,99,0.03231117690330403,False,4.9469085535129784e-05
4297f3303ee23d239aa551b2,generalized_translation,unforced_slide,huber,3,True,True,1.928960063752816,17,0.125,False,0.00037347246309600254
4297f3303ee23d239aa551b2,generalized_translation,unforced_slide,cauchy,4,True,True,1.9289162874385573,24,0.125,False,0.00037516248052332085
4297f3303ee23d239aa551b2,generalized_translation,unforced_slide,profile_map,30,True,True,-26.98917381513481,300,0.027585032679755348,False,0.0009615905775959204
42af40da54db383c9b1c5b1e,generalized_translation,unforced_slide,huber,3,True,True,0.7637057800238161,14,0.125,False,6.222106593655796e-05
42af40da54db383c9b1c5b1e,generalized_translation,unforced_slide,cauchy,4,True,True,0.7636728640658526,18,0.125,False,6.208845105792494e-05
42af40da54db383c9b1c5b1e,generalized_translation,unforced_slide,profile_map,34,True,True,-27.69793739482367,296,0.029297499732164375,False,0.00017633254473708215
42e5f77a1f2094f757a235a7,generalized_translation,unforced_slide,huber,3,True,True,0.5389108860336825,18,0.125,False,1.0759296419901369e-09
42e5f77a1f2094f757a235a7,generalized_translation,unforced_slide,cauchy,4,True,True,0.538686549937466,27,0.125,False,1.0878261490261389e-06
42e5f77a1f2094f757a235a7,generalized_translation,unforced_slide,profile_map,20,True,True,-25.09019608035348,152,0.04310160519030324,False,0.00023593806685600526
42f731c6300c878e7c87c700,generalized_translation,multiple_forces,huber,3,True,True,2.5168736175319038,25,0.125,False,0.00013527604252331526
42f731c6300c878e7c87c700,generalized_translation,multiple_forces,cauchy,5,True,True,2.515989540596249,48,0.125,False,0.0002171285167768876
42f731c6300c878e7c87c700,generalized_translation,multiple_forces,profile_map,41,True,True,-21.310372769741832,325,0.05630415852911975,False,0.0006591531592426335
430b47f0cb6b1ae6183349be,generalized_translation,multiple_forces,huber,6,True,True,1.2302452667714223,44,0.125,False,2.1986466853224407e-06
430b47f0cb6b1ae6183349be,generalized_translation,multiple_forces,cauchy,7,True,True,1.229706440019827,37,0.125,False,5.739977046140574e-06
430b47f0cb6b1ae6183349be,generalized_translation,multiple_forces,profile_map,37,True,True,-22.101941638537888,400,0.06094526663429569,False,0.007607818258730085
432661c5aa924d7e8a6af9e1,generalized_translation,unforced_slide,huber,3,True,True,1.1682335945971243,22,0.125,False,0.00038635186175357106
432661c5aa924d7e8a6af9e1,generalized_translation,unforced_slide,cauchy,4,True,True,1.1680448494379982,25,0.125,False,0.0003767893868699793
432661c5aa924d7e8a6af9e1,generalized_translation,unforced_slide,profile_map,22,True,True,-24.16061772166013,180,0.04497566300643788,False,0.004520236828557829
43554b9f8afbd9f90086dbbe,generalized_translation,multiple_forces,huber,5,True,True,0.7371422751880231,29,0.125,False,3.7662389668845593e-07
43554b9f8afbd9f90086dbbe,generalized_translation,multiple_forces,cauchy,4,True,True,0.7367723871159743,26,0.125,False,4.1722739636346105e-05
43554b9f8afbd9f90086dbbe,generalized_translation,multiple_forces,profile_map,32,True,True,-23.904557079256904,280,0.04971713544339194,False,0.01269353408184702
4358c66a4b252ea20e311378,generalized_translation,unforced_slide,huber,3,True,True,1.0323110255241303,21,0.125,False,0.00048508252944285443
4358c66a4b252ea20e311378,generalized_translation,unforced_slide,cauchy,4,True,True,1.0322259813972359,23,0.125,False,0.00048907241150632
4358c66a4b252ea20e311378,generalized_translation,unforced_slide,profile_map,30,True,True,-25.664081847307216,220,0.03713624983675984,False,0.004146506149003249
448c13ddbee07cf297e32d82,generalized_translation,bounce,huber,3,True,True,0.47379538147792,13,0.125,False,0.001938216854141714
448c13ddbee07cf297e32d82,generalized_translation,bounce,cauchy,4,True,True,0.47377026988457827,20,0.125,False,0.0019385101104025134
448c13ddbee07cf297e32d82,generalized_translation,bounce,profile_map,31,True,True,-28.792339206713148,270,0.026356451393554248,False,0.0018385423621154059
448c13ddbee07cf297e32d82,setup_translation,bounce,huber,4,True,True,0.6519001095807071,27,0.125,False,0.0007730096858484136
448c13ddbee07cf297e32d82,setup_translation,bounce,cauchy,4,True,True,0.6518375657168084,22,0.125,False,0.0007731458307854121
448c13ddbee07cf297e32d82,setup_translation,bounce,profile_map,9,True,True,-25.995436175665223,114,0.037396934104115494,False,0.0007156601045085949
4492a7a8003e2864cb4e0351,generalized_translation,bounce,huber,3,True,True,0.6162067469880541,22,0.125,False,0.0016016893630583675
4492a7a8003e2864cb4e0351,generalized_translation,bounce,cauchy,4,True,True,0.6161980962729281,22,0.125,False,0.0016017470397673276
4492a7a8003e2864cb4e0351,generalized_translation,bounce,profile_map,35,True,True,-30.384606013182687,330,0.021048309075175183,False,0.0014299626462064051
4492a7a8003e2864cb4e0351,setup_translation,bounce,huber,3,True,True,5.476017349981994,17,0.125,False,0.008758238875735493
4492a7a8003e2864cb4e0351,setup_translation,bounce,cauchy,5,True,True,5.449367470677712,33,0.125,False,0.008792595290395356
4492a7a8003e2864cb4e0351,setup_translation,bounce,profile_map,20,True,True,-15.261066502251248,129,0.13933858403601795,False,0.008802930395216181
44c61e14ab60f60b44381ca3,generalized_translation,unforced_slide,huber,2,True,True,0.8126487445928328,9,0.125,False,2.8052934299799753e-09
44c61e14ab60f60b44381ca3,generalized_translation,unforced_slide,cauchy,4,True,True,0.8116954358098611,29,0.125,False,4.96860758803617e-06
44c61e14ab60f60b44381ca3,generalized_translation,unforced_slide,profile_map,18,True,True,-23.03077653842722,104,0.05616337605771666,False,0.00012581280768495065
44ff5d8f3af4b39651ffb0b2,generalized_translation,multiple_forces,huber,4,True,True,0.7823995893325912,33,0.125,False,8.809061746624179e-07
44ff5d8f3af4b39651ffb0b2,generalized_translation,multiple_forces,cauchy,7,True,True,0.7822032120991042,46,0.125,False,3.0235578091223e-05
44ff5d8f3af4b39651ffb0b2,generalized_translation,multiple_forces,profile_map,43,True,True,-25.035814455276757,345,0.04195076153205287,False,0.015727481788474725
4505a802c77b0c27455f2ec8,generalized_translation,unforced_slide,huber,2,True,True,0.2448737873206768,10,0.125,False,1.968021365296129e-09
4505a802c77b0c27455f2ec8,generalized_translation,unforced_slide,cauchy,3,True,True,0.2448448868030615,15,0.125,False,6.178336228095185e-07
4505a802c77b0c27455f2ec8,generalized_translation,unforced_slide,profile_map,18,True,True,-27.81926248317418,140,0.03088472945563314,False,4.7360183221033066e-05
452cdea282e1f0d55121bd68,generalized_translation,bounce,huber,3,True,True,22.426106367393658,20,0.125,False,0.10230976959346967
452cdea282e1f0d55121bd68,generalized_translation,bounce,cauchy,7,True,True,21.953093733975262,28,0.125,False,0.10276774397852492
452cdea282e1f0d55121bd68,generalized_translation,bounce,profile_map,30,True,True,-25.042939995438612,470,0.039824605023049554,False,0.00028827317048786376
452cdea282e1f0d55121bd68,setup_translation,bounce,huber,3,True,True,1.9142733569920858,20,0.125,False,0.0010185747438739708
452cdea282e1f0d55121bd68,setup_translation,bounce,cauchy,4,True,True,1.9134295089128188,23,0.125,False,0.0010189671746181675
452cdea282e1f0d55121bd68,setup_translation,bounce,profile_map,17,True,True,-20.801606776717147,111,0.06768454034555714,False,0.0012187535934067054
45433377cb499db1109d81ee,generalized_translation,bounce,huber,3,True,True,0.24480194551874782,11,0.125,False,5.823155938456164e-12
45433377cb499db1109d81ee,generalized_translation,bounce,cauchy,4,True,True,0.24475793386901554,14,0.125,False,1.8106971661336122e-07
45433377cb499db1109d81ee,generalized_translation,bounce,profile_map,22,True,True,-27.90850710141151,210,0.030520534587205383,False,3.4365917840566687e-06
45433377cb499db1109d81ee,setup_translation,bounce,huber,3,True,True,1.2935828935398026,10,0.125,False,3.4606520556717438e-12
45433377cb499db1109d81ee,setup_translation,bounce,cauchy,4,True,True,1.2918960895598575,17,0.125,False,3.4466716018656793e-06
45433377cb499db1109d81ee,setup_translation,bounce,profile_map,18,True,True,-21.164467418671393,114,0.0709090391734548,False,2.3554125855568693e-06
455d571835e7b09ba56e0816,generalized_translation,unforced_slide,huber,2,True,True,1.3544840643465728,11,0.125,False,2.9445059968095753e-09
455d571835e7b09ba56e0816,generalized_translation,unforced_slide,cauchy,4,True,True,1.3532527413528201,25,0.125,False,1.586671739555038e-05
455d571835e7b09ba56e0816,generalized_translation,unforced_slide,profile_map,16,True,True,-21.01523583777835,188,0.07208208286776302,False,0.00013439218762880127
45ab7312971271f8aa3c8c37,generalized_translation,multiple_forces,huber,7,True,True,2.7540245477202143,55,0.125,False,0.00019959337674553911
45ab7312971271f8aa3c8c37,generalized_translation,multiple_forces,cauchy,7,True,True,2.752912359530988,53,0.125,False,0.00022638027518326808
45ab7312971271f8aa3c8c37,generalized_translation,multiple_forces,profile_map,46,True,True,-20.024915556890356,410,0.06653397870433775,False,0.0827935708555043
45d6500f7a11a1d2687bb9f2,generalized_translation,bounce,huber,3,True,True,0.2648422646772421,18,0.125,False,1.057555075269886e-10
45d6500f7a11a1d2687bb9f2,generalized_translation,bounce,cauchy,4,True,True,0.2648358367147279,21,0.125,False,1.1725576439073061e-07
45d6500f7a11a1d2687bb9f2,generalized_translation,bounce,profile_map,32,True,True,-31.95970609397386,310,0.01799415748098563,False,2.3890386202367144e-05
45d6500f7a11a1d2687bb9f2,setup_translation,bounce,huber,3,True,True,0.648268878779537,15,0.125,False,6.459882382240667e-10
45d6500f7a11a1d2687bb9f2,setup_translation,bounce,cauchy,4,True,True,0.6481312698668258,18,0.125,False,2.4893910531547937e-07
45d6500f7a11a1d2687bb9f2,setup_translation,bounce,profile_map,11,True,True,-25.046366211427575,126,0.042703461675156235,False,1.9405650673977465e-05
45fcbe1bf1f295585bd1600f,generalized_translation,unforced_slide,huber,3,True,True,1.5862021949004639,23,0.125,False,0.0029808445850557272
45fcbe1bf1f295585bd1600f,generalized_translation,unforced_slide,cauchy,4,True,True,1.586166382262423,28,0.125,False,0.0029741886256011148
45fcbe1bf1f295585bd1600f,generalized_translation,unforced_slide,profile_map,37,True,True,-26.897429769872893,268,0.029178901287199542,False,0.014167928882746213
460d954d83ae3e69bc43ac4b,generalized_translation,bounce,huber,3,True,True,1.2686904718814227,15,0.125,False,0.0009609591353044565
460d954d83ae3e69bc43ac4b,generalized_translation,bounce,cauchy,4,True,True,1.2686772954247258,20,0.125,False,0.0009608215397628386
460d954d83ae3e69bc43ac4b,generalized_translation,bounce,profile_map,30,True,True,-29.466628235921135,335,0.021779597049006824,False,0.0014622977697735903
460d954d83ae3e69bc43ac4b,setup_translation,bounce,huber,4,True,True,1.5816061534973094,24,0.125,False,0.001337138169943403
460d954d83ae3e69bc43ac4b,setup_translation,bounce,cauchy,6,True,True,1.5814499646679656,32,0.125,False,0.0013376451364758846
460d954d83ae3e69bc43ac4b,setup_translation,bounce,profile_map,16,True,True,-24.34392181455927,144,0.04133491200029842,False,0.0017077293820784946
4643c2c1327b9e94d5213fbc,generalized_translation,unforced_slide,huber,3,True,True,2.8811755128155117,25,0.125,False,0.0010622731014969234
4643c2c1327b9e94d5213fbc,generalized_translation,unforced_slide,cauchy,5,True,True,2.8782114689422067,28,0.125,False,0.0009939960789747903
4643c2c1327b9e94d5213fbc,generalized_translation,unforced_slide,profile_map,27,True,True,-18.714807278361736,180,0.08446552910670851,False,0.005422492853604811
46ee4c1bfb653b9072d27b4a,generalized_translation,multiple_forces,huber,3,True,True,2.5251049156830314,51,0.125,False,0.0012695662540581892
46ee4c1bfb653b9072d27b4a,generalized_translation,multiple_forces,cauchy,7,True,True,2.5248989343118238,58,0.125,False,0.0010742711988771592
46ee4c1bfb653b9072d27b4a,generalized_translation,multiple_forces,profile_map,53,True,True,-26.16721731227606,470,0.0274285197758529,False,0.26030350240115563
4736bfdd2bf0adf13ae6ab6b,generalized_translation,unforced_slide,huber,3,True,True,1.1178523797739481,23,0.125,False,3.447005318339247e-08
4736bfdd2bf0adf13ae6ab6b,generalized_translation,unforced_slide,cauchy,5,True,True,1.1171322547824258,18,0.125,False,2.3346101216877702e-06
4736bfdd2bf0adf13ae6ab6b,generalized_translation,unforced_slide,profile_map,26,True,True,-22.549252455181495,224,0.05774692010429101,False,0.00021789310420918908
4747e664c5c1b12c4849d071,generalized_translation,unforced_slide,huber,3,True,True,0.553328682109065,19,0.125,False,3.822411061336656e-07
4747e664c5c1b12c4849d071,generalized_translation,unforced_slide,cauchy,4,True,True,0.5532642992143961,28,0.125,False,2.086602300744712e-06
4747e664c5c1b12c4849d071,generalized_translation,unforced_slide,profile_map,29,True,True,-26.790185622705685,228,0.03401469424549483,False,0.0011388980840361597
4758b0ebece8d615c0bb9c1f,generalized_translation,unforced_slide,huber,2,True,True,0.4538795233509335,16,0.125,False,3.2239629230323925e-07
4758b0ebece8d615c0bb9c1f,generalized_translation,unforced_slide,cauchy,4,True,True,0.45383047339615334,28,0.125,False,3.834594244727644e-06
4758b0ebece8d615c0bb9c1f,generalized_translation,unforced_slide,profile_map,22,True,True,-28.47763112781394,188,0.027536739204533964,False,0.00139875685412314
47da59ab1a4d674702428cba,generalized_translation,multiple_forces,huber,3,True,True,1.927629929740225,31,0.125,False,4.4163616169113125e-05
47da59ab1a4d674702428cba,generalized_translation,multiple_forces,cauchy,4,True,True,1.9275314409889743,32,0.125,False,5.856660528515481e-05
47da59ab1a4d674702428cba,generalized_translation,multiple_forces,profile_map,46,True,True,-25.2191863644727,400,0.034883146167902036,False,0.014159428650479056
47f1318a3999ae81d1f5d65e,generalized_translation,bounce,huber,3,True,True,0.5844744933400774,24,0.125,False,0.0014572081174473528
47f1318a3999ae81d1f5d65e,generalized_translation,bounce,cauchy,4,True,True,0.5843615628364779,21,0.125,False,0.0014567350947958231
47f1318a3999ae81d1f5d65e,generalized_translation,bounce,profile_map,21,True,True,-25.933623616771687,235,0.03806758742542864,False,0.00152035066102129
47f1318a3999ae81d1f5d65e,setup_translation,bounce,huber,4,True,True,1.5312866594690169,35,0.125,False,0.00044721322954825027
47f1318a3999ae81d1f5d65e,setup_translation,bounce,cauchy,4,True,True,1.5300319372748339,16,0.125,False,0.00044961654706821637
47f1318a3999ae81d1f5d65e,setup_translation,bounce,profile_map,13,True,True,-20.869773964305192,87,0.07166148075965474,False,0.00040750460438947656
4810e70def912b6cb5f60e8a,generalized_translation,unforced_slide,huber,3,True,True,2.076393633034932,16,0.125,False,0.016597892295218013
4810e70def912b6cb5f60e8a,generalized_translation,unforced_slide,cauchy,5,True,True,2.0760841723861816,29,0.125,False,0.01659678706927189
4810e70def912b6cb5f60e8a,generalized_translation,unforced_slide,profile_map,25,True,True,-21.68953979315128,192,0.05684970769604164,False,0.016304301537646674
4815d7d212c389b665d2147d,generalized_translation,multiple_forces,huber,4,True,True,2.392325560317961,25,0.125,False,0.000387152982667692
4815d7d212c389b665d2147d,generalized_translation,multiple_forces,cauchy,5,True,True,2.3910840146097447,28,0.125,False,0.0003537901330083146
4815d7d212c389b665d2147d,generalized_translation,multiple_forces,profile_map,34,True,True,-19.824529325109673,275,0.07414671987700615,False,0.009028917635749461
488f43c48861199fd94f80da,generalized_translation,bounce,huber,3,True,True,0.48717292987076155,17,0.125,False,4.396122134907369e-10
488f43c48861199fd94f80da,generalized_translation,bounce,cauchy,4,True,True,0.4871404988452187,24,0.125,False,1.9401406883470468e-08
488f43c48861199fd94f80da,generalized_translation,bounce,profile_map,24,True,True,-28.070934389310516,280,0.028926742974484887,False,3.523643535383356e-05
488f43c48861199fd94f80da,setup_translation,bounce,huber,3,True,True,1.1615807950604022,8,0.125,False,1.6427263497355887e-09
488f43c48861199fd94f80da,setup_translation,bounce,cauchy,4,True,True,1.1606821839378416,12,0.125,False,9.390344483697928e-07
488f43c48861199fd94f80da,setup_translation,bounce,profile_map,9,True,True,-22.384087111683627,138,0.058878767060024255,False,2.6369784464063764e-05
48a37c5fda7df71cff80f1ed,generalized_translation,multiple_forces,huber,5,True,True,0.29758647455439,41,0.125,False,4.433550485784272e-08
48a37c5fda7df71cff80f1ed,generalized_translation,multiple_forces,cauchy,4,True,True,0.29757439732432656,31,0.125,False,1.3912141133728937e-06
48a37c5fda7df71cff80f1ed,generalized_translation,multiple_forces,profile_map,34,True,True,-29.7130030132054,345,0.02390716744624021,False,0.021828365811344227
48b8523e7545b50bd1d9a9b2,generalized_translation,bounce,huber,3,True,True,15.21995791573952,24,0.125,False,0.07998919816812568
48b8523e7545b50bd1d9a9b2,generalized_translation,bounce,cauchy,7,True,True,15.01071986258925,31,0.125,False,0.08022428038510854
48b8523e7545b50bd1d9a9b2,generalized_translation,bounce,profile_map,28,True,True,-25.437323385763488,335,0.03801828875325988,False,0.00024422258736118497
48b8523e7545b50bd1d9a9b2,setup_translation,bounce,huber,4,True,True,1.8776896096506046,24,0.125,False,0.0012191241229592132
48b8523e7545b50bd1d9a9b2,setup_translation,bounce,cauchy,4,True,True,1.8768386146870426,22,0.125,False,0.0012202798932713327
48b8523e7545b50bd1d9a9b2,setup_translation,bounce,profile_map,16,True,True,-20.871381258443755,123,0.06728949260510277,False,0.0013948557345499829
493fc28c921a00fcc6a7d34c,generalized_translation,bounce,huber,3,True,True,0.6564669576871793,14,0.125,False,2.715378520988773e-12
493fc28c921a00fcc6a7d34c,generalized_translation,bounce,cauchy,4,True,True,0.6564496295279983,22,0.125,False,2.2061207314907075e-07
493fc28c921a00fcc6a7d34c,generalized_translation,bounce,profile_map,31,True,True,-29.211766279860246,360,0.024366824388110966,False,5.495212788886951e-05
493fc28c921a00fcc6a7d34c,setup_translation,bounce,huber,3,True,True,0.7249885493021884,8,0.125,False,9.66347039775138e-12
493fc28c921a00fcc6a7d34c,setup_translation,bounce,cauchy,4,True,True,0.7249494449015851,20,0.125,False,1.9049382965302262e-07
493fc28c921a00fcc6a7d34c,setup_translation,bounce,profile_map,11,True,True,-27.739338807246828,126,0.029287469100424787,False,4.706787819417357e-05
494f28b76a0dc48be575ef90,generalized_translation,multiple_forces,huber,3,True,True,1.404926056687392,26,0.125,False,0.00010238138158570368
494f28b76a0dc48be575ef90,generalized_translation,multiple_forces,cauchy,6,True,True,1.4049187966515413,43,0.125,False,9.046823881449109e-05
494f28b76a0dc48be575ef90,generalized_translation,multiple_forces,profile_map,49,True,True,-32.20884137537502,525,0.014976126520116815,False,0.09790116063566344
49690595c105ee9903da07b0,generalized_translation,multiple_forces,huber,3,True,True,1.7164602395363588,27,0.125,False,0.00037519173247725797
49690595c105ee9903da07b0,generalized_translation,multiple_forces,cauchy,6,True,True,1.716336832244939,61,0.125,False,0.0002819535180881745
49690595c105ee9903da07b0,generalized_translation,multiple_forces,profile_map,47,True,True,-25.965803850979093,455,0.0320558875132969,False,0.14933421871218597
497d2f0799f96a5f9c8e9f8a,generalized_translation,unforced_slide,huber,3,True,True,1.2941048288492996,28,0.125,False,1.1606863999046837e-09
497d2f0799f96a5f9c8e9f8a,generalized_translation,unforced_slide,cauchy,4,True,True,1.292832338088855,20,0.125,False,1.474601648246424e-05
497d2f0799f96a5f9c8e9f8a,generalized_translation,unforced_slide,profile_map,21,True,True,-21.318623716067744,188,0.06894109852958961,False,0.00021776940358003724
499d4a8f4bf750ff02b67401,generalized_translation,multiple_forces,huber,2,True,True,0.5628024544081015,14,0.125,False,8.491175194819521e-05
499d4a8f4bf750ff02b67401,generalized_translation,multiple_forces,cauchy,4,True,True,0.5627523005711229,29,0.125,False,5.090514717235103e-05
499d4a8f4bf750ff02b67401,generalized_translation,multiple_forces,profile_map,39,True,True,-28.97293484788305,375,0.02531593022643994,False,0.0876637404546385
49ab4208a82058c77c88e387,generalized_translation,multiple_forces,huber,3,True,True,0.2601108282643278,21,0.125,False,3.137879815462158e-08
49ab4208a82058c77c88e387,generalized_translation,multiple_forces,cauchy,4,True,True,0.26006425785518383,33,0.125,False,8.805156670028648e-06
49ab4208a82058c77c88e387,generalized_translation,multiple_forces,profile_map,34,True,True,-28.626859304770566,325,0.027699075271826974,False,0.0038117630089173427
49b0d4f581f0372780eada69,generalized_translation,multiple_forces,huber,3,True,True,1.3801012213099293,35,0.125,False,1.1927285330964852e-05
49b0d4f581f0372780eada69,generalized_translation,multiple_forces,cauchy,5,True,True,1.3800591681357672,41,0.125,False,3.5812070949671907e-06
49b0d4f581f0372780eada69,generalized_translation,multiple_forces,profile_map,40,True,True,-27.258456018913144,405,0.028609383449796556,False,0.017444901880159437
49d23e8301b674e3f1c20c2d,generalized_translation,bounce,huber,3,True,True,2.411839921928749,21,0.125,False,1.524385050044058e-08
49d23e8301b674e3f1c20c2d,generalized_translation,bounce,cauchy,4,True,True,2.411776489689365,22,0.125,False,1.0822628996327908e-06
49d23e8301b674e3f1c20c2d,generalized_translation,bounce,profile_map,30,True,True,-24.23763515800641,370,0.037384538048485565,False,0.00032073679066276005
49d23e8301b674e3f1c20c2d,setup_translation,bounce,huber,3,True,True,2.750630928695675,15,0.125,False,7.552213962199115e-11
49d23e8301b674e3f1c20c2d,setup_translation,bounce,cauchy,4,True,True,2.750429901686646,18,0.125,False,9.498073888385033e-07
49d23e8301b674e3f1c20c2d,setup_translation,bounce,profile_map,9,True,True,-21.5426060135199,132,0.052402229255173,False,0.00022364220387364472
49e2a9bb66d658e3f59f6e5f,generalized_translation,unforced_slide,huber,3,True,True,1.2018759613215053,21,0.125,False,0.0005465480632781637
49e2a9bb66d658e3f59f6e5f,generalized_translation,unforced_slide,cauchy,4,True,True,1.2016843052340858,19,0.125,False,0.0005362732727922977
49e2a9bb66d658e3f59f6e5f,generalized_translation,unforced_slide,profile_map,20,True,True,-24.70492003639022,176,0.041428752987295966,False,0.005675230734179045
4a1ec7cdcf244c721490ed40,generalized_translation,unforced_slide,huber,3,True,True,0.9692811017725583,27,0.125,False,0.0003476863624677902
4a1ec7cdcf244c721490ed40,generalized_translation,unforced_slide,cauchy,4,True,True,0.9691864885290384,17,0.125,False,0.00034450305770393464
4a1ec7cdcf244c721490ed40,generalized_translation,unforced_slide,profile_map,23,True,True,-25.35106921909344,200,0.03911402006484764,False,0.0034352817330131134
4ac8799ae82becb90e722492,generalized_translation,bounce,huber,3,True,True,1.8814391386724323,17,0.125,False,1.3828945276824427e-09
4ac8799ae82becb90e722492,generalized_translation,bounce,cauchy,4,True,True,1.8813384762081677,19,0.125,False,2.0782742532986584e-07
4ac8799ae82becb90e722492,generalized_translation,bounce,profile_map,30,True,True,-25.064499933240082,310,0.03589966194321707,False,0.0002588588448108271
4ac8799ae82becb90e722492,setup_translation,bounce,huber,3,True,True,5.805235696309276,22,0.125,False,3.373802144997827e-10
4ac8799ae82becb90e722492,setup_translation,bounce,cauchy,5,True,True,5.7883341247976245,18,0.125,False,5.175029584159415e-05
4ac8799ae82becb90e722492,setup_translation,bounce,profile_map,15,True,True,-14.83691063659827,126,0.12861140586284975,False,1.324568112217058e-05
4b84a791bf632f2d3ceaa735,generalized_translation,bounce,huber,3,True,True,0.7379323387114247,17,0.125,False,0.0009371139995186061
4b84a791bf632f2d3ceaa735,generalized_translation,bounce,cauchy,4,True,True,0.737907622598381,23,0.125,False,0.0009373994436119084
4b84a791bf632f2d3ceaa735,generalized_translation,bounce,profile_map,33,True,True,-28.960338844735176,350,0.024911303689195627,False,0.0008124521656218269
4b84a791bf632f2d3ceaa735,setup_translation,bounce,huber,3,True,True,1.6157035157387662,17,0.125,False,0.0036069383993936974
4b84a791bf632f2d3ceaa735,setup_translation,bounce,cauchy,5,True,True,1.6150849623763963,27,0.125,False,0.003610240359925184
4b84a791bf632f2d3ceaa735,setup_translation,bounce,profile_map,18,True,True,-21.47068853624217,120,0.0634952113876515,False,0.003520658155110745
4bd6d014081664c554937cc1,generalized_translation,unforced_slide,huber,3,True,True,1.4193475274305938,15,0.125,False,0.0016518824174955185
4bd6d014081664c554937cc1,generalized_translation,unforced_slide,cauchy,5,True,True,1.4193137606425683,31,0.125,False,0.0016487368955333498
4bd6d014081664c554937cc1,generalized_translation,unforced_slide,profile_map,25,True,True,-26.232685299297287,192,0.032602265464459726,False,0.01159523456454585
4c58481ea68fe617a9e406a8,generalized_translation,unforced_slide,huber,3,True,True,0.28830261999823087,25,0.125,False,3.6791213359400455e-09
4c58481ea68fe617a9e406a8,generalized_translation,unforced_slide,cauchy,4,True,True,0.28827385333858596,24,0.125,False,4.1657213770520485e-07
4c58481ea68fe617a9e406a8,generalized_translation,unforced_slide,profile_map,24,True,True,-27.775779947395623,180,0.03088474241975978,False,0.0003676857210516845
4c978d2c67ac96318b8b72fb,generalized_translation,multiple_forces,huber,3,True,True,1.7905648615690732,22,0.125,False,0.00026765719232334456
4c978d2c67ac96318b8b72fb,generalized_translation,multiple_forces,cauchy,4,True,True,1.7905398689949263,28,0.125,False,0.000271080511546578
4c978d2c67ac96318b8b72fb,generalized_translation,multiple_forces,profile_map,48,True,True,-28.67735786757721,425,0.0225132011655253,False,0.012466238126982087
4ca368c825a5ba3eee838974,generalized_translation,multiple_forces,huber,2,True,True,0.553879706145137,18,0.125,False,4.5074830927403966e-05
4ca368c825a5ba3eee838974,generalized_translation,multiple_forces,cauchy,5,True,True,0.553711291902093,23,0.125,False,7.496982626119356e-05
4ca368c825a5ba3eee838974,generalized_translation,multiple_forces,profile_map,24,True,True,-25.864202774087587,245,0.038550741836469324,False,0.03130445302544994
4d049ec63f54351b3d8d4e8c,generalized_translation,bounce,huber,3,True,True,0.256852926419716,15,0.125,False,1.8892478108112753e-11
4d049ec63f54351b3d8d4e8c,generalized_translation,bounce,cauchy,4,True,True,0.25682754789871765,23,0.125,False,2.0417805313708392e-07
4d049ec63f54351b3d8d4e8c,generalized_translation,bounce,profile_map,26,True,True,-29.146928063778173,355,0.02588661279636689,False,1.7585213802451185e-05
4d049ec63f54351b3d8d4e8c,setup_translation,bounce,huber,3,True,True,0.8413388059777179,9,0.125,False,2.7064233811937273e-12
4d049ec63f54351b3d8d4e8c,setup_translation,bounce,cauchy,4,True,True,0.84102010848863,11,0.125,False,7.545855235679444e-07
4d049ec63f54351b3d8d4e8c,setup_translation,bounce,profile_map,17,True,True,-23.215062937686657,150,0.05433563884019736,False,1.37765356917233e-05
4d4247136d72708b43304c94,generalized_translation,bounce,huber,3,True,True,0.5808317453922763,15,0.125,False,3.5841843453944425e-07
4d4247136d72708b43304c94,generalized_translation,bounce,cauchy,4,True,True,0.5807045134539645,59,0.125,False,4.511302889792845e-07
4d4247136d72708b43304c94,generalized_translation,bounce,profile_map,26,True,True,-24.708741560302926,300,0.045243634986681935,False,9.889307477142414e-06
4d4247136d72708b43304c94,setup_translation,bounce,huber,3,True,True,0.706001375642002,12,0.125,False,2.23523219765281e-11
4d4247136d72708b43304c94,setup_translation,bounce,cauchy,4,True,True,0.7058027344061126,15,0.125,False,4.839300168353035e-07
4d4247136d72708b43304c94,setup_translation,bounce,profile_map,20,True,True,-23.851385513319247,195,0.05036244647464986,False,9.255653961661457e-06
4d56871052647144ce2dd271,generalized_translation,bounce,huber,2,True,True,0.40985901712249034,15,0.125,False,3.983832950949884e-11
4d56871052647144ce2dd271,generalized_translation,bounce,cauchy,4,True,True,0.409731148586017,24,0.125,False,8.965570458958972e-07
4d56871052647144ce2dd271,generalized_translation,bounce,profile_map,23,True,True,-25.803253442222246,225,0.03970882710541144,False,3.7639657504809004e-06
4d56871052647144ce2dd271,setup_translation,bounce,huber,2,True,True,0.7000979182673225,8,0.125,False,3.9599299664429615e-11
4d56871052647144ce2dd271,setup_translation,bounce,cauchy,4,True,True,0.6998235472768481,15,0.125,False,1.6853184048817848e-06
4d56871052647144ce2dd271,setup_translation,bounce,profile_map,18,True,True,-23.636022379205116,105,0.05206447970004815,False,3.2237314978027183e-06
4df8b7b955b4895d1dfe55ff,generalized_translation,unforced_slide,huber,3,True,True,1.8496241967005793,22,0.125,False,0.0006130396168670619
4df8b7b955b4895d1dfe55ff,generalized_translation,unforced_slide,cauchy,4,True,True,1.8487000014879225,21,0.125,False,0.0005248946190021073
4df8b7b955b4895d1dfe55ff,generalized_translation,unforced_slide,profile_map,22,True,True,-21.44489432597055,172,0.0613002745834675,False,0.00696677865460879
4e561bc1a9cfd7d56c9ae364,generalized_translation,multiple_forces,huber,4,True,True,0.8581637683203189,28,0.125,False,0.0006410928623916153
4e561bc1a9cfd7d56c9ae364,generalized_translation,multiple_forces,cauchy,5,True,True,0.8581508942844092,28,0.125,False,0.0006591327352063341
4e561bc1a9cfd7d56c9ae364,generalized_translation,multiple_forces,profile_map,36,True,True,-31.33388668321809,330,0.01792901127988577,False,0.09430655305101103
4e6cb122bf2140855694a1c4,generalized_translation,unforced_slide,huber,3,True,True,1.449224009853951,23,0.125,False,9.234834235920823e-05
4e6cb122bf2140855694a1c4,generalized_translation,unforced_slide,cauchy,5,True,True,1.4487830938825081,25,0.125,False,9.274325597496332e-05
4e6cb122bf2140855694a1c4,generalized_translation,unforced_slide,profile_map,24,True,True,-22.185988555554452,256,0.05804046905300274,False,0.00012397152637107656
4f0e4dd9bfbbc7617c723771,generalized_translation,unforced_slide,huber,3,True,True,2.935586706211497,17,0.125,False,0.013701202203321564
4f0e4dd9bfbbc7617c723771,generalized_translation,unforced_slide,cauchy,4,True,True,2.935344854856568,20,0.125,False,0.013699626223267024
4f0e4dd9bfbbc7617c723771,generalized_translation,unforced_slide,profile_map,29,True,True,-22.26548794732494,256,0.04582106582138172,False,0.013166992127829886
4f213059223713a08509b4f2,generalized_translation,bounce,huber,3,True,True,0.5453827745957366,20,0.125,False,6.558141802595435e-12
4f213059223713a08509b4f2,generalized_translation,bounce,cauchy,4,True,True,0.5452032031921441,29,0.125,False,1.4783948680147622e-06
4f213059223713a08509b4f2,generalized_translation,bounce,profile_map,21,True,True,-24.91341857803998,235,0.04415944064405555,False,1.044278744317742e-05
4f213059223713a08509b4f2,setup_translation,bounce,huber,3,True,True,1.7061087285914316,16,0.125,False,1.491823599425005e-11
4f213059223713a08509b4f2,setup_translation,bounce,cauchy,4,True,True,1.7043834069060884,15,0.125,False,4.122410637092261e-07
4f213059223713a08509b4f2,setup_translation,bounce,profile_map,11,True,True,-20.107403674447966,102,0.08052435042603279,False,6.5622001126593694e-06
4f81b3efc3bf28b591932451,generalized_translation,unforced_slide,huber,3,True,True,0.18528459983892437,21,0.125,False,1.1447749032520128e-07
4f81b3efc3bf28b591932451,generalized_translation,unforced_slide,cauchy,4,True,True,0.18528347884867388,19,0.125,False,3.0148557562360876e-07
4f81b3efc3bf28b591932451,generalized_translation,unforced_slide,profile_map,25,True,True,-34.84147734337971,204,0.012609645628342683,False,0.0010828658761954544
50133ecbf4a7b3bf0d2cce87,generalized_translation,multiple_forces,huber,3,True,True,1.2447129160910206,25,0.125,False,2.993591242239912e-05
50133ecbf4a7b3bf0d2cce87,generalized_translation,multiple_forces,cauchy,4,True,True,1.2447028296941285,35,0.125,False,2.9389170188749638e-05
50133ecbf4a7b3bf0d2cce87,generalized_translation,multiple_forces,profile_map,43,True,True,-29.387701325148743,395,0.022069530336715614,False,0.00611036679072303
50600051d3e0f74d6e88fa8b,generalized_translation,bounce,huber,3,True,True,2.040591711295175,20,0.125,False,5.417200852591937e-09
50600051d3e0f74d6e88fa8b,generalized_translation,bounce,cauchy,4,True,True,2.040574962022557,25,0.125,False,3.4841041449536456e-07
50600051d3e0f74d6e88fa8b,generalized_translation,bounce,profile_map,35,True,True,-28.076336340544064,335,0.023592183359580993,False,0.0002956887965224842
50600051d3e0f74d6e88fa8b,setup_translation,bounce,huber,3,True,True,2.1363637046341135,15,0.125,False,2.8701845358001004e-11
50600051d3e0f74d6e88fa8b,setup_translation,bounce,cauchy,4,True,True,2.1363381785489217,23,0.125,False,2.286039648281333e-07
50600051d3e0f74d6e88fa8b,setup_translation,bounce,profile_map,17,True,True,-26.089933703740677,114,0.030225195420796696,False,0.00022848306165555046
50639265d554e9d239ee3707,generalized_translation,unforced_slide,huber,2,True,True,0.11599604568567784,17,0.125,False,1.2865971101023418e-10
50639265d554e9d239ee3707,generalized_translation,unforced_slide,cauchy,4,True,True,0.11598337832185941,25,0.125,False,7.311050591541891e-07
50639265d554e9d239ee3707,generalized_translation,unforced_slide,profile_map,20,True,True,-30.94685015927082,140,0.020881253764774805,False,9.763872406347495e-05
506eb4cb145e4b3a087e3387,generalized_translation,multiple_forces,huber,5,True,True,1.901579771270278,37,0.125,False,0.025829596982028757
506eb4cb145e4b3a087e3387,generalized_translation,multiple_forces,cauchy,6,True,True,1.9014757020620117,42,0.125,False,0.02578462377679586
506eb4cb145e4b3a087e3387,generalized_translation,multiple_forces,profile_map,41,True,True,-26.47508776899233,310,0.028659530126823804,False,0.2749917099244513
50a54ee6ee2e778a4afaf572,generalized_translation,bounce,huber,3,True,True,1.4461985639811052,19,0.125,False,0.0018972136913098544
50a54ee6ee2e778a4afaf572,generalized_translation,bounce,cauchy,4,True,True,1.4460528015850067,23,0.125,False,0.0018968925194476636
50a54ee6ee2e778a4afaf572,generalized_translation,bounce,profile_map,23,True,True,-23.98894287179825,255,0.044306777417291845,False,0.002481109627599341
50a54ee6ee2e778a4afaf572,setup_translation,bounce,huber,3,True,True,1.5888551281938637,19,0.125,False,0.001393983401445668
50a54ee6ee2e778a4afaf572,setup_translation,bounce,cauchy,4,True,True,1.5885783220594831,22,0.125,False,0.0013973388618170638
50a54ee6ee2e778a4afaf572,setup_translation,bounce,profile_map,14,True,True,-22.95480098771331,147,0.05046417772772083,False,0.0017682244732468999
50cd20db98853fb64867c7a2,generalized_translation,bounce,huber,3,True,True,6.562667534318626,16,0.125,False,8.017890067663108e-11
50cd20db98853fb64867c7a2,generalized_translation,bounce,cauchy,6,True,True,6.513761862243398,23,0.125,False,6.840171072365464e-05
50cd20db98853fb64867c7a2,generalized_translation,bounce,profile_map,22,True,True,-31.26831779168222,315,0.01993351008770247,False,0.03546966274800906
50cd20db98853fb64867c7a2,setup_translation,bounce,huber,3,True,True,0.4044286742995785,19,0.125,False,1.7983272249954179e-10
50cd20db98853fb64867c7a2,setup_translation,bounce,cauchy,4,True,True,0.4043587442573253,17,0.125,False,1.5926274169691528e-07
50cd20db98853fb64867c7a2,setup_translation,bounce,profile_map,13,True,True,-26.324390742112854,123,0.036981460323592195,False,1.3111293619807096e-05
50f617fe17991c285e19463b,generalized_translation,multiple_forces,huber,3,True,True,1.0770209796392705,25,0.125,False,0.00013548113166245572
50f617fe17991c285e19463b,generalized_translation,multiple_forces,cauchy,5,True,True,1.0768957394667709,37,0.125,False,3.8539183926021065e-05
50f617fe17991c285e19463b,generalized_translation,multiple_forces,profile_map,38,True,True,-26.010447073072257,340,0.034862877936398036,False,0.14308270567306605
51834f12094b020ba1fa12e3,generalized_translation,unforced_slide,huber,2,True,True,0.8740389825132597,9,0.125,False,8.488913191093105e-08
51834f12094b020ba1fa12e3,generalized_translation,unforced_slide,cauchy,4,True,True,0.8737200781955642,20,0.125,False,4.474980239784004e-06
51834f12094b020ba1fa12e3,generalized_translation,unforced_slide,profile_map,22,True,True,-23.408025844727902,152,0.052490927306891436,False,0.0008800552051363484
51913f659bee51dd940de2a3,generalized_translation,multiple_forces,huber,2,True,True,1.6797078064813347,27,0.125,False,0.31404692884367635
51913f659bee51dd940de2a3,generalized_translation,multiple_forces,cauchy,5,True,True,1.6790310164096374,40,0.125,False,0.31398560526950786
51913f659bee51dd940de2a3,generalized_translation,multiple_forces,profile_map,44,True,True,-21.761656854874136,400,0.059468744605051124,False,0.3983804533753323
51b397a431b5b3ded5bd5064,generalized_translation,multiple_forces,huber,5,True,True,1.011393829838179,35,0.125,False,6.4621119824041414e-06
51b397a431b5b3ded5bd5064,generalized_translation,multiple_forces,cauchy,4,True,True,1.011248780072731,31,0.125,False,0.00010733051850182377
51b397a431b5b3ded5bd5064,generalized_translation,multiple_forces,profile_map,34,True,True,-26.117755165302444,315,0.03478968315312525,False,0.08751290696804014
52498871bd9f09ed549e8a72,generalized_translation,unforced_slide,huber,3,True,True,0.6139448678745132,12,0.125,False,1.6975312953274703e-06
52498871bd9f09ed549e8a72,generalized_translation,unforced_slide,cauchy,4,True,True,0.6139269854573615,18,0.125,False,2.040093470048392e-06
52498871bd9f09ed549e8a72,generalized_translation,unforced_slide,profile_map,26,True,True,-28.971910193008263,216,0.025274649446035743,False,0.0028624635938453652
529107d393c84938df0f914a,generalized_translation,unforced_slide,huber,3,True,True,2.428361596276045,20,0.125,False,0.00023347918242004874
529107d393c84938df0f914a,generalized_translation,unforced_slide,cauchy,4,True,True,2.4280008078467774,28,0.125,False,0.00022779341552626434
529107d393c84938df0f914a,generalized_translation,unforced_slide,profile_map,28,True,True,-22.284874448668482,284,0.04920674211789205,False,0.0007499173141333773
52d3d5959707bbb6e26f84a2,generalized_translation,multiple_forces,huber,3,True,True,0.3493630239200665,27,0.125,False,6.847936346092118e-07
52d3d5959707bbb6e26f84a2,generalized_translation,multiple_forces,cauchy,4,True,True,0.34930664622104435,28,0.125,False,3.992500682374102e-05
52d3d5959707bbb6e26f84a2,generalized_translation,multiple_forces,profile_map,27,True,True,-27.567165195309226,240,0.031479439967002996,False,0.021507989862747514
52fa5c43c3b9871af65134e5,generalized_translation,unforced_slide,huber,3,True,True,0.7127685898701928,13,0.125,False,9.56118356298817e-07
52fa5c43c3b9871af65134e5,generalized_translation,unforced_slide,cauchy,4,True,True,0.7127036031037786,23,0.125,False,3.264439502530274e-06
52fa5c43c3b9871af65134e5,generalized_translation,unforced_slide,profile_map,27,True,True,-26.630293562158982,220,0.03401484782428682,False,0.0018829724326246198
5341cb60b2fea279e6922ff3,generalized_translation,bounce,huber,3,True,True,3.592104058119568,23,0.125,False,1.1236037924619254e-07
5341cb60b2fea279e6922ff3,generalized_translation,bounce,cauchy,5,True,True,3.590960064126223,21,0.125,False,1.4536307555507733e-05
5341cb60b2fea279e6922ff3,generalized_translation,bounce,profile_map,27,True,True,-19.7948094058397,320,0.06040686824471197,False,0.0005063664299374589
5341cb60b2fea279e6922ff3,setup_translation,bounce,huber,3,True,True,3.7506450245343492,16,0.125,False,4.0692463152119825e-10
5341cb60b2fea279e6922ff3,setup_translation,bounce,cauchy,5,True,True,3.7495001345058707,24,0.125,False,1.6926490834421793e-05
5341cb60b2fea279e6922ff3,setup_translation,bounce,profile_map,14,True,True,-19.155508503521382,129,0.06547166500046901,False,0.00036240115436041436
5379eba1c69e42be6aa1c824,generalized_translation,multiple_forces,huber,4,True,True,3.1535121221095634,28,0.125,False,0.00012627500065395743
5379eba1c69e42be6aa1c824,generalized_translation,multiple_forces,cauchy,6,True,True,3.1515918904896023,41,0.125,False,0.00024887574423145984
5379eba1c69e42be6aa1c824,generalized_translation,multiple_forces,profile_map,44,True,True,-18.995740975666617,380,0.07509324393820514,False,0.030607905308643157
541fbe634b104d8823205f7a,generalized_translation,multiple_forces,huber,3,True,True,0.3269394825385812,17,0.125,False,5.542016489037528e-07
541fbe634b104d8823205f7a,generalized_translation,multiple_forces,cauchy,4,True,True,0.3269155727703138,33,0.125,False,5.988065659351315e-06
541fbe634b104d8823205f7a,generalized_translation,multiple_forces,profile_map,38,True,True,-29.24964765955334,365,0.02530332954905131,False,0.007720340028389204
548262795eadd2aa3d9ad981,generalized_translation,bounce,huber,3,True,True,3.0431533095820975,18,0.125,False,2.0414579476844063e-07
548262795eadd2aa3d9ad981,generalized_translation,bounce,cauchy,4,True,True,3.0431456474138034,22,0.125,False,9.109842402536508e-08
548262795eadd2aa3d9ad981,generalized_translation,bounce,profile_map,31,True,True,-28.279174229298878,325,0.020194472712102503,False,0.0007144966909119958
548262795eadd2aa3d9ad981,setup_translation,bounce,huber,3,True,True,3.566187887182807,13,0.125,False,3.717487609404694e-11
548262795eadd2aa3d9ad981,setup_translation,bounce,cauchy,5,True,True,3.565990757499516,23,0.125,False,2.270928384166526e-07
548262795eadd2aa3d9ad981,setup_translation,bounce,profile_map,13,True,True,-21.136554621126972,117,0.04928273874121236,False,0.00046664593488262765
54863cd3c969467334327f7a,generalized_translation,bounce,huber,3,True,True,0.5015245976490728,13,0.125,False,1.0146562650772813e-09
54863cd3c969467334327f7a,generalized_translation,bounce,cauchy,4,True,True,0.5015226084329191,15,0.125,False,3.603171470893874e-08
54863cd3c969467334327f7a,generalized_translation,bounce,profile_map,37,True,True,-34.24949594964321,410,0.013057071745796806,False,5.766878416745986e-05
54863cd3c969467334327f7a,setup_translation,bounce,huber,3,True,True,0.5559789422419371,11,0.125,False,6.727193096372375e-12
54863cd3c969467334327f7a,setup_translation,bounce,cauchy,4,True,True,0.5559729192030902,24,0.125,False,7.088905817338116e-08
54863cd3c969467334327f7a,setup_translation,bounce,profile_map,16,True,True,-31.039321538487073,141,0.019501865402061308,False,5.002935790914947e-05
54a46c5583e0407f8ad4205a,generalized_translation,multiple_forces,huber,3,True,True,0.3410704389076218,22,0.125,False,2.064392741256641e-09
54a46c5583e0407f8ad4205a,generalized_translation,multiple_forces,cauchy,4,True,True,0.3410278011470169,27,0.125,False,1.1521121697730776e-05
54a46c5583e0407f8ad4205a,generalized_translation,multiple_forces,profile_map,32,True,True,-28.262788953327977,270,0.0287433518921228,False,0.010464534911882746
54c95d2689344f656cb50c5c,generalized_translation,multiple_forces,huber,3,True,True,0.935082504811731,28,0.125,False,0.00021807124047069803
54c95d2689344f656cb50c5c,generalized_translation,multiple_forces,cauchy,5,True,True,0.9350325217854709,25,0.125,False,0.00021319455092139942
54c95d2689344f656cb50c5c,generalized_translation,multiple_forces,profile_map,36,True,True,-27.418951422589892,380,0.029703387519040465,False,0.011591278441701523
555ad8e59c95deb67ae458b6,generalized_translation,bounce,huber,3,True,True,0.7379323387114247,17,0.125,False,0.0009371139995186061
555ad8e59c95deb67ae458b6,generalized_translation,bounce,cauchy,4,True,True,0.737907622598381,23,0.125,False,0.0009373994436119084
555ad8e59c95deb67ae458b6,generalized_translation,bounce,profile_map,33,True,True,-28.960338844735176,350,0.024911303689195627,False,0.0008124521656218269
555ad8e59c95deb67ae458b6,setup_translation,bounce,huber,3,True,True,1.6157035157387662,17,0.125,False,0.0036069383993936974
555ad8e59c95deb67ae458b6,setup_translation,bounce,cauchy,5,True,True,1.6150849623763963,27,0.125,False,0.003610240359925184
555ad8e59c95deb67ae458b6,setup_translation,bounce,profile_map,18,True,True,-21.47068853624217,120,0.0634952113876515,False,0.003520658155110745
5595d98495419f2a0f6288e7,generalized_translation,unforced_slide,huber,3,True,True,1.0477521696166883,19,0.125,False,2.849668846824432e-05
5595d98495419f2a0f6288e7,generalized_translation,unforced_slide,cauchy,4,True,True,1.0475761047384515,26,0.125,False,2.7391676332523493e-05
5595d98495419f2a0f6288e7,generalized_translation,unforced_slide,profile_map,29,True,True,-23.878762614735503,216,0.047688736001534456,False,0.00037163291837049385
55cc6ca17e5afc189a5a1e8e,generalized_translation,multiple_forces,huber,4,True,True,0.9906949485701384,32,0.125,False,0.00079518031589901
55cc6ca17e5afc189a5a1e8e,generalized_translation,multiple_forces,cauchy,6,True,True,0.990662848770295,36,0.125,False,0.0008240868973704319
55cc6ca17e5afc189a5a1e8e,generalized_translation,multiple_forces,profile_map,35,True,True,-28.3361651074517,265,0.025857716089320415,False,0.12862412056789477
55f8ba9c49736015c63b6b2b,generalized_translation,multiple_forces,huber,6,True,True,2.969227731004049,55,0.125,False,0.00011303803582210597
55f8ba9c49736015c63b6b2b,generalized_translation,multiple_forces,cauchy,6,True,True,2.9686628697635067,55,0.125,False,0.00011446333195938085
55f8ba9c49736015c63b6b2b,generalized_translation,multiple_forces,profile_map,51,True,True,-21.1448033979816,435,0.05312349205957938,False,0.14077813111696882
56130886f474617e34ae7bda,generalized_translation,bounce,huber,3,True,True,0.13690116783561396,12,0.125,False,6.879781623788348e-12
56130886f474617e34ae7bda,generalized_translation,bounce,cauchy,4,True,True,0.13687923846246694,17,0.125,False,2.3076544350868824e-07
56130886f474617e34ae7bda,generalized_translation,bounce,profile_map,22,True,True,-30.552426796458636,245,0.021910172084944095,False,5.587948378123448e-06
56130886f474617e34ae7bda,setup_translation,bounce,huber,3,True,True,0.3432506319547547,10,0.125,False,9.969779488376874e-12
56130886f474617e34ae7bda,setup_translation,bounce,cauchy,4,True,True,0.34317141108866245,21,0.125,False,5.227712143165597e-07
56130886f474617e34ae7bda,setup_translation,bounce,profile_map,13,True,True,-26.60952149606213,120,0.0358672812868291,False,4.975883826003073e-06
56698074af10064d019ccfae,generalized_translation,bounce,huber,3,True,True,0.546097526953873,13,0.125,False,0.0005469567084716614
56698074af10064d019ccfae,generalized_translation,bounce,cauchy,4,True,True,0.5460968594197826,28,0.125,False,0.0005469885171288865
56698074af10064d019ccfae,generalized_translation,bounce,profile_map,31,True,True,-35.380084553455035,335,0.011257448235964378,False,0.00042106219299937347
56698074af10064d019ccfae,setup_translation,bounce,huber,4,True,True,0.5899116573241627,23,0.125,False,4.63304301834093e-05
56698074af10064d019ccfae,setup_translation,bounce,cauchy,5,True,True,0.5899080469025578,29,0.125,False,4.637183014937751e-05
56698074af10064d019ccfae,setup_translation,bounce,profile_map,14,True,True,-31.88865886438413,138,0.017420355424579356,False,0.00013649266497238127
569d7b04bef68aee308d5321,generalized_translation,multiple_forces,huber,3,True,True,0.8281667263766299,22,0.125,False,8.478800663701047e-06
569d7b04bef68aee308d5321,generalized_translation,multiple_forces,cauchy,5,True,True,0.8280483985817035,35,0.125,False,0.00010205086714631762
569d7b04bef68aee308d5321,generalized_translation,multiple_forces,profile_map,37,True,True,-26.269081365556705,400,0.03485795473773153,False,0.13805462302916927
56bfbfc32a5ec8ff7c761c2d,generalized_translation,unforced_slide,huber,3,True,True,1.6972391256381858,19,0.125,False,0.0004157444207997943
56bfbfc32a5ec8ff7c761c2d,generalized_translation,unforced_slide,cauchy,5,True,True,1.6963727246069435,38,0.125,False,0.0003986874930072138
56bfbfc32a5ec8ff7c761c2d,generalized_translation,unforced_slide,profile_map,31,True,True,-21.842619168156073,208,0.05891579143020723,False,0.0042578225042360935
56cbc274bbcbdcb6f0e8b49b,generalized_translation,bounce,huber,2,True,True,0.31193337532245463,11,0.125,False,1.1014270221648136e-10
56cbc274bbcbdcb6f0e8b49b,generalized_translation,bounce,cauchy,4,True,True,0.31186030461973624,23,0.125,False,7.17991692049576e-07
56cbc274bbcbdcb6f0e8b49b,generalized_translation,bounce,profile_map,19,True,True,-26.850986293537964,195,0.03485763018930169,False,1.4634271442306261e-06
56cbc274bbcbdcb6f0e8b49b,setup_translation,bounce,huber,2,True,True,0.5801864953732918,13,0.125,False,3.641760256600953e-11
56cbc274bbcbdcb6f0e8b49b,setup_translation,bounce,cauchy,3,True,True,0.5800107662972701,11,0.125,False,1.1525081554468986e-06
56cbc274bbcbdcb6f0e8b49b,setup_translation,bounce,profile_map,10,True,True,-24.363423808078906,93,0.04757081407040838,False,1.2640628024706198e-06
57309b6427443cbd8caa83a6,generalized_translation,unforced_slide,huber,3,True,True,2.876629861405573,26,0.125,False,0.00016150300103828826
57309b6427443cbd8caa83a6,generalized_translation,unforced_slide,cauchy,5,True,True,2.8758740613824996,32,0.125,False,0.00015333859519043496
57309b6427443cbd8caa83a6,generalized_translation,unforced_slide,profile_map,31,True,True,-20.05772568751417,248,0.06515499332810958,False,0.00027307202346378394
578ec396fc0daa68465f3617,generalized_translation,unforced_slide,huber,3,True,True,2.8811755128155117,25,0.125,False,0.0010622731014969234
578ec396fc0daa68465f3617,generalized_translation,unforced_slide,cauchy,5,True,True,2.8782114689422067,28,0.125,False,0.0009939960789747903
578ec396fc0daa68465f3617,generalized_translation,unforced_slide,profile_map,27,True,True,-18.714807278361736,180,0.08446552910670851,False,0.005422492853604811
57938d441e07c5d3405bbd16,generalized_translation,multiple_forces,huber,3,True,True,1.0684623021374628,23,0.125,False,3.119475355865727e-06
57938d441e07c5d3405bbd16,generalized_translation,multiple_forces,cauchy,4,True,True,1.0684591890895345,21,0.125,False,2.7576080740465728e-06
57938d441e07c5d3405bbd16,generalized_translation,multiple_forces,profile_map,37,True,True,-32.59247060794299,445,0.014988238108597875,False,0.0033786656688724573
57ba5b34b983a844222c17e5,generalized_translation,multiple_forces,huber,3,True,True,1.9067706180753572,22,0.125,False,0.0002536761217287789
57ba5b34b983a844222c17e5,generalized_translation,multiple_forces,cauchy,5,True,True,1.9067213140904338,33,0.125,False,0.00025409793388261393
57ba5b34b983a844222c17e5,generalized_translation,multiple_forces,profile_map,46,True,True,-26.208724908643063,405,0.030637228599836218,False,0.010623224422133551
57c7e84249f068e776639c9d,generalized_translation,multiple_forces,huber,3,True,True,1.542508151921822,29,0.125,False,0.0015796132415452507
57c7e84249f068e776639c9d,generalized_translation,multiple_forces,cauchy,7,True,True,1.5424516431650823,50,0.125,False,0.0015209871984752953
57c7e84249f068e776639c9d,generalized_translation,multiple_forces,profile_map,51,True,True,-27.140364309960137,460,0.02795513127741219,False,0.22106550911775366
5849fa0346c1b210e4218b8c,generalized_translation,unforced_slide,huber,3,True,True,1.3689759296067734,25,0.125,False,4.0751172935030104e-10
5849fa0346c1b210e4218b8c,generalized_translation,unforced_slide,cauchy,5,True,True,1.3677407531817511,36,0.125,False,1.2567061268986199e-05
5849fa0346c1b210e4218b8c,generalized_translation,unforced_slide,profile_map,20,True,True,-20.98859627362959,136,0.07224642994500671,False,0.00012550953160070646
584ac27df2ab8dbe745e9b15,generalized_translation,multiple_forces,huber,3,True,True,2.0356453744914282,33,0.125,False,0.0008161950928850575
584ac27df2ab8dbe745e9b15,generalized_translation,multiple_forces,cauchy,5,True,True,2.0353867265900285,34,0.125,False,0.000790417199513267
584ac27df2ab8dbe745e9b15,generalized_translation,multiple_forces,profile_map,46,True,True,-23.709161835507555,425,0.04204260652097418,False,0.12355039780364051
58693a260eacc40e96b35f1a,generalized_translation,unforced_slide,huber,3,True,True,2.0526446956629214,16,0.125,False,0.0018547824853955286
58693a260eacc40e96b35f1a,generalized_translation,unforced_slide,cauchy,5,True,True,2.052291816602645,26,0.125,False,0.001836966586779683
58693a260eacc40e96b35f1a,generalized_translation,unforced_slide,profile_map,28,True,True,-22.051511114296197,236,0.05388677637159488,False,0.011184014642906368
58a79b82d48d9dfa41b65a2f,generalized_translation,unforced_slide,huber,3,True,True,1.3408443565431185,17,0.125,False,0.00152122321186992
58a79b82d48d9dfa41b65a2f,generalized_translation,unforced_slide,cauchy,4,True,True,1.3408054254037125,18,0.125,False,0.001519516130015356
58a79b82d48d9dfa41b65a2f,generalized_translation,unforced_slide,profile_map,20,True,True,-27.192269576084673,200,0.029006526023736542,False,0.007354558983058469
5902e6f614f3a729db67c9be,generalized_translation,multiple_forces,huber,4,True,True,1.2723418292352253,30,0.125,False,0.00035117445346810903
5902e6f614f3a729db67c9be,generalized_translation,multiple_forces,cauchy,5,True,True,1.2721673960820612,33,0.125,False,0.0002724705317330458
5902e6f614f3a729db67c9be,generalized_translation,multiple_forces,profile_map,41,True,True,-25.53066578625659,350,0.03626616895547632,False,0.14345132301816638
596d73b089c9a356ed3cba48,generalized_translation,bounce,huber,3,True,True,0.4745523051533973,17,0.125,False,0.0001862377546064584
596d73b089c9a356ed3cba48,generalized_translation,bounce,cauchy,4,True,True,0.4745491426221376,20,0.125,False,0.00018623423446903955
596d73b089c9a356ed3cba48,generalized_translation,bounce,profile_map,33,True,True,-33.67732760840181,500,0.014084972037587575,False,0.0003664490580599381
596d73b089c9a356ed3cba48,setup_translation,bounce,huber,3,True,True,1.636445705437633,24,0.125,False,0.003516556967746644
596d73b089c9a356ed3cba48,setup_translation,bounce,cauchy,4,True,True,1.6355240441067025,17,0.125,False,0.0035157605265270157
596d73b089c9a356ed3cba48,setup_translation,bounce,profile_map,13,True,True,-21.015015434395277,108,0.06846457787401856,False,0.0034458894609265462
597cbef9c669886557607af6,generalized_translation,bounce,huber,3,True,True,0.703216104271619,26,0.125,False,0.0017256958570510946
597cbef9c669886557607af6,generalized_translation,bounce,cauchy,4,True,True,0.7031558273269903,24,0.125,False,0.0017263215182983863
597cbef9c669886557607af6,generalized_translation,bounce,profile_map,31,True,True,-26.602168565478543,360,0.03419179944463248,False,0.0015929597728565896
597cbef9c669886557607af6,setup_translation,bounce,huber,4,True,True,0.9373437959979963,30,0.125,False,0.0016976096236688287
597cbef9c669886557607af6,setup_translation,bounce,cauchy,4,True,True,0.9371690135103845,20,0.125,False,0.0016976827241252151
597cbef9c669886557607af6,setup_translation,bounce,profile_map,8,True,True,-24.30582246106108,120,0.045546800017629986,False,0.0016263589833085642
598fa717db1f6f4325efcd8b,generalized_translation,multiple_forces,huber,3,True,True,0.7419355366582681,21,0.125,False,0.00013799921370516698
598fa717db1f6f4325efcd8b,generalized_translation,multiple_forces,cauchy,4,True,True,0.7419230323126279,19,0.125,False,0.000143378485292602
598fa717db1f6f4325efcd8b,generalized_translation,multiple_forces,profile_map,41,True,True,-30.050969158456127,440,0.02160061346469953,False,0.015308293536871366
59975431506332897be295b2,generalized_translation,unforced_slide,huber,3,True,True,0.6460460739014104,18,0.125,False,5.835382070832756e-05
59975431506332897be295b2,generalized_translation,unforced_slide,cauchy,4,True,True,0.6460279231027447,20,0.125,False,5.920449344433817e-05
59975431506332897be295b2,generalized_translation,unforced_slide,profile_map,27,True,True,-29.540941847327243,244,0.02337942367612574,False,0.00021554985719911228
59e3ec4d018d8fe186eb8d00,generalized_translation,unforced_slide,huber,3,True,True,2.006991137457927,24,0.125,False,0.001389348434206117
59e3ec4d018d8fe186eb8d00,generalized_translation,unforced_slide,cauchy,4,True,True,2.006924598399927,27,0.125,False,0.0013906967617440431
59e3ec4d018d8fe186eb8d00,generalized_translation,unforced_slide,profile_map,31,True,True,-26.16681972445395,248,0.0304355169952528,False,0.001940481541419926
5a0c063d6416077fd00abf20,generalized_translation,unforced_slide,huber,3,True,True,0.8465932290427168,18,0.125,False,0.00040777378793060027
5a0c063d6416077fd00abf20,generalized_translation,unforced_slide,cauchy,4,True,True,0.8465659840199322,35,0.125,False,0.0004099482943619798
5a0c063d6416077fd00abf20,generalized_translation,unforced_slide,profile_map,27,True,True,-27.745148414241296,256,0.02879145069782453,False,0.003929560046139525
5a118babb82fc246a84da522,generalized_translation,multiple_forces,huber,3,True,True,1.3676031936525386,20,0.125,False,5.807642775598611e-06
5a118babb82fc246a84da522,generalized_translation,multiple_forces,cauchy,4,True,True,1.3675389256275277,31,0.125,False,1.4882642975356064e-06
5a118babb82fc246a84da522,generalized_translation,multiple_forces,profile_map,40,True,True,-26.237764724503446,395,0.03282516486718869,False,0.008968804248478724
5a442caead037d8511410478,generalized_translation,multiple_forces,huber,3,True,True,0.5210073983680448,27,0.125,False,1.4285476424770757e-05
5a442caead037d8511410478,generalized_translation,multiple_forces,cauchy,4,True,True,0.5209950361832774,23,0.125,False,2.2418889908594388e-06
5a442caead037d8511410478,generalized_translation,multiple_forces,profile_map,31,True,True,-31.792427434792554,335,0.01773228785201281,False,0.07227204156735607
5a4b3306db3c0b961a3f2887,generalized_translation,bounce,huber,3,True,True,1.5273715211946524,14,0.125,False,4.625531118492769e-11
5a4b3306db3c0b961a3f2887,generalized_translation,bounce,cauchy,4,True,True,1.527230808563776,17,0.125,False,1.1242501165540278e-06
5a4b3306db3c0b961a3f2887,generalized_translation,bounce,profile_map,30,True,True,-24.603688227329204,380,0.04016446053868835,False,0.00014518613596845058
5a4b3306db3c0b961a3f2887,setup_translation,bounce,huber,3,True,True,3.4105864722736685,17,0.125,False,1.8394793790491894e-12
5a4b3306db3c0b961a3f2887,setup_translation,bounce,cauchy,5,True,True,3.404806097797577,22,0.125,False,2.824729382075555e-05
5a4b3306db3c0b961a3f2887,setup_translation,bounce,profile_map,19,True,True,-17.748093684711794,147,0.09451899759409281,False,5.779294512549799e-05
5aa3fddd96dbbe1172f425e8,generalized_translation,unforced_slide,huber,3,True,True,0.9261084067216233,35,0.125,False,0.0002950261877856329
5aa3fddd96dbbe1172f425e8,generalized_translation,unforced_slide,cauchy,4,True,True,0.9260457435146574,34,0.125,False,0.0002936027821500183
5aa3fddd96dbbe1172f425e8,generalized_translation,unforced_slide,profile_map,20,True,True,-26.12837134480981,228,0.03536455718154002,False,0.0043289291373256236
5aa74d0ffd3d0103674f19f9,generalized_translation,bounce,huber,3,True,True,45.44942875921936,12,0.125,False,5.804673942672535e-11
5aa74d0ffd3d0103674f19f9,generalized_translation,bounce,cauchy,9,True,True,43.38337434448801,40,0.125,False,0.001058076796059161
5aa74d0ffd3d0103674f19f9,generalized_translation,bounce,profile_map,17,True,True,-6.904479035948798,150,0.4213014241484852,False,4.978747901159497e-05
5aa74d0ffd3d0103674f19f9,setup_translation,bounce,huber,3,True,True,2.4603308792309426,20,0.125,False,8.223614122486444e-10
5aa74d0ffd3d0103674f19f9,setup_translation,bounce,cauchy,5,True,True,2.4567974928862957,22,0.125,False,2.937045630260508e-06
5aa74d0ffd3d0103674f19f9,setup_translation,bounce,profile_map,12,True,True,-18.597316052361975,87,0.09747437122536698,False,4.43831953654073e-06
5aaf311afb95856bf72c2d3b,generalized_translation,multiple_forces,huber,6,True,True,2.4329933474171206,44,0.125,False,0.00010402325888676582
5aaf311afb95856bf72c2d3b,generalized_translation,multiple_forces,cauchy,6,True,True,2.4315807919516237,38,0.125,False,0.00010241664590407659
5aaf311afb95856bf72c2d3b,generalized_translation,multiple_forces,profile_map,42,True,True,-19.410055796857073,325,0.07966319782620855,False,0.059287601011207836
5b08f3c5565a5c1a50b7a270,generalized_translation,unforced_slide,huber,3,True,True,2.0072416034094465,25,0.125,False,0.0019655544136990485
5b08f3c5565a5c1a50b7a270,generalized_translation,unforced_slide,cauchy,4,True,True,2.0066497039742197,29,0.125,False,0.001935114695231892
5b08f3c5565a5c1a50b7a270,generalized_translation,unforced_slide,profile_map,23,True,True,-21.68839706686297,176,0.057452290922068563,False,0.008198244787378139
5b1617fc0ce69f1086154b74,generalized_translation,multiple_forces,huber,4,True,True,1.4381567043765786,29,0.125,False,0.3068787896354188
5b1617fc0ce69f1086154b74,generalized_translation,multiple_forces,cauchy,6,True,True,1.4377265807646307,36,0.125,False,0.3067838259484221
5b1617fc0ce69f1086154b74,generalized_translation,multiple_forces,profile_map,42,True,True,-22.71330749802624,335,0.053146294861390865,False,0.402017682435331
5b5945c13a0b741e68983c3e,generalized_translation,bounce,huber,3,True,True,0.22815936982588625,17,0.125,False,5.199387201931347e-10
5b5945c13a0b741e68983c3e,generalized_translation,bounce,cauchy,4,True,True,0.2281370839990281,18,0.125,False,2.577847563287177e-07
5b5945c13a0b741e68983c3e,generalized_translation,bounce,profile_map,26,True,True,-30.15096126214039,370,0.02280563981164684,False,1.685103899266185e-05
5b5945c13a0b741e68983c3e,setup_translation,bounce,huber,3,True,True,0.6895265684822999,17,0.125,False,2.631405476176564e-11
5b5945c13a0b741e68983c3e,setup_translation,bounce,cauchy,4,True,True,0.6893127069363245,22,0.125,False,1.0643185964434305e-06
5b5945c13a0b741e68983c3e,setup_translation,bounce,profile_map,9,True,True,-24.167354017117084,138,0.048179031712827836,False,1.3612952615863282e-05
5b5f25fcdcecf26dbadca5d9,generalized_translation,bounce,huber,3,True,True,6.565488035273085,15,0.125,False,2.0774269578846017e-10
5b5f25fcdcecf26dbadca5d9,generalized_translation,bounce,cauchy,5,True,True,6.516581754955907,17,0.125,False,6.829052976796996e-05
5b5f25fcdcecf26dbadca5d9,generalized_translation,bounce,profile_map,26,True,True,-31.265184092514467,280,0.019933510099027472,False,0.03540830942763135
5b5f25fcdcecf26dbadca5d9,setup_translation,bounce,huber,3,True,True,0.40755723883219774,15,0.125,False,2.3028758814638322e-10
5b5f25fcdcecf26dbadca5d9,setup_translation,bounce,cauchy,4,True,True,0.4074873073910014,14,0.125,False,1.5908327202302993e-07
5b5f25fcdcecf26dbadca5d9,setup_translation,bounce,profile_map,12,True,True,-26.32126206075645,108,0.036981460384486554,False,1.3432093858214604e-05
5b664fe9b702b2fda55436de,generalized_translation,bounce,huber,2,True,True,0.34258613792778697,6,0.125,False,1.5768918227734424e-12
5b664fe9b702b2fda55436de,generalized_translation,bounce,cauchy,3,True,True,0.3425371997135018,18,0.125,False,7.770065238413263e-08
5b664fe9b702b2fda55436de,generalized_translation,bounce,profile_map,19,True,True,-26.47083721289801,200,0.03655579785016932,False,1.0857362807137976e-06
5b664fe9b702b2fda55436de,setup_translation,bounce,huber,2,True,True,0.9059680983970024,11,0.125,False,2.2165843051729656e-11
5b664fe9b702b2fda55436de,setup_translation,bounce,cauchy,4,True,True,0.9056111552733315,11,0.125,False,1.0902223335248667e-06
5b664fe9b702b2fda55436de,setup_translation,bounce,profile_map,11,True,True,-22.577241758067796,117,0.05947429344463929,False,8.324945695190349e-07
5b672370e5049b01f2bd0bd7,generalized_translation,unforced_slide,huber,3,True,True,1.041120081110412,26,0.125,False,0.00011333723879467693
5b672370e5049b01f2bd0bd7,generalized_translation,unforced_slide,cauchy,4,True,True,1.04097461707286,30,0.125,False,0.00011748006243500596
5b672370e5049b01f2bd0bd7,generalized_translation,unforced_slide,profile_map,31,True,True,-25.723322407663797,248,0.03680049207577921,False,0.00026739212420328213
5b6cbc847af612f05a53dab7,generalized_translation,multiple_forces,huber,4,True,True,1.0034500585362036,32,0.125,False,0.522174634241928
5b6cbc847af612f05a53dab7,generalized_translation,multiple_forces,cauchy,4,True,True,1.003442563678167,38,0.125,False,0.5221585144037629
5b6cbc847af612f05a53dab7,generalized_translation,multiple_forces,profile_map,43,True,True,-35.649973474003815,395,0.010138423142184386,False,0.6609822406082706
5ba6b49f90f5f332b61b0969,generalized_translation,bounce,huber,2,True,True,1.19851850899011,9,0.125,False,3.578858488224798e-11
5ba6b49f90f5f332b61b0969,generalized_translation,bounce,cauchy,4,True,True,1.1968318659192627,19,0.125,False,2.856672316175483e-06
5ba6b49f90f5f332b61b0969,generalized_translation,bounce,profile_map,15,True,True,-21.458999519419955,175,0.06839088380894834,False,1.380527626508443e-06
5ba6b49f90f5f332b61b0969,setup_translation,bounce,huber,2,True,True,2.008479275650305,20,0.125,False,2.4805125318760647e-11
5ba6b49f90f5f332b61b0969,setup_translation,bounce,cauchy,4,True,True,2.005835458809741,16,0.125,False,2.8653765818795376e-06
5ba6b49f90f5f332b61b0969,setup_translation,bounce,profile_map,12,True,True,-19.392252644997395,99,0.08855208034169149,False,9.154245898562515e-07
5bad6e19f66b3458e1c04f76,generalized_translation,bounce,huber,3,True,True,1.3351398973965836,17,0.125,False,3.954078225737546e-11
5bad6e19f66b3458e1c04f76,generalized_translation,bounce,cauchy,4,True,True,1.3350984413134408,22,0.125,False,3.39593869026128e-07
5bad6e19f66b3458e1c04f76,generalized_translation,bounce,profile_map,28,True,True,-26.414444483633094,300,0.03220895034553561,False,0.00011924266885136582
5bad6e19f66b3458e1c04f76,setup_translation,bounce,huber,3,True,True,1.4540678628443473,15,0.125,False,6.610854400911419e-11
5bad6e19f66b3458e1c04f76,setup_translation,bounce,cauchy,4,True,True,1.4539365093288388,22,0.125,False,1.4335659067553833e-06
5bad6e19f66b3458e1c04f76,setup_translation,bounce,profile_map,12,True,True,-24.912105792635955,120,0.03887434931586689,False,9.47589383128262e-05
5bc1ff34b616e083ad38e4d6,generalized_translation,bounce,huber,3,True,True,10.398743759761153,14,0.125,False,0.06876885480197663
5bc1ff34b616e083ad38e4d6,generalized_translation,bounce,cauchy,6,True,True,10.297043043325287,26,0.125,False,0.06891583636041118
5bc1ff34b616e083ad38e4d6,generalized_translation,bounce,profile_map,28,True,True,-24.62214224091852,270,0.042411670297075314,False,0.0016349321120678222
5bc1ff34b616e083ad38e4d6,setup_translation,bounce,huber,3,True,True,1.7389202489738393,18,0.125,False,0.0046799881250326626
5bc1ff34b616e083ad38e4d6,setup_translation,bounce,cauchy,5,True,True,1.7381962788455683,28,0.125,False,0.004674084090673374
5bc1ff34b616e083ad38e4d6,setup_translation,bounce,profile_map,16,True,True,-21.230793242885742,120,0.06476408455959182,False,0.004485336140874305
5c08d72404f108af0bf58be3,generalized_translation,bounce,huber,3,True,True,2.0141771023610318,25,0.125,False,2.0179334740073642e-10
5c08d72404f108af0bf58be3,generalized_translation,bounce,cauchy,4,True,True,2.0139364426302917,16,0.125,False,2.2044658514970947e-07
5c08d72404f108af0bf58be3,generalized_translation,bounce,profile_map,26,True,True,-22.454192560768185,325,0.051036901864149636,False,0.00014757035608701664
5c08d72404f108af0bf58be3,setup_translation,bounce,huber,3,True,True,2.1892389298726225,20,0.125,False,1.7744827553285125e-10
5c08d72404f108af0bf58be3,setup_translation,bounce,cauchy,4,True,True,2.188867199548734,17,0.125,False,1.8606568962648547e-06
5c08d72404f108af0bf58be3,setup_translation,bounce,profile_map,15,True,True,-21.536901774473407,129,0.05720892659297039,False,0.00011457426567987174
5c236a716292218bdd838a2c,generalized_translation,multiple_forces,huber,4,True,True,1.525056875033128,25,0.125,False,0.019639882173333637
5c236a716292218bdd838a2c,generalized_translation,multiple_forces,cauchy,4,True,True,1.5250527765087534,24,0.125,False,0.019640592734435153
5c236a716292218bdd838a2c,generalized_translation,multiple_forces,profile_map,49,True,True,-30.96752860030887,460,0.01737353276870101,False,0.01637222381793359
5c4e5e5eeb807c04ab98c108,generalized_translation,unforced_slide,huber,3,True,True,1.1923190928519123,16,0.125,False,0.0003935202567419606
5c4e5e5eeb807c04ab98c108,generalized_translation,unforced_slide,cauchy,4,True,True,1.192149119384072,26,0.125,False,0.00040235876862600774
5c4e5e5eeb807c04ab98c108,generalized_translation,unforced_slide,profile_map,21,True,True,-23.991941269567405,332,0.045924897691854934,False,0.003727926904275269
5c7ae29e34e555e58642609b,generalized_translation,multiple_forces,huber,3,True,True,2.185824782031619,27,0.125,False,0.0006433845652239774
5c7ae29e34e555e58642609b,generalized_translation,multiple_forces,cauchy,5,True,True,2.185738445341692,28,0.125,False,0.0006489296887008528
5c7ae29e34e555e58642609b,generalized_translation,multiple_forces,profile_map,42,True,True,-25.410811104999755,430,0.0328314622382382,False,0.010801090431205177
5cbd0d2548d3155fc414e4dd,generalized_translation,bounce,huber,3,True,True,1.1116435990516575,14,0.125,False,1.1823046301890111e-11
5cbd0d2548d3155fc414e4dd,generalized_translation,bounce,cauchy,4,True,True,1.1115696954391594,20,0.125,False,8.447996313775546e-07
5cbd0d2548d3155fc414e4dd,generalized_translation,bounce,profile_map,27,True,True,-26.726455611155885,345,0.031829930571534513,False,8.436589332254516e-05
5cbd0d2548d3155fc414e4dd,setup_translation,bounce,huber,3,True,True,1.3512961828435042,12,0.125,False,1.4709847925856887e-11
5cbd0d2548d3155fc414e4dd,setup_translation,bounce,cauchy,4,True,True,1.3510822251347094,16,0.125,False,1.9927001677627374e-06
5cbd0d2548d3155fc414e4dd,setup_translation,bounce,profile_map,13,True,True,-24.109730055914522,117,0.04414517473198975,False,6.794930204207357e-05
5cc9dd4d67a0f1ec14663ba1,generalized_translation,bounce,huber,3,True,True,0.558956696248128,16,0.125,False,6.786102314947963e-10
5cc9dd4d67a0f1ec14663ba1,generalized_translation,bounce,cauchy,4,True,True,0.5589393222755842,20,0.125,False,1.9745204096478892e-07
5cc9dd4d67a0f1ec14663ba1,generalized_translation,bounce,profile_map,32,True,True,-29.30928672766996,320,0.024366823171345024,False,3.859856697085892e-05
5cc9dd4d67a0f1ec14663ba1,setup_translation,bounce,huber,3,True,True,0.6272853483176252,20,0.125,False,1.849253126618943e-12
5cc9dd4d67a0f1ec14663ba1,setup_translation,bounce,cauchy,4,True,True,0.6272462831085847,22,0.125,False,1.6640502770549181e-07
5cc9dd4d67a0f1ec14663ba1,setup_translation,bounce,profile_map,15,True,True,-27.837050741607033,156,0.02928746728777887,False,3.304907795939209e-05
5cebe7927c8a94952a514fb7,generalized_translation,bounce,huber,3,True,True,11.865378350860361,22,0.125,False,0.08347796003955425
5cebe7927c8a94952a514fb7,generalized_translation,bounce,cauchy,7,True,True,11.716645783189026,27,0.125,False,0.08369469067967819
5cebe7927c8a94952a514fb7,generalized_translation,bounce,profile_map,31,True,True,-31.31108531517563,345,0.01822335270286482,False,0.00031697669704805004
5cebe7927c8a94952a514fb7,setup_translation,bounce,huber,3,True,True,1.5445307709038558,28,0.125,False,0.0028722785035697174
5cebe7927c8a94952a514fb7,setup_translation,bounce,cauchy,4,True,True,1.5441115167984845,22,0.125,False,0.0028725370084415774
5cebe7927c8a94952a514fb7,setup_translation,bounce,profile_map,12,True,True,-22.246887811593336,96,0.056622739413853485,False,0.003099879942889619
5d0f8527d39fc96c3f24e6de,generalized_translation,multiple_forces,huber,6,True,True,3.547616983452749,67,0.125,False,0.0024443147902049626
5d0f8527d39fc96c3f24e6de,generalized_translation,multiple_forces,cauchy,5,True,True,3.546341668188293,66,0.125,False,0.001758739967960598
5d0f8527d39fc96c3f24e6de,generalized_translation,multiple_forces,profile_map,49,True,True,-19.736539201461845,400,0.059562886166038394,False,0.23642702634544055
5d3728dd7ba0e5f8003ee348,generalized_translation,multiple_forces,huber,5,True,True,0.9779271377753985,30,0.125,False,3.074532290479612e-05
5d3728dd7ba0e5f8003ee348,generalized_translation,multiple_forces,cauchy,5,True,True,0.9777817912077262,32,0.125,False,3.995487576520736e-06
5d3728dd7ba0e5f8003ee348,generalized_translation,multiple_forces,profile_map,42,True,True,-25.2027816021164,360,0.03982563218524491,False,0.040747748129270095
5d809c3e33dde11d7a798404,generalized_translation,unforced_slide,huber,3,True,True,0.2757984693431892,24,0.125,False,6.366850784139384e-10
5d809c3e33dde11d7a798404,generalized_translation,unforced_slide,cauchy,4,True,True,0.2757772401976839,25,0.125,False,2.1415211973880507e-07
5d809c3e33dde11d7a798404,generalized_translation,unforced_slide,profile_map,27,True,True,-28.497774997153446,316,0.028116301301433437,False,0.0002604798151685198
5da40b5d14047c609e9a46ed,generalized_translation,unforced_slide,huber,3,True,True,1.8891165557668916,25,0.125,False,0.0003662929232631611
5da40b5d14047c609e9a46ed,generalized_translation,unforced_slide,cauchy,4,True,True,1.8890726766701729,20,0.125,False,0.0003679572661423837
5da40b5d14047c609e9a46ed,generalized_translation,unforced_slide,profile_map,32,True,True,-27.029052419325573,244,0.02758502733825826,False,0.0009230264244345558
5dd60ae8f548835d5d5a03fd,generalized_translation,bounce,huber,3,True,True,2.4684566557419725,20,0.125,False,5.742507499090413e-09
5dd60ae8f548835d5d5a03fd,generalized_translation,bounce,cauchy,5,True,True,2.467806081033511,25,0.125,False,2.978915613106702e-06
5dd60ae8f548835d5d5a03fd,generalized_translation,bounce,profile_map,29,True,True,-21.943457372452965,320,0.05147076762050481,False,0.00028163515951534865
5dd60ae8f548835d5d5a03fd,setup_translation,bounce,huber,3,True,True,2.6559491731864697,16,0.125,False,2.9873135146123465e-09
5dd60ae8f548835d5d5a03fd,setup_translation,bounce,cauchy,5,True,True,2.654787826708194,25,0.125,False,5.778800904161407e-06
5dd60ae8f548835d5d5a03fd,setup_translation,bounce,profile_map,12,True,True,-20.975333549563604,117,0.05807625500528025,False,0.00020781835947402018
5dd969063c14877cf8a7a5b8,generalized_translation,multiple_forces,huber,3,True,True,1.1381582041137706,27,0.125,False,9.02801601165934e-07
5dd969063c14877cf8a7a5b8,generalized_translation,multiple_forces,cauchy,5,True,True,1.138103846321333,35,0.125,False,2.8134613747996276e-06
5dd969063c14877cf8a7a5b8,generalized_translation,multiple_forces,profile_map,36,True,True,-26.529713596642846,370,0.032562362615593185,False,0.004461539530858029
5de9860a5a743b2d0d22e917,generalized_translation,bounce,huber,3,True,True,0.47149805852675797,26,0.125,False,0.0009089648338277072
5de9860a5a743b2d0d22e917,generalized_translation,bounce,cauchy,4,True,True,0.47140637234637306,21,0.125,False,0.0009089288215321311
5de9860a5a743b2d0d22e917,generalized_translation,bounce,profile_map,16,True,True,-0.0907680074014603,100,0.9874836905496039,False,0.22158327759112542
5de9860a5a743b2d0d22e917,setup_translation,bounce,huber,4,True,True,1.721274612716909,27,0.125,False,0.0005538864774282015
5de9860a5a743b2d0d22e917,setup_translation,bounce,cauchy,5,True,True,1.719114043415976,31,0.125,False,0.0005610320771361643
5de9860a5a743b2d0d22e917,setup_translation,bounce,profile_map,16,True,True,-20.100217797498306,120,0.08038731217522009,False,0.0005696756900307445
5e23617d4cb7c866a214a089,generalized_translation,multiple_forces,huber,3,True,True,0.4314687669685707,19,0.125,False,4.1962410262616034e-08
5e23617d4cb7c866a214a089,generalized_translation,multiple_forces,cauchy,5,True,True,0.43137931913881056,23,0.125,False,5.760028204862396e-06
5e23617d4cb7c866a214a089,generalized_translation,multiple_forces,profile_map,38,True,True,-25.96582383156224,320,0.03870643524602782,False,0.0038140662183394746
5e2447099ebac114cade77f5,generalized_translation,multiple_forces,huber,3,True,True,0.8207334472538477,17,0.125,False,4.611957823618271e-08
5e2447099ebac114cade77f5,generalized_translation,multiple_forces,cauchy,5,True,True,0.8200253399219346,21,0.125,False,5.828716096417303e-05
5e2447099ebac114cade77f5,generalized_translation,multiple_forces,profile_map,35,True,True,-22.983277802873964,275,0.056511668070387606,False,0.00064155525610926
5e6389faa859006e29a0f34d,generalized_translation,multiple_forces,huber,3,True,True,1.377208307204611,18,0.125,False,0.00020577604430268187
5e6389faa859006e29a0f34d,generalized_translation,multiple_forces,cauchy,5,True,True,1.3769859656369228,28,0.125,False,0.0001680261747010783
5e6389faa859006e29a0f34d,generalized_translation,multiple_forces,profile_map,44,True,True,-23.861598040816784,375,0.04557385228333995,False,0.002715290377028069
5f26e9ff4c64ceb6f9670d9f,generalized_translation,multiple_forces,huber,3,True,True,0.545172961051698,17,0.125,False,7.538111906757014e-05
5f26e9ff4c64ceb6f9670d9f,generalized_translation,multiple_forces,cauchy,4,True,True,0.5451647726808752,27,0.125,False,7.911087676154126e-05
5f26e9ff4c64ceb6f9670d9f,generalized_translation,multiple_forces,profile_map,36,True,True,-31.12411206620348,355,0.01930825915892214,False,0.012003650593514792
5f35a445cdaf9a1b40892eac,generalized_translation,multiple_forces,huber,4,True,True,0.997102161958651,32,0.125,False,0.5251731540246128
5f35a445cdaf9a1b40892eac,generalized_translation,multiple_forces,cauchy,6,True,True,0.9970963623726399,39,0.125,False,0.5251592068737726
5f35a445cdaf9a1b40892eac,generalized_translation,multiple_forces,profile_map,44,True,True,-39.142747163982634,405,0.006542407901005977,False,0.6659042888331462
5fb6f8788b08e3023a6c8aa7,generalized_translation,unforced_slide,huber,3,True,True,0.455605895193003,18,0.125,False,4.068449021753898e-10
5fb6f8788b08e3023a6c8aa7,generalized_translation,unforced_slide,cauchy,4,True,True,0.45548681726563633,26,0.125,False,1.2103345731961367e-06
5fb6f8788b08e3023a6c8aa7,generalized_translation,unforced_slide,profile_map,21,True,True,-25.40005808647364,172,0.04174413345681942,False,8.941337824834895e-05
600c1e2cd703191da93dc51d,generalized_translation,multiple_forces,huber,3,True,True,0.6662675651790613,29,0.125,False,7.783942105347946e-07
600c1e2cd703191da93dc51d,generalized_translation,multiple_forces,cauchy,7,True,True,0.6660751889698598,38,0.125,False,2.2795308257471528e-05
600c1e2cd703191da93dc51d,generalized_translation,multiple_forces,profile_map,41,True,True,-25.686134504250404,390,0.038946745858455416,False,0.004093217493412677
601f8b0ce0db2cd4f854eff3,generalized_translation,unforced_slide,huber,3,True,True,1.5698034003626589,20,0.125,False,8.408460862149924e-08
601f8b0ce0db2cd4f854eff3,generalized_translation,unforced_slide,cauchy,5,True,True,1.5682430871786577,23,0.125,False,1.6420653228428213e-05
601f8b0ce0db2cd4f854eff3,generalized_translation,unforced_slide,profile_map,23,True,True,-21.074798218585837,188,0.06854782851088909,False,0.0002700928625275722
60271d123c87afea57931785,generalized_translation,unforced_slide,huber,3,True,True,0.9534155222983112,19,0.125,False,0.00037635509007204844
60271d123c87afea57931785,generalized_translation,unforced_slide,cauchy,4,True,True,0.9533852076409752,29,0.125,False,0.00037273415094348005
60271d123c87afea57931785,generalized_translation,unforced_slide,profile_map,21,True,True,-27.798185497578974,196,0.028188511020496847,False,0.00473517438971243
608b54da28f6b7efb6c6f64c,generalized_translation,unforced_slide,huber,3,True,True,0.5950038225122742,23,0.125,False,4.277398715404514e-05
608b54da28f6b7efb6c6f64c,generalized_translation,unforced_slide,cauchy,4,True,True,0.5949889232910835,22,0.125,False,4.2676656268391975e-05
608b54da28f6b7efb6c6f64c,generalized_translation,unforced_slide,profile_map,25,True,True,-29.804778030615086,252,0.022744454208461738,False,0.00021771796278231
60c97c48b749777ba41f4b9e,generalized_translation,bounce,huber,3,True,True,0.25385362337533385,17,0.125,False,1.343824122482798e-11
60c97c48b749777ba41f4b9e,generalized_translation,bounce,cauchy,4,True,True,0.25383684199770884,19,0.125,False,9.873246631737801e-08
60c97c48b749777ba41f4b9e,generalized_translation,bounce,profile_map,28,True,True,-28.81192161626134,310,0.027057397210565465,False,1.0576191548892679e-05
60c97c48b749777ba41f4b9e,setup_translation,bounce,huber,3,True,True,0.49619839995524473,16,0.125,False,1.9608924383048132e-11
60c97c48b749777ba41f4b9e,setup_translation,bounce,cauchy,4,True,True,0.49606809456866496,12,0.125,False,2.3310699530188864e-07
60c97c48b749777ba41f4b9e,setup_translation,bounce,profile_map,8,True,True,-25.49168835630635,90,0.04097653999888403,False,9.128001391359951e-06
613afbbef48aaaa75c488d46,generalized_translation,unforced_slide,huber,3,True,True,0.7133057536166112,12,0.125,False,9.023627859157403e-07
613afbbef48aaaa75c488d46,generalized_translation,unforced_slide,cauchy,4,True,True,0.713190078290351,25,0.125,False,3.1591399146255433e-06
613afbbef48aaaa75c488d46,generalized_translation,unforced_slide,profile_map,19,True,True,-25.629420140658606,152,0.038997681647565,False,0.001725887498048456
615b6865f81a3e5d38ab241c,generalized_translation,unforced_slide,huber,3,True,True,1.9817468894862547,20,0.125,False,0.00019772486429448145
615b6865f81a3e5d38ab241c,generalized_translation,unforced_slide,cauchy,4,True,True,1.9816398032784588,19,0.125,False,0.0001985079258278806
615b6865f81a3e5d38ab241c,generalized_translation,unforced_slide,profile_map,30,True,True,-25.581800077433606,220,0.03302116822788636,False,0.0007182774909954402
6195ee41f85df2f5c8b6057c,generalized_translation,multiple_forces,huber,3,True,True,1.9752256895755265,33,0.125,False,5.647217066760357e-05
6195ee41f85df2f5c8b6057c,generalized_translation,multiple_forces,cauchy,6,True,True,1.9751291217328855,35,0.125,False,6.869380765803923e-05
6195ee41f85df2f5c8b6057c,generalized_translation,multiple_forces,profile_map,31,True,True,-25.17352447355352,320,0.03488243091006956,False,0.011868571201742515
61c757f428c4c88f40e2290f,generalized_translation,multiple_forces,huber,4,True,True,2.1153915585728686,25,0.125,False,0.02615283222461434
61c757f428c4c88f40e2290f,generalized_translation,multiple_forces,cauchy,5,True,True,2.1152819604437294,32,0.125,False,0.026147976064794222
61c757f428c4c88f40e2290f,generalized_translation,multiple_forces,profile_map,37,True,True,-24.223151346054024,335,0.038965084450559725,False,0.017139658732155238
6231f555aefa2e7722a98c8c,generalized_translation,unforced_slide,huber,3,True,True,2.096504334226261,22,0.125,False,0.00011413666276919184
6231f555aefa2e7722a98c8c,generalized_translation,unforced_slide,cauchy,5,True,True,2.095100215170281,23,0.125,False,0.00010247468738838879
6231f555aefa2e7722a98c8c,generalized_translation,unforced_slide,profile_map,25,True,True,-20.140660207616023,224,0.07391631592400634,False,0.00013653035609578634
6238a0a78dbec83bb53cec34,generalized_translation,bounce,huber,3,True,True,0.3474357375429707,20,0.125,False,4.582581692574584e-09
6238a0a78dbec83bb53cec34,generalized_translation,bounce,cauchy,4,True,True,0.3473660700446701,24,0.125,False,2.952309446981814e-07
6238a0a78dbec83bb53cec34,generalized_translation,bounce,profile_map,16,True,True,-4.091652719778712,115,0.5984093425201418,False,0.12939471184927145
6238a0a78dbec83bb53cec34,setup_translation,bounce,huber,3,True,True,0.372570817594309,11,0.125,False,4.38825089560292e-10
6238a0a78dbec83bb53cec34,setup_translation,bounce,cauchy,5,True,True,0.3724760640093671,30,0.125,False,5.389877991968228e-07
6238a0a78dbec83bb53cec34,setup_translation,bounce,profile_map,13,True,True,-26.6311372047744,117,0.035619430435632544,False,1.6404437996055556e-05
625f4f5941e1ff7f3335d260,generalized_translation,unforced_slide,huber,2,True,True,0.8587118898277519,20,0.125,False,1.891805829175592e-07
625f4f5941e1ff7f3335d260,generalized_translation,unforced_slide,cauchy,5,True,True,0.8584418596129252,29,0.125,False,4.872031666128514e-06
625f4f5941e1ff7f3335d260,generalized_translation,unforced_slide,profile_map,23,True,True,-23.716712688433702,172,0.05022423476786531,False,0.0014211327681430711
625fc33faa2aff5ed2b417fd,generalized_translation,bounce,huber,3,True,True,1.1643022155517337,20,0.125,False,3.19040688634109e-11
625fc33faa2aff5ed2b417fd,generalized_translation,bounce,cauchy,4,True,True,1.1641212692842393,20,0.125,False,4.99720638686133e-07
625fc33faa2aff5ed2b417fd,generalized_translation,bounce,profile_map,29,True,True,-25.140636540925005,400,0.039205584427959767,False,7.466397980364645e-05
625fc33faa2aff5ed2b417fd,setup_translation,bounce,huber,3,True,True,1.2725223373634642,14,0.125,False,8.630769707962373e-12
625fc33faa2aff5ed2b417fd,setup_translation,bounce,cauchy,4,True,True,1.2722009792774194,22,0.125,False,1.8445952488826062e-06
625fc33faa2aff5ed2b417fd,setup_translation,bounce,profile_map,10,True,True,-24.176337467483616,117,0.04422199560231348,False,6.201985391672198e-05
62ac5837b0efee126d400875,generalized_translation,unforced_slide,huber,3,True,True,2.057864136939436,19,0.125,False,0.011664781463095885
62ac5837b0efee126d400875,generalized_translation,unforced_slide,cauchy,5,True,True,2.0571538068339095,33,0.125,False,0.011662743446316029
62ac5837b0efee126d400875,generalized_translation,unforced_slide,profile_map,24,True,True,-21.173260567584176,200,0.06197681452871381,False,0.011369937876744887
62f37ba80043006520407e80,generalized_translation,multiple_forces,huber,3,True,True,1.605165799304003,20,0.125,False,0.45871449772246087
62f37ba80043006520407e80,generalized_translation,multiple_forces,cauchy,4,True,True,1.6050956314811695,37,0.125,False,0.458705847980289
62f37ba80043006520407e80,generalized_translation,multiple_forces,profile_map,38,True,True,-26.385329542265985,370,0.031154732538660367,False,0.4695155015680284
632202e2ec7ef33977d0623b,generalized_translation,multiple_forces,huber,2,True,True,0.6033168222213469,17,0.125,False,6.300214640311434e-06
632202e2ec7ef33977d0623b,generalized_translation,multiple_forces,cauchy,5,True,True,0.6032143267355116,36,0.125,False,1.6860873196331184e-05
632202e2ec7ef33977d0623b,generalized_translation,multiple_forces,profile_map,42,True,True,-25.72558380288759,350,0.03901757908127673,False,0.03638416078109763
6338bef254badf7d5d59c5e0,generalized_translation,bounce,huber,3,True,True,0.3792633982707933,12,0.125,False,1.3159145342133455e-11
6338bef254badf7d5d59c5e0,generalized_translation,bounce,cauchy,3,True,True,0.37926158003184746,19,0.125,False,1.0824304859076016e-08
6338bef254badf7d5d59c5e0,generalized_translation,bounce,profile_map,27,True,True,-34.331267239706456,370,0.013124083788673798,False,3.3204983030179755e-05
6338bef254badf7d5d59c5e0,setup_translation,bounce,huber,3,True,True,0.5302708086631249,21,0.125,False,5.810750478870624e-11
6338bef254badf7d5d59c5e0,setup_translation,bounce,cauchy,4,True,True,0.5302489978811944,16,0.125,False,1.1588697870019004e-08
6338bef254badf7d5d59c5e0,setup_translation,bounce,profile_map,9,True,True,-28.399225151206913,129,0.027545727863335142,False,2.8207606845352885e-05
63cbf811f75c29173d434824,generalized_translation,bounce,huber,3,True,True,0.4701190542680095,14,0.125,False,0.0007055693257935886
63cbf811f75c29173d434824,generalized_translation,bounce,cauchy,4,True,True,0.4700314283592369,28,0.125,False,0.0007051251378188697
63cbf811f75c29173d434824,generalized_translation,bounce,profile_map,28,True,True,-26.40239459340573,280,0.036261901402683115,False,0.000741007079767009
63cbf811f75c29173d434824,setup_translation,bounce,huber,4,True,True,0.4815810375209827,26,0.125,False,0.0006000896573572533
63cbf811f75c29173d434824,setup_translation,bounce,cauchy,5,True,True,0.4814662452420598,24,0.125,False,0.0005993452195103458
63cbf811f75c29173d434824,setup_translation,bounce,profile_map,24,True,True,-26.27027917867547,153,0.03686492358953965,False,0.0006325327231236807
6468994d9e7fd881590c9897,generalized_translation,unforced_slide,huber,3,True,True,2.053547231986798,19,0.125,False,5.926135930334071e-05
6468994d9e7fd881590c9897,generalized_translation,unforced_slide,cauchy,4,True,True,2.053167939440268,18,0.125,False,6.0231152691989206e-05
6468994d9e7fd881590c9897,generalized_translation,unforced_slide,profile_map,26,True,True,-22.439369757519135,240,0.050848568454298367,False,0.0002530199729729426
6483a2b9137bc3089f676b87,generalized_translation,bounce,huber,3,True,True,15.213980330019256,15,0.125,False,0.08243089684627848
6483a2b9137bc3089f676b87,generalized_translation,bounce,cauchy,7,True,True,15.004735493701421,34,0.125,False,0.08267339154990533
6483a2b9137bc3089f676b87,generalized_translation,bounce,profile_map,25,True,True,-25.44080228954249,270,0.038018292920731576,False,0.00023767084071987194
6483a2b9137bc3089f676b87,setup_translation,bounce,huber,3,True,True,1.8741609689655294,12,0.125,False,0.0012594107322628167
6483a2b9137bc3089f676b87,setup_translation,bounce,cauchy,4,True,True,1.8733100129137772,15,0.125,False,0.0012605987684442424
6483a2b9137bc3089f676b87,setup_translation,bounce,profile_map,9,True,True,-20.874903886481732,150,0.06728951317344317,False,0.0014456336982893528
64a1f4de7a38be50c2ec5d4c,generalized_translation,bounce,huber,2,True,True,0.5941277135354268,7,0.125,False,8.318476237297482e-13
64a1f4de7a38be50c2ec5d4c,generalized_translation,bounce,cauchy,4,True,True,0.593833628016325,22,0.125,False,1.78827627763575e-06
64a1f4de7a38be50c2ec5d4c,generalized_translation,bounce,profile_map,21,True,True,-24.28004292972383,180,0.04805696281111789,False,2.4058799491762194e-06
64a1f4de7a38be50c2ec5d4c,setup_translation,bounce,huber,2,True,True,1.9625762119312076,14,0.125,False,1.1178650196564155e-10
64a1f4de7a38be50c2ec5d4c,setup_translation,bounce,cauchy,4,True,True,1.9590838787703444,15,0.125,False,1.058307308125808e-05
64a1f4de7a38be50c2ec5d4c,setup_translation,bounce,profile_map,6,True,True,-19.486754849990582,63,0.08749143988637684,False,1.3529226481048584e-06
64e244df54a1625a879e3ee0,generalized_translation,unforced_slide,huber,3,True,True,0.7133057536166112,12,0.125,False,9.023627859157403e-07
64e244df54a1625a879e3ee0,generalized_translation,unforced_slide,cauchy,4,True,True,0.713190078290351,25,0.125,False,3.1591399146255433e-06
64e244df54a1625a879e3ee0,generalized_translation,unforced_slide,profile_map,19,True,True,-25.629420140658606,152,0.038997681647565,False,0.001725887498048456
6506dc72b4eb7e0d4a3d0e78,generalized_translation,bounce,huber,3,True,True,0.512033081960641,14,0.125,False,2.140758101667995e-11
6506dc72b4eb7e0d4a3d0e78,generalized_translation,bounce,cauchy,4,True,True,0.512026406705433,20,0.125,False,3.1004716084711482e-09
6506dc72b4eb7e0d4a3d0e78,generalized_translation,bounce,profile_map,30,True,True,-31.00006077568229,430,0.019710929049527124,False,5.3303816419201207e-05
6506dc72b4eb7e0d4a3d0e78,setup_translation,bounce,huber,3,True,True,1.282005410673144,14,0.125,False,1.9888522871419248e-11
6506dc72b4eb7e0d4a3d0e78,setup_translation,bounce,cauchy,4,True,True,1.2813854340124138,14,0.125,False,1.1783013221909e-06
6506dc72b4eb7e0d4a3d0e78,setup_translation,bounce,profile_map,11,True,True,-22.33120184606133,87,0.05824528197848075,False,3.797018921450475e-05
65201c4d875269214d774802,generalized_translation,unforced_slide,huber,3,True,True,1.1145671187784105,19,0.125,False,0.00018733751203220067
65201c4d875269214d774802,generalized_translation,unforced_slide,cauchy,4,True,True,1.1144979567078224,21,0.125,False,0.00018699116956561026
65201c4d875269214d774802,generalized_translation,unforced_slide,profile_map,31,True,True,-26.283964974862393,280,0.03376404990391727,False,0.00011567171745686705
655f861ec4c3f0cbab21ea6d,generalized_translation,bounce,huber,3,True,True,1.0991115888621126,27,0.125,False,0.004022733751004923
655f861ec4c3f0cbab21ea6d,generalized_translation,bounce,cauchy,4,True,True,1.0987905731498224,22,0.125,False,0.004024655878482981
655f861ec4c3f0cbab21ea6d,generalized_translation,bounce,profile_map,29,True,True,-23.178104055940118,265,0.052530935773222244,False,0.003911940705932664
655f861ec4c3f0cbab21ea6d,setup_translation,bounce,huber,3,True,True,2.460206603523657,13,0.125,False,0.0058660692681571855
655f861ec4c3f0cbab21ea6d,setup_translation,bounce,cauchy,6,True,True,2.4579831202065714,36,0.125,False,0.005866535400429164
655f861ec4c3f0cbab21ea6d,setup_translation,bounce,profile_map,10,True,True,-18.889757808378008,114,0.08970238579284781,False,0.005831445921253256
65980b0880237454c055e97a,generalized_translation,multiple_forces,huber,6,True,True,3.069119126638946,44,0.125,False,3.8248289391199755e-05
65980b0880237454c055e97a,generalized_translation,multiple_forces,cauchy,7,True,True,3.0671813986889895,43,0.125,False,0.00017654069540549023
65980b0880237454c055e97a,generalized_translation,multiple_forces,profile_map,38,True,True,-19.075422550472044,530,0.0751213139725382,False,0.03812746911185942
65a9ab07f7b65a70c33e50d5,generalized_translation,unforced_slide,huber,3,True,True,1.829304290222904,25,0.125,False,0.0006661249569466212
65a9ab07f7b65a70c33e50d5,generalized_translation,unforced_slide,cauchy,6,True,True,1.8284197789554382,29,0.125,False,0.0006515777102027562
65a9ab07f7b65a70c33e50d5,generalized_translation,unforced_slide,profile_map,21,True,True,-21.77858786198833,204,0.05827110227103302,False,0.005362210806916034
65b537c5210e37615bf3d0c5,generalized_translation,unforced_slide,huber,2,True,True,1.3457027132993942,19,0.125,False,8.064959939302482e-10
65b537c5210e37615bf3d0c5,generalized_translation,unforced_slide,cauchy,4,True,True,1.344470621012484,14,0.125,False,1.562283252948508e-05
65b537c5210e37615bf3d0c5,generalized_translation,unforced_slide,profile_map,22,True,True,-21.02402297869691,164,0.07208205709703047,False,0.00010233246469537637
65c8cc44332135c9352ca4de,generalized_translation,unforced_slide,huber,3,True,True,0.5955980748771005,22,0.125,False,5.5268864895171825e-05
65c8cc44332135c9352ca4de,generalized_translation,unforced_slide,cauchy,4,True,True,0.5955955230518201,23,0.125,False,5.530313575735698e-05
65c8cc44332135c9352ca4de,generalized_translation,unforced_slide,profile_map,32,True,True,-32.89958181451111,368,0.015307276825711508,False,0.00037624857952142665
667c876841e93964474f2ce9,generalized_translation,multiple_forces,huber,4,True,True,1.406804972821409,26,0.125,False,0.0031677205950480063
667c876841e93964474f2ce9,generalized_translation,multiple_forces,cauchy,4,True,True,1.40671375807135,36,0.125,False,0.0032408412252768596
667c876841e93964474f2ce9,generalized_translation,multiple_forces,profile_map,41,True,True,-26.58183658028021,395,0.03061062523303643,False,0.1909322710674216
66b303d935c903d484e54ad7,generalized_translation,unforced_slide,huber,3,True,True,0.8495515380653926,14,0.125,False,0.00010814117021340769
66b303d935c903d484e54ad7,generalized_translation,unforced_slide,cauchy,4,True,True,0.8495390483833736,18,0.125,False,0.00010827676678066262
66b303d935c903d484e54ad7,generalized_translation,unforced_slide,profile_map,34,True,True,-28.87300872405881,280,0.024832340964220347,False,0.0001896477362267923
66bc36120bb6f63f2eae1afd,generalized_translation,unforced_slide,huber,3,True,True,0.6770184176955072,15,0.125,False,3.061456489186864e-05
66bc36120bb6f63f2eae1afd,generalized_translation,unforced_slide,cauchy,4,True,True,0.6769792232340928,27,0.125,False,2.9969580178089206e-05
66bc36120bb6f63f2eae1afd,generalized_translation,unforced_slide,profile_map,26,True,True,-27.9442555539673,204,0.028686084104275818,False,0.00025697691256717646
675ecbc3a5aadefb0df43594,generalized_translation,unforced_slide,huber,3,True,True,1.8891165557668916,25,0.125,False,0.0003662929232631611
675ecbc3a5aadefb0df43594,generalized_translation,unforced_slide,cauchy,4,True,True,1.8890726766701729,20,0.125,False,0.0003679572661423837
675ecbc3a5aadefb0df43594,generalized_translation,unforced_slide,profile_map,32,True,True,-27.029052419325573,244,0.02758502733825826,False,0.0009230264244345558
67a8994e57afcba92bb8f592,generalized_translation,unforced_slide,huber,3,True,True,0.9978951617032832,21,0.125,False,1.1118535816703994e-07
67a8994e57afcba92bb8f592,generalized_translation,unforced_slide,cauchy,4,True,True,0.9976613702164392,24,0.125,False,3.587020417995433e-06
67a8994e57afcba92bb8f592,generalized_translation,unforced_slide,profile_map,24,True,True,-23.683812610576148,188,0.04943902405678602,False,0.0003669155015032162
67fc08787f88de6a95302e5f,generalized_translation,unforced_slide,huber,3,True,True,0.6582231908519821,16,0.125,False,4.606519955918148e-05
67fc08787f88de6a95302e5f,generalized_translation,unforced_slide,cauchy,4,True,True,0.6582048930005653,19,0.125,False,4.7062771455952584e-05
67fc08787f88de6a95302e5f,generalized_translation,unforced_slide,profile_map,26,True,True,-29.52871361889231,268,0.023379428825378697,False,0.0003250786210864652
68553124b0b279873d79093b,generalized_translation,bounce,huber,3,True,True,0.2213748503937794,11,0.125,False,2.693814659564237e-10
68553124b0b279873d79093b,generalized_translation,bounce,cauchy,4,True,True,0.22135256899100492,18,0.125,False,2.570793197341425e-07
68553124b0b279873d79093b,generalized_translation,bounce,profile_map,30,True,True,-30.157746063936646,325,0.022805639789213,False,1.6138325664203484e-05
68553124b0b279873d79093b,setup_translation,bounce,huber,3,True,True,0.6827310376682693,12,0.125,False,3.015014685000112e-11
68553124b0b279873d79093b,setup_translation,bounce,cauchy,4,True,True,0.6825171943513002,20,0.125,False,1.0605445037619949e-06
68553124b0b279873d79093b,setup_translation,bounce,profile_map,13,True,True,-24.174149775919574,120,0.04817903149360425,False,1.3034013860201003e-05
6857c761c00a47dcccb9775a,generalized_translation,multiple_forces,huber,4,True,True,1.4344454061878342,45,0.125,False,0.005797773788006938
6857c761c00a47dcccb9775a,generalized_translation,multiple_forces,cauchy,5,True,True,1.433842272072047,42,0.125,False,0.00580187700437163
6857c761c00a47dcccb9775a,generalized_translation,multiple_forces,profile_map,39,True,True,-21.910064089475746,305,0.060609776005892436,False,0.06188969627378392
687a5bcbb085cb4b4a610eee,generalized_translation,bounce,huber,3,True,True,0.44588768675237467,14,0.125,False,0.0011396102344493255
687a5bcbb085cb4b4a610eee,generalized_translation,bounce,cauchy,3,True,True,0.4458871221671089,13,0.125,False,0.0011396117157150927
687a5bcbb085cb4b4a610eee,generalized_translation,bounce,profile_map,35,True,True,-35.650740478841236,420,0.011018257941232113,False,0.001279717150744118
687a5bcbb085cb4b4a610eee,setup_translation,bounce,huber,3,True,True,0.6033855477147693,16,0.125,False,0.0010967439796566298
687a5bcbb085cb4b4a610eee,setup_translation,bounce,cauchy,5,True,True,0.6033547107851956,28,0.125,False,0.0010962995960221247
687a5bcbb085cb4b4a610eee,setup_translation,bounce,profile_map,25,True,True,-28.427570262652512,144,0.027181157821222046,False,0.0011685279615249802
6885f723384bb8bb22144ba7,generalized_translation,multiple_forces,huber,3,True,True,0.49308018631322487,28,0.125,False,4.881588774815529e-08
6885f723384bb8bb22144ba7,generalized_translation,multiple_forces,cauchy,4,True,True,0.4928082612698338,36,0.125,False,4.0822214484679397e-05
6885f723384bb8bb22144ba7,generalized_translation,multiple_forces,profile_map,25,True,True,-25.030756780143804,265,0.043751544402776135,False,0.001345392915203644
68b084046eaf47bab35447a8,generalized_translation,bounce,huber,3,True,True,1.7173905260304656,19,0.125,False,4.582453150003276e-10
68b084046eaf47bab35447a8,generalized_translation,bounce,cauchy,5,True,True,1.7158044270930535,19,0.125,False,7.944262635829328e-06
68b084046eaf47bab35447a8,generalized_translation,bounce,profile_map,28,True,True,-20.431309142955634,280,0.07519731446101624,False,2.238282521122622e-05
68b084046eaf47bab35447a8,setup_translation,bounce,huber,3,True,True,2.7883150455808248,18,0.125,False,1.9235543265022403e-10
68b084046eaf47bab35447a8,setup_translation,bounce,cauchy,5,True,True,2.7850559874316314,33,0.125,False,6.844008108224154e-06
68b084046eaf47bab35447a8,setup_translation,bounce,profile_map,14,True,True,-18.216800557823706,111,0.09916735687382791,False,1.1780928127387832e-05
68d31953c06abe73fe7237b2,generalized_translation,multiple_forces,huber,4,True,True,1.2789251135990205,25,0.125,False,8.673425941194236e-06
68d31953c06abe73fe7237b2,generalized_translation,multiple_forces,cauchy,7,True,True,1.2788294521840293,38,0.125,False,1.7025477534188093e-05
68d31953c06abe73fe7237b2,generalized_translation,multiple_forces,profile_map,48,True,True,-26.418920297705537,455,0.03238284905495712,False,0.035865157192303966
68e72468833500f2adbc8e50,generalized_translation,unforced_slide,huber,3,True,True,0.5586510172960141,17,0.125,False,4.660254813519843e-09
68e72468833500f2adbc8e50,generalized_translation,unforced_slide,cauchy,4,True,True,0.5584888536670507,31,0.125,False,3.6773113218308383e-06
68e72468833500f2adbc8e50,generalized_translation,unforced_slide,profile_map,23,True,True,-25.413893819726127,184,0.041064260941581,False,0.0003473430294049125
69c2b6e028b337cb9c213f19,generalized_translation,bounce,huber,3,True,True,0.8910189575517339,15,0.125,False,0.001626311990897367
69c2b6e028b337cb9c213f19,generalized_translation,bounce,cauchy,4,True,True,0.891010288163882,23,0.125,False,0.0016263838031667875
69c2b6e028b337cb9c213f19,generalized_translation,bounce,profile_map,27,True,True,-30.109735571469557,340,0.021048313578916508,False,0.0013948839655780502
69c2b6e028b337cb9c213f19,setup_translation,bounce,huber,3,True,True,5.7517312172192945,14,0.125,False,0.00909753382936594
69c2b6e028b337cb9c213f19,setup_translation,bounce,cauchy,5,True,True,5.72507114347253,22,0.125,False,0.00913353505207075
69c2b6e028b337cb9c213f19,setup_translation,bounce,profile_map,16,True,True,-14.985367783866028,90,0.13933993564144198,False,0.009157720332508688
69f09537e1576a884cc1440d,generalized_translation,multiple_forces,huber,4,True,True,1.7595704196942572,23,0.125,False,1.5367551023360882e-05
69f09537e1576a884cc1440d,generalized_translation,multiple_forces,cauchy,4,True,True,1.7593356821257395,20,0.125,False,3.621136924102842e-05
69f09537e1576a884cc1440d,generalized_translation,multiple_forces,profile_map,36,True,True,-24.24160001782912,360,0.04089173354073208,False,0.006203225627911854
6abe9d9e73e96482a227d2e1,generalized_translation,bounce,huber,3,True,True,0.15966754924670878,14,0.125,False,1.2042247307041607e-11
6abe9d9e73e96482a227d2e1,generalized_translation,bounce,cauchy,4,True,True,0.15966028982715702,19,0.125,False,5.804199348938827e-09
6abe9d9e73e96482a227d2e1,generalized_translation,bounce,profile_map,25,True,True,-31.456048230863956,330,0.019450979112071935,False,1.3683866342175901e-05
6abe9d9e73e96482a227d2e1,setup_translation,bounce,huber,3,True,True,0.5139141264496493,9,0.125,False,6.662284927345283e-12
6abe9d9e73e96482a227d2e1,setup_translation,bounce,cauchy,4,True,True,0.5137831672877146,15,0.125,False,1.1198831824316188e-07
6abe9d9e73e96482a227d2e1,setup_translation,bounce,profile_map,15,True,True,-25.301091755217055,96,0.04198379763710796,False,1.1521973287595287e-05
6b3e64b8e094cf8db19267b8,generalized_translation,unforced_slide,huber,2,True,True,0.39297603790414753,12,0.125,False,3.402452790646524e-10
6b3e64b8e094cf8db19267b8,generalized_translation,unforced_slide,cauchy,4,True,True,0.39285120697614007,33,0.125,False,2.4904779001324264e-06
6b3e64b8e094cf8db19267b8,generalized_translation,unforced_slide,profile_map,19,True,True,-25.984377522804536,140,0.03881456236006923,False,0.0001231677851809477
6b806b488df46ff24497d7ba,generalized_translation,unforced_slide,huber,3,True,True,1.2406788229206809,23,0.125,False,0.0011841211763920381
6b806b488df46ff24497d7ba,generalized_translation,unforced_slide,cauchy,4,True,True,1.240664316710655,25,0.125,False,0.0011834675962334538
6b806b488df46ff24497d7ba,generalized_translation,unforced_slide,profile_map,21,True,True,-29.256116666398732,196,0.022460667345342675,False,0.0015569180252763641
6b86299289bb88d655d26f72,generalized_translation,bounce,huber,3,True,True,0.42375805325632926,18,0.125,False,0.00045451145942478413
6b86299289bb88d655d26f72,generalized_translation,bounce,cauchy,4,True,True,0.42370039499139744,18,0.125,False,0.0004544811298410487
6b86299289bb88d655d26f72,generalized_translation,bounce,profile_map,23,True,True,-27.05690833572005,295,0.033393268484361804,False,0.000493054185087184
6b86299289bb88d655d26f72,setup_translation,bounce,huber,3,True,True,2.6448336296729784,19,0.125,False,0.00045453028478714366
6b86299289bb88d655d26f72,setup_translation,bounce,cauchy,6,True,True,2.6386362432840316,42,0.125,False,0.0004454639927153023
6b86299289bb88d655d26f72,setup_translation,bounce,profile_map,12,True,True,-18.3681743442025,75,0.09890491415582514,False,0.000439794222190519
6b944fd1707b570ce61b57c1,generalized_translation,multiple_forces,huber,4,True,True,0.8392134495567005,24,0.125,False,0.00025405627137428807
6b944fd1707b570ce61b57c1,generalized_translation,multiple_forces,cauchy,4,True,True,0.8392122112501877,24,0.125,False,0.0002546437032386693
6b944fd1707b570ce61b57c1,generalized_translation,multiple_forces,profile_map,40,True,True,-34.36540888526013,460,0.01232736168236936,False,0.006426907058521611
6c109a5dff6532fd98b254e8,generalized_translation,bounce,huber,3,True,True,15.92571688519352,14,0.125,False,8.570905051524972e-12
6c109a5dff6532fd98b254e8,generalized_translation,bounce,cauchy,4,True,True,0.4182518729191232,18,0.125,False,0.046849104523567844
6c109a5dff6532fd98b254e8,generalized_translation,bounce,profile_map,26,True,True,-26.454330835539174,235,0.036261202601455884,False,0.04686330895356923
6c109a5dff6532fd98b254e8,setup_translation,bounce,huber,3,True,True,0.902683362249062,20,0.125,False,4.1664216997977023e-10
6c109a5dff6532fd98b254e8,setup_translation,bounce,cauchy,4,True,True,0.9023401433154732,26,0.125,False,9.277273983003104e-07
6c109a5dff6532fd98b254e8,setup_translation,bounce,profile_map,19,True,True,-22.889207807635707,135,0.05661948347268229,False,1.1689748156247538e-05
6d4f7ca3ab51b9907df1c26e,generalized_translation,unforced_slide,huber,2,True,True,1.8619799652588345,14,0.125,False,7.912597714167616e-08
6d4f7ca3ab51b9907df1c26e,generalized_translation,unforced_slide,cauchy,5,True,True,1.8599773349543862,28,0.125,False,1.6138033021192385e-05
6d4f7ca3ab51b9907df1c26e,generalized_translation,unforced_slide,profile_map,25,True,True,-19.896647838554827,168,0.08148021637352267,False,0.0007495727597734537
6da831fe668db283cf74ed32,generalized_translation,unforced_slide,huber,3,True,True,1.490404283989737,18,0.125,False,0.0014058318858419015
6da831fe668db283cf74ed32,generalized_translation,unforced_slide,cauchy,5,True,True,1.4902139595524062,25,0.125,False,0.0014006827366224565
6da831fe668db283cf74ed32,generalized_translation,unforced_slide,profile_map,23,True,True,-24.135252515913045,244,0.04309538519655952,False,0.008551650703436019
6df5f3085da43c4586cb4d85,generalized_translation,multiple_forces,huber,4,True,True,0.7875567766931655,18,0.125,False,6.201856019635339e-05
6df5f3085da43c4586cb4d85,generalized_translation,multiple_forces,cauchy,4,True,True,0.7874682082856075,19,0.125,False,6.694133641014343e-05
6df5f3085da43c4586cb4d85,generalized_translation,multiple_forces,profile_map,32,True,True,-26.293206500713826,335,0.03523144988516335,False,0.00854296200737723
6e0dccc1f4c7e85e6e5c5021,generalized_translation,unforced_slide,huber,3,True,True,0.30540976595817804,30,0.125,False,2.910454767307025e-09
6e0dccc1f4c7e85e6e5c5021,generalized_translation,unforced_slide,cauchy,4,True,True,0.30535941153810375,22,0.125,False,1.6281543332780652e-07
6e0dccc1f4c7e85e6e5c5021,generalized_translation,unforced_slide,profile_map,26,True,True,-27.50883649513431,240,0.03193161267542161,False,0.0003485055908505353
6e37702ec85ba68a0f71a19c,generalized_translation,unforced_slide,huber,3,True,True,0.9998223312746659,15,0.125,False,0.0003918317002275688
6e37702ec85ba68a0f71a19c,generalized_translation,unforced_slide,cauchy,5,True,True,0.9997141488559086,25,0.125,False,0.00039672432348536425
6e37702ec85ba68a0f71a19c,generalized_translation,unforced_slide,profile_map,22,True,True,-25.89674842209614,224,0.036134374429589874,False,0.003735504493336589
6e530d26bb6d41aa3cd518be,generalized_translation,bounce,huber,13,True,True,120.10493749354083,47,0.125,False,0.30175708767631776
6e530d26bb6d41aa3cd518be,generalized_translation,bounce,cauchy,15,True,True,107.02692535180516,58,0.125,False,0.30667803566657686
6e530d26bb6d41aa3cd518be,generalized_translation,bounce,profile_map,30,True,True,-21.185809841714835,255,0.059751887994811015,False,0.002334563938579827
6e530d26bb6d41aa3cd518be,setup_translation,bounce,huber,3,True,True,4.250274528047435,11,0.125,False,0.0008764739674842014
6e530d26bb6d41aa3cd518be,setup_translation,bounce,cauchy,5,True,True,4.2449734791331295,29,0.125,False,0.0009179592508878334
6e530d26bb6d41aa3cd518be,setup_translation,bounce,profile_map,17,True,True,-16.584538842515958,123,0.10581648160005606,False,0.0006928939025222237
6ea49883d749e17779c215e1,generalized_translation,bounce,huber,3,True,True,0.0839783369668652,17,0.125,False,2.712912174462882e-11
6ea49883d749e17779c215e1,generalized_translation,bounce,cauchy,3,True,True,0.08397415427518927,13,0.125,False,2.6394398119544705e-09
6ea49883d749e17779c215e1,generalized_translation,bounce,profile_map,26,True,True,-32.5923203512671,260,0.016987059059860327,False,5.2412907169931935e-06
6ea49883d749e17779c215e1,setup_translation,bounce,huber,3,True,True,0.35440595270046377,16,0.125,False,5.239939016384621e-12
6ea49883d749e17779c215e1,setup_translation,bounce,cauchy,4,True,True,0.3543362786393196,29,0.125,False,1.434047249742908e-07
6ea49883d749e17779c215e1,setup_translation,bounce,profile_map,8,True,True,-26.43568755359477,72,0.03667259269797936,False,4.56295594198868e-06
6efe110835cc61a44c92e74a,generalized_translation,unforced_slide,huber,3,True,True,1.5126889573009352,18,0.125,False,2.763092581656748e-05
6efe110835cc61a44c92e74a,generalized_translation,unforced_slide,cauchy,5,True,True,1.5120769966132201,18,0.125,False,3.601145467811114e-05
6efe110835cc61a44c92e74a,generalized_translation,unforced_slide,profile_map,23,True,True,-21.465075928314825,192,0.06467501115388875,False,0.00023287943401524718
6f568dde53f03f3600821796,generalized_translation,bounce,huber,3,True,True,1.5518431395389785,24,0.125,False,1.1680422086568644e-09
6f568dde53f03f3600821796,generalized_translation,bounce,cauchy,4,True,True,1.5514735779004307,19,0.125,False,1.4432315678841815e-06
6f568dde53f03f3600821796,generalized_translation,bounce,profile_map,28,True,True,-22.354201476393218,275,0.05561631867432358,False,7.499096777272796e-05
6f568dde53f03f3600821796,setup_translation,bounce,huber,3,True,True,1.7965578854968656,17,0.125,False,9.207520835509933e-10
6f568dde53f03f3600821796,setup_translation,bounce,cauchy,4,True,True,1.7958973865120669,23,0.125,False,1.9320488352324048e-06
6f568dde53f03f3600821796,setup_translation,bounce,profile_map,13,True,True,-21.28249913514076,102,0.06357383856884789,False,5.874964287224224e-05
7040dbc5f8135c50a63db409,generalized_translation,bounce,huber,3,True,True,1.660561464238431,13,0.125,False,4.0267995147192125e-10
7040dbc5f8135c50a63db409,generalized_translation,bounce,cauchy,4,True,True,1.6589747847826668,15,0.125,False,8.066342409695103e-06
7040dbc5f8135c50a63db409,generalized_translation,bounce,profile_map,25,True,True,-20.488139754110254,260,0.07519730630075981,False,2.0428234551179604e-05
7040dbc5f8135c50a63db409,setup_translation,bounce,huber,3,True,True,2.7313897549602397,14,0.125,False,2.462498716430269e-10
7040dbc5f8135c50a63db409,setup_translation,bounce,cauchy,5,True,True,2.728130196557722,29,0.125,False,6.958731891271109e-06
7040dbc5f8135c50a63db409,setup_translation,bounce,profile_map,13,True,True,-18.273726662410297,135,0.09916733979606662,False,1.0760723174621419e-05
7077cdb9ebc273886553c6a3,generalized_translation,bounce,huber,3,True,True,0.4199958376678986,22,0.125,False,0.0004502531067507881
7077cdb9ebc273886553c6a3,generalized_translation,bounce,cauchy,4,True,True,0.4199381797461199,30,0.125,False,0.0004502236052579752
7077cdb9ebc273886553c6a3,generalized_translation,bounce,profile_map,27,True,True,-27.060670985836982,275,0.03339326834451093,False,0.00048765580340265075
7077cdb9ebc273886553c6a3,setup_translation,bounce,huber,4,True,True,2.6410214651859327,34,0.125,False,0.00045216135185891247
7077cdb9ebc273886553c6a3,setup_translation,bounce,cauchy,6,True,True,2.63482397492897,36,0.125,False,0.0004431659585763073
7077cdb9ebc273886553c6a3,setup_translation,bounce,profile_map,22,True,True,-18.371986676114854,129,0.09890491068156788,False,0.0004378607044882442
708dcba0f0fe720698c896fe,generalized_translation,unforced_slide,huber,3,True,True,1.5378081385456732,19,0.125,False,0.0006280288602196208
708dcba0f0fe720698c896fe,generalized_translation,unforced_slide,cauchy,4,True,True,1.5376819478761217,22,0.125,False,0.0006274934668597461
708dcba0f0fe720698c896fe,generalized_translation,unforced_slide,profile_map,24,True,True,-23.681492199994018,204,0.045702706321410574,False,0.00030423723685633246
70cb205c8f48a70c61cbfd13,generalized_translation,multiple_forces,huber,3,True,True,2.2948133597643543,42,0.125,False,0.00036273763429195736
70cb205c8f48a70c61cbfd13,generalized_translation,multiple_forces,cauchy,7,True,True,2.294583634919126,54,0.125,False,0.0002560403644699401
70cb205c8f48a70c61cbfd13,generalized_translation,multiple_forces,profile_map,39,True,True,-23.38017670067889,410,0.04226660634221794,False,0.14006394875986597
70e2b4696cabe08a0ec7af72,generalized_translation,multiple_forces,huber,4,True,True,2.1886861498864416,30,0.125,False,0.03114928673833504
70e2b4696cabe08a0ec7af72,generalized_translation,multiple_forces,cauchy,5,True,True,2.188577028472921,34,0.125,False,0.0311446733452931
70e2b4696cabe08a0ec7af72,generalized_translation,multiple_forces,profile_map,34,True,True,-24.148607177862633,320,0.038965766647984644,False,0.02003474039427556
71d956cd1346b08a1668280a,generalized_translation,multiple_forces,huber,4,True,True,0.5000897816822203,22,0.125,False,1.0666385548437314e-06
71d956cd1346b08a1668280a,generalized_translation,multiple_forces,cauchy,6,True,True,0.5000763641879907,35,0.125,False,7.0774649311751405e-06
71d956cd1346b08a1668280a,generalized_translation,multiple_forces,profile_map,40,True,True,-29.967074713684333,370,0.022538253004871625,False,0.015651559160666156
72027f0617086529caa9711d,generalized_translation,bounce,huber,3,True,True,2.411839921928749,21,0.125,False,1.524385050044058e-08
72027f0617086529caa9711d,generalized_translation,bounce,cauchy,4,True,True,2.411776489689365,22,0.125,False,1.0822628996327908e-06
72027f0617086529caa9711d,generalized_translation,bounce,profile_map,30,True,True,-24.23763515800641,370,0.037384538048485565,False,0.00032073679066276005
72027f0617086529caa9711d,setup_translation,bounce,huber,3,True,True,2.750630928695675,15,0.125,False,7.552213962199115e-11
72027f0617086529caa9711d,setup_translation,bounce,cauchy,4,True,True,2.750429901686646,18,0.125,False,9.498073888385033e-07
72027f0617086529caa9711d,setup_translation,bounce,profile_map,9,True,True,-21.5426060135199,132,0.052402229255173,False,0.00022364220387364472
72297aee2e0427fdb19c30b0,generalized_translation,multiple_forces,huber,6,True,True,1.099681876427081,29,0.125,False,1.5488734467844956e-05
72297aee2e0427fdb19c30b0,generalized_translation,multiple_forces,cauchy,6,True,True,1.0996441413745806,33,0.125,False,2.7443723018536458e-05
72297aee2e0427fdb19c30b0,generalized_translation,multiple_forces,profile_map,45,True,True,-27.818617533021612,390,0.0275761613298067,False,0.012906116886965005
736d25a892811a33708615c5,generalized_translation,unforced_slide,huber,3,True,True,0.7574466823616445,15,0.125,False,1.0397844191543512e-08
736d25a892811a33708615c5,generalized_translation,unforced_slide,cauchy,4,True,True,0.7572488051715148,29,0.125,False,8.30570427108481e-07
736d25a892811a33708615c5,generalized_translation,unforced_slide,profile_map,23,True,True,-23.954699386729715,180,0.04921734066553694,False,0.00022064062392028496
740ef3168ce9c731b2ec8eee,generalized_translation,unforced_slide,huber,3,True,True,0.8072155779011232,18,0.125,False,6.77416901707226e-08
740ef3168ce9c731b2ec8eee,generalized_translation,unforced_slide,cauchy,4,True,True,0.8070790598917839,22,0.125,False,1.113755233220735e-06
740ef3168ce9c731b2ec8eee,generalized_translation,unforced_slide,profile_map,24,True,True,-24.883824112013723,212,0.04272422276170527,False,0.0004567669582663248
744e6a1802a939616b10c947,generalized_translation,bounce,huber,3,True,True,2.1431177094649936,16,0.125,False,5.252871053129367e-09
744e6a1802a939616b10c947,generalized_translation,bounce,cauchy,4,True,True,2.1431008896775565,20,0.125,False,3.853606187206408e-07
744e6a1802a939616b10c947,generalized_translation,bounce,profile_map,33,True,True,-27.973747344433754,375,0.0235921901552013,False,0.00035099290455412247
744e6a1802a939616b10c947,setup_translation,bounce,huber,3,True,True,2.2393532019561104,21,0.125,False,2.2387517894050793e-10
744e6a1802a939616b10c947,setup_translation,bounce,cauchy,4,True,True,2.239327628325533,18,0.125,False,2.58281082193845e-07
744e6a1802a939616b10c947,setup_translation,bounce,profile_map,10,True,True,-25.986895439503595,108,0.030225206840404674,False,0.0002712313887106703
74c799145a56acb0c642e899,generalized_translation,bounce,huber,3,True,True,0.7969700563224458,18,0.125,False,1.3164365958160608e-11
74c799145a56acb0c642e899,generalized_translation,bounce,cauchy,4,True,True,0.79684329188349,16,0.125,False,4.2731548837249447e-07
74c799145a56acb0c642e899,generalized_translation,bounce,profile_map,28,True,True,-26.408113027561605,315,0.034658984556161516,False,4.817971302488975e-05
74c799145a56acb0c642e899,setup_translation,bounce,huber,3,True,True,1.0279978231955882,22,0.125,False,3.030435892040406e-10
74c799145a56acb0c642e899,setup_translation,bounce,cauchy,4,True,True,1.0275865212314004,20,0.125,False,2.8760061020968607e-06
74c799145a56acb0c642e899,setup_translation,bounce,profile_map,12,True,True,-24.178370685663893,102,0.045789288922180045,False,3.920363421376101e-05
74e7ea6b62916942b361d327,generalized_translation,multiple_forces,huber,3,True,True,3.1228793902832943,28,0.125,False,0.00027892910497572166
74e7ea6b62916942b361d327,generalized_translation,multiple_forces,cauchy,6,True,True,3.1215338780494757,39,0.125,False,0.0002705503908093403
74e7ea6b62916942b361d327,generalized_translation,multiple_forces,profile_map,46,True,True,-19.202399359285895,375,0.07268411024515913,False,0.0019816798318996395
74ffae230866b1221e4b6208,generalized_translation,bounce,huber,3,True,True,1.113252287359726,16,0.125,False,0.004600313930181969
74ffae230866b1221e4b6208,generalized_translation,bounce,cauchy,4,True,True,1.1127447122133156,18,0.125,False,0.004603464195273186
74ffae230866b1221e4b6208,generalized_translation,bounce,profile_map,20,True,True,-23.027447889709418,290,0.05363602450711974,False,0.004716865289945374
74ffae230866b1221e4b6208,setup_translation,bounce,huber,4,True,True,3.529897563741103,28,0.125,False,0.0011881700793803717
74ffae230866b1221e4b6208,setup_translation,bounce,cauchy,5,True,True,3.522343743177932,19,0.125,False,0.0012032415736002277
74ffae230866b1221e4b6208,setup_translation,bounce,profile_map,11,True,True,-17.21458498229891,147,0.11070749686376313,False,0.0011716477775246365
7573a0c71cf35899ec80a197,generalized_translation,bounce,huber,3,True,True,0.4933799134477636,18,0.125,False,0.0007109116948198254
7573a0c71cf35899ec80a197,generalized_translation,bounce,cauchy,4,True,True,0.49330022216856084,23,0.125,False,0.0007111858472210338
7573a0c71cf35899ec80a197,generalized_translation,bounce,profile_map,26,True,True,-26.084973847765177,270,0.03775318295761745,False,0.0006775466824313415
7573a0c71cf35899ec80a197,setup_translation,bounce,huber,4,True,True,0.7098097043748322,36,0.125,False,0.00016795470351689955
7573a0c71cf35899ec80a197,setup_translation,bounce,cauchy,5,True,True,0.7094203709823488,39,0.125,False,0.00016660750823236446
7573a0c71cf35899ec80a197,setup_translation,bounce,profile_map,21,True,True,-24.215524213458323,156,0.04769808695033736,False,0.00019349648518638668
7587bc3cc5369807a574c97c,generalized_translation,multiple_forces,huber,3,True,True,2.0995282053068465,44,0.125,False,4.040481030175731e-05
7587bc3cc5369807a574c97c,generalized_translation,multiple_forces,cauchy,6,True,True,2.098878137627276,56,0.125,False,5.980806420127884e-05
7587bc3cc5369807a574c97c,generalized_translation,multiple_forces,profile_map,42,True,True,-21.689223326600896,350,0.05649127118410138,False,0.049315334892559355
75aa4de1ea6879eef9abbf95,generalized_translation,multiple_forces,huber,3,True,True,0.47988519379412,23,0.125,False,9.942843132441466e-07
75aa4de1ea6879eef9abbf95,generalized_translation,multiple_forces,cauchy,5,True,True,0.47984212120181624,38,0.125,False,1.6213420939168422e-06
75aa4de1ea6879eef9abbf95,generalized_translation,multiple_forces,profile_map,31,True,True,-27.571653629691394,320,0.030920211578975905,False,0.018808796243483233
75bcb8586c4e665e8c097a95,generalized_translation,multiple_forces,huber,3,True,True,0.6260377422557672,15,0.125,False,1.8446700159984263e-05
75bcb8586c4e665e8c097a95,generalized_translation,multiple_forces,cauchy,7,True,True,0.6260004669589834,39,0.125,False,4.667399544489415e-06
75bcb8586c4e665e8c097a95,generalized_translation,multiple_forces,profile_map,36,True,True,-28.322894597920264,320,0.027371741834403503,False,0.06264133371537586
75f6120138b910ea07e5a9a5,generalized_translation,bounce,huber,3,True,True,0.828167621187531,16,0.125,False,4.694460193712627e-10
75f6120138b910ea07e5a9a5,generalized_translation,bounce,cauchy,4,True,True,0.8277799467687093,20,0.125,False,2.4759185057681e-06
75f6120138b910ea07e5a9a5,generalized_translation,bounce,profile_map,26,True,True,-24.537989244839892,255,0.04474870328112636,False,3.4358286398421247e-05
75f6120138b910ea07e5a9a5,setup_translation,bounce,huber,3,True,True,1.7973791058363089,9,0.125,False,2.959525924524788e-11
75f6120138b910ea07e5a9a5,setup_translation,bounce,cauchy,4,True,True,1.7957869204268957,19,0.125,False,1.6446038188059758e-06
75f6120138b910ea07e5a9a5,setup_translation,bounce,profile_map,15,True,True,-20.29456539875053,135,0.07604345329793595,False,2.2362241880987872e-05
763d7fdcd2a22122cff44ff7,generalized_translation,bounce,huber,3,True,True,1.4161446934548216,18,0.125,False,0.00010417325672978314
763d7fdcd2a22122cff44ff7,generalized_translation,bounce,cauchy,4,True,True,1.4161197254058941,22,0.125,False,0.00010410823746170382
763d7fdcd2a22122cff44ff7,generalized_translation,bounce,profile_map,28,True,True,-27.29663117273035,340,0.02834052354226818,False,0.000627151403713243
763d7fdcd2a22122cff44ff7,setup_translation,bounce,huber,3,True,True,1.4355521507397082,17,0.125,False,0.0007897615221555019
763d7fdcd2a22122cff44ff7,setup_translation,bounce,cauchy,4,True,True,1.4355272726811195,35,0.125,False,0.0007897208449545778
763d7fdcd2a22122cff44ff7,setup_translation,bounce,profile_map,23,True,True,-26.986713648767605,213,0.02944932190248773,False,0.0002073515719712379
7674ca5ac53a0dd856af137f,generalized_translation,unforced_slide,huber,2,True,True,0.43920852193047266,9,0.125,False,1.5542344270072225e-10
7674ca5ac53a0dd856af137f,generalized_translation,unforced_slide,cauchy,4,True,True,0.4391092931809226,17,0.125,False,6.946627151694876e-06
7674ca5ac53a0dd856af137f,generalized_translation,unforced_slide,profile_map,18,True,True,-26.082412104794287,144,0.038048728867644634,False,0.0005516105520334353
7687b8c53ba6f8da68d330dd,generalized_translation,bounce,huber,3,True,True,1.7396487194617876,31,0.125,False,0.0014755438586688935
7687b8c53ba6f8da68d330dd,generalized_translation,bounce,cauchy,4,True,True,1.7387383142975348,29,0.125,False,0.0014717410919622175
7687b8c53ba6f8da68d330dd,generalized_translation,bounce,profile_map,23,True,True,-21.71457514149533,255,0.0597513627509883,False,0.0020000885869946006
7687b8c53ba6f8da68d330dd,setup_translation,bounce,huber,3,True,True,3.7147646493415545,15,0.125,False,0.000980464807038039
7687b8c53ba6f8da68d330dd,setup_translation,bounce,cauchy,5,True,True,3.7094794820108383,31,0.125,False,0.0010207097684196708
7687b8c53ba6f8da68d330dd,setup_translation,bounce,profile_map,15,True,True,-17.120111249314128,144,0.10581439090046858,False,0.0008420298499486348
769f3d93afefc8e70b9e2160,generalized_translation,multiple_forces,huber,5,True,True,1.1757043936204317,46,0.125,False,1.5570738777344484e-05
769f3d93afefc8e70b9e2160,generalized_translation,multiple_forces,cauchy,4,True,True,1.1756949770776244,32,0.125,False,8.692888271875626e-06
769f3d93afefc8e70b9e2160,generalized_translation,multiple_forces,profile_map,37,True,True,-29.992776958283578,400,0.020555943038727636,False,0.04360162660212611
76fa2c67086f2797f478915b,generalized_translation,multiple_forces,huber,3,True,True,0.2997553342182381,22,0.125,False,1.5622926104841872e-07
76fa2c67086f2797f478915b,generalized_translation,multiple_forces,cauchy,4,True,True,0.29974967605349334,24,0.125,False,2.8187600460595916e-07
76fa2c67086f2797f478915b,generalized_translation,multiple_forces,profile_map,36,True,True,-30.78889734848297,420,0.020804651226903694,False,0.013500034181000218
77093f88e3b77b8e73fb7822,generalized_translation,unforced_slide,huber,3,True,True,0.9316707735424354,30,0.125,False,9.38467768253999e-09
77093f88e3b77b8e73fb7822,generalized_translation,unforced_slide,cauchy,4,True,True,0.9312278895295292,28,0.125,False,1.2829563849390049e-05
77093f88e3b77b8e73fb7822,generalized_translation,unforced_slide,profile_map,20,True,True,-22.619113635148302,132,0.058830028563810303,False,0.00040216765116323747
7736e044be437e0f594d4943,generalized_translation,unforced_slide,huber,3,True,True,1.5378081385456732,19,0.125,False,0.0006280288602196208
7736e044be437e0f594d4943,generalized_translation,unforced_slide,cauchy,4,True,True,1.5376819478761217,22,0.125,False,0.0006274934668597461
7736e044be437e0f594d4943,generalized_translation,unforced_slide,profile_map,24,True,True,-23.681492199994018,204,0.045702706321410574,False,0.00030423723685633246
774f8e39923807e969fd27ed,generalized_translation,unforced_slide,huber,3,True,True,1.9937731493551965,16,0.125,False,0.018505380976115975
774f8e39923807e969fd27ed,generalized_translation,unforced_slide,cauchy,5,True,True,1.9933939481067755,25,0.125,False,0.01850629454224764
774f8e39923807e969fd27ed,generalized_translation,unforced_slide,profile_map,31,True,True,-22.499172765743978,272,0.05084853186673928,False,0.0182216017350606
77f197c9864f73fe0c6b9109,generalized_translation,multiple_forces,huber,3,True,True,1.167560797236488,28,0.125,False,0.0004983572380610104
77f197c9864f73fe0c6b9109,generalized_translation,multiple_forces,cauchy,5,True,True,1.1672877395888523,44,0.125,False,0.0005591745701120063
77f197c9864f73fe0c6b9109,generalized_translation,multiple_forces,profile_map,29,True,True,-23.489154214926707,295,0.049363656427311116,False,0.07647375826416541
793b9a1bdacd36dc7f176b5d,generalized_translation,unforced_slide,huber,3,True,True,1.038978772768588,18,0.125,False,0.00023269802000976496
793b9a1bdacd36dc7f176b5d,generalized_translation,unforced_slide,cauchy,4,True,True,1.0388613099509785,20,0.125,False,0.0002275002873103692
793b9a1bdacd36dc7f176b5d,generalized_translation,unforced_slide,profile_map,22,True,True,-24.85141072720077,220,0.04153092781141619,False,0.0037184795228141832
7959b0849ac63ecc2381e0cc,generalized_translation,multiple_forces,huber,4,True,True,1.3104549595506456,23,0.125,False,0.00015375566013600022
7959b0849ac63ecc2381e0cc,generalized_translation,multiple_forces,cauchy,5,True,True,1.310370765996448,31,0.125,False,0.00010384549707544983
7959b0849ac63ecc2381e0cc,generalized_translation,multiple_forces,profile_map,43,True,True,-25.72729619918035,460,0.03533621140855807,False,0.06381373244867106
7983ee040ec0ad41b10162aa,generalized_translation,unforced_slide,huber,3,True,True,1.6583694271192921,22,0.125,False,0.0015216273644287218
7983ee040ec0ad41b10162aa,generalized_translation,unforced_slide,cauchy,4,True,True,1.658154594955285,21,0.125,False,0.0015010620560649396
7983ee040ec0ad41b10162aa,generalized_translation,unforced_slide,profile_map,24,True,True,-23.474995369363615,200,0.046244509915129885,False,0.008651924062412606
798ebb1cdeb3217b27bf267e,generalized_translation,multiple_forces,huber,4,True,True,2.1522504877503126,32,0.125,False,1.7304648662750672e-05
798ebb1cdeb3217b27bf267e,generalized_translation,multiple_forces,cauchy,6,True,True,2.1510461736188633,33,0.125,False,6.379310577630006e-05
798ebb1cdeb3217b27bf267e,generalized_translation,multiple_forces,profile_map,32,True,True,-20.732311485389936,330,0.06566226894903915,False,0.01458706740823257
7a476f0ace65fe88da7e13f9,generalized_translation,bounce,huber,3,True,True,0.17281364202712982,20,0.125,False,3.1454238558921203e-10
7a476f0ace65fe88da7e13f9,generalized_translation,bounce,cauchy,4,True,True,0.17281065617691635,19,0.125,False,5.99888618426002e-08
7a476f0ace65fe88da7e13f9,generalized_translation,bounce,profile_map,24,True,True,-33.54669969053073,355,0.014878231612047444,False,1.7148091947438984e-05
7a476f0ace65fe88da7e13f9,setup_translation,bounce,huber,3,True,True,0.5633910350661365,20,0.125,False,7.277139208474239e-12
7a476f0ace65fe88da7e13f9,setup_translation,bounce,cauchy,4,True,True,0.5632208798247774,22,0.125,False,8.15177583427217e-07
7a476f0ace65fe88da7e13f9,setup_translation,bounce,profile_map,12,True,True,-25.280066204757365,156,0.04181591524253626,False,1.3980066254412289e-05
7af217b5f0a22fa0dd48a0ef,generalized_translation,unforced_slide,huber,3,True,True,2.1775569368661216,18,0.125,False,0.013228124958247848
7af217b5f0a22fa0dd48a0ef,generalized_translation,unforced_slide,cauchy,4,True,True,2.17693037882678,16,0.125,False,0.013233143245398666
7af217b5f0a22fa0dd48a0ef,generalized_translation,unforced_slide,profile_map,27,True,True,-20.886887866005083,208,0.06372930365361151,False,0.012930170470525497
7b1801b248216da5db838cf7,generalized_translation,multiple_forces,huber,3,True,True,1.6521805298620367,39,0.125,False,6.35297150006717e-06
7b1801b248216da5db838cf7,generalized_translation,multiple_forces,cauchy,4,True,True,1.6519044554822768,27,0.125,False,1.4262073476950739e-05
7b1801b248216da5db838cf7,generalized_translation,multiple_forces,profile_map,38,True,True,-24.017878877532787,565,0.042812752666457995,False,0.011324840917675393
7b23ed36b99aa93b0243d8db,generalized_translation,unforced_slide,huber,3,True,True,0.8057030276019186,16,0.125,False,2.1271989028756907e-08
7b23ed36b99aa93b0243d8db,generalized_translation,unforced_slide,cauchy,5,True,True,0.8055230102800068,19,0.125,False,2.416868228300044e-06
7b23ed36b99aa93b0243d8db,generalized_translation,unforced_slide,profile_map,30,True,True,-23.998323374712594,192,0.04855417272864854,False,0.0003585107028640123
7b3e52412ea610303381ab25,generalized_translation,unforced_slide,huber,3,True,True,1.6972391256381858,19,0.125,False,0.0004157444207997943
7b3e52412ea610303381ab25,generalized_translation,unforced_slide,cauchy,5,True,True,1.6963727246069435,38,0.125,False,0.0003986874930072138
7b3e52412ea610303381ab25,generalized_translation,unforced_slide,profile_map,31,True,True,-21.842619168156073,208,0.05891579143020723,False,0.0042578225042360935
7b5899ecbdc2c61f18fc091b,generalized_translation,unforced_slide,huber,3,True,True,0.9896374631659616,21,0.125,False,2.7209906228622345e-08
7b5899ecbdc2c61f18fc091b,generalized_translation,unforced_slide,cauchy,4,True,True,0.9892566809678094,35,0.125,False,3.1155665950017e-06
7b5899ecbdc2c61f18fc091b,generalized_translation,unforced_slide,profile_map,19,True,True,-23.12442160939505,220,0.053855044662168484,False,0.0003781104690647229
7b8a3eaf8d8a8df29745608e,generalized_translation,multiple_forces,huber,5,True,True,1.316221343535514,27,0.125,False,4.473049579322914e-06
7b8a3eaf8d8a8df29745608e,generalized_translation,multiple_forces,cauchy,5,True,True,1.3157441289590373,27,0.125,False,6.5100300554693916e-06
7b8a3eaf8d8a8df29745608e,generalized_translation,multiple_forces,profile_map,42,True,True,-22.51236585270456,340,0.05628525381406634,False,0.006146289907506901
7bdfa6af9a49514f82f8c8b6,generalized_translation,multiple_forces,huber,3,True,True,0.9749657613046546,27,0.125,False,0.00025918811959305533
7bdfa6af9a49514f82f8c8b6,generalized_translation,multiple_forces,cauchy,5,True,True,0.9749414829911747,33,0.125,False,0.00026105464914226385
7bdfa6af9a49514f82f8c8b6,generalized_translation,multiple_forces,profile_map,44,True,True,-27.753265964179217,420,0.028267014435254326,False,0.01046128811912014
7c9d3b5160c7df14307ccd5d,generalized_translation,bounce,huber,3,True,True,0.5935105818510014,14,0.125,False,0.000803565122702951
7c9d3b5160c7df14307ccd5d,generalized_translation,bounce,cauchy,4,True,True,0.5934308183806264,17,0.125,False,0.0008038888124683854
7c9d3b5160c7df14307ccd5d,generalized_translation,bounce,profile_map,25,True,True,-25.984832396623236,265,0.03775318819847727,False,0.0007467052817190665
7c9d3b5160c7df14307ccd5d,setup_translation,bounce,huber,3,True,True,0.80937201425753,14,0.125,False,0.00019125152572572896
7c9d3b5160c7df14307ccd5d,setup_translation,bounce,cauchy,6,True,True,0.8089823337449126,33,0.125,False,0.00018971960067991586
7c9d3b5160c7df14307ccd5d,setup_translation,bounce,profile_map,11,True,True,-24.115953663888448,132,0.04769809530406051,False,0.00023485192733977987
7caff46a84cc6de30309665c,generalized_translation,multiple_forces,huber,5,True,True,2.5561310816176026,52,0.125,False,0.0002562793688272485
7caff46a84cc6de30309665c,generalized_translation,multiple_forces,cauchy,5,True,True,2.5559943881939784,40,0.125,False,0.0003088427427423616
7caff46a84cc6de30309665c,generalized_translation,multiple_forces,profile_map,43,True,True,-23.657794945671466,360,0.03933722799128276,False,0.10959703824338964
7cdd44e375a26ab1f2148497,generalized_translation,bounce,huber,3,True,True,0.455492981917321,15,0.125,False,2.390204137978834e-09
7cdd44e375a26ab1f2148497,generalized_translation,bounce,cauchy,4,True,True,0.45539213133651973,25,0.125,False,5.251998339754235e-07
7cdd44e375a26ab1f2148497,generalized_translation,bounce,profile_map,24,True,True,-26.28501280344761,315,0.03692229338535057,False,2.7164781062125614e-05
7cdd44e375a26ab1f2148497,setup_translation,bounce,huber,3,True,True,1.477414627337111,21,0.125,False,1.2855479447441117e-09
7cdd44e375a26ab1f2148497,setup_translation,bounce,cauchy,4,True,True,1.4762219195113464,18,0.125,False,3.4773171181409223e-06
7cdd44e375a26ab1f2148497,setup_translation,bounce,profile_map,6,True,True,-20.812786013191573,78,0.07317194714411766,False,1.953418522732991e-05
7d0e03cd62f7ced3b702c379,generalized_translation,multiple_forces,huber,3,True,True,0.8444892742987333,30,0.125,False,0.000248313480272256
7d0e03cd62f7ced3b702c379,generalized_translation,multiple_forces,cauchy,6,True,True,0.8444616458952972,37,0.125,False,0.000253699148162353
7d0e03cd62f7ced3b702c379,generalized_translation,multiple_forces,profile_map,41,True,True,-28.535315435475752,355,0.025886997135196134,False,0.05153326580298434
7d5b9d477d9260c8f0cc930b,generalized_translation,unforced_slide,huber,3,True,True,0.75370252162966,20,0.125,False,8.13684943311697e-05
7d5b9d477d9260c8f0cc930b,generalized_translation,unforced_slide,cauchy,4,True,True,0.7536876491445244,26,0.125,False,8.127628943717322e-05
7d5b9d477d9260c8f0cc930b,generalized_translation,unforced_slide,profile_map,32,True,True,-29.645989264323234,264,0.022744463447855662,False,0.0003048392500107032
7dd5d3cc4d36f2ec9631b89d,generalized_translation,bounce,huber,3,True,True,0.2719303563609049,13,0.125,False,3.5838094931992995e-08
7dd5d3cc4d36f2ec9631b89d,generalized_translation,bounce,cauchy,4,True,True,0.27189006464473453,18,0.125,False,1.6745001567019557e-08
7dd5d3cc4d36f2ec9631b89d,generalized_translation,bounce,profile_map,30,True,True,-28.08134727246626,270,0.02972125869546259,False,1.7303323064934932e-05
7dd5d3cc4d36f2ec9631b89d,setup_translation,bounce,huber,3,True,True,1.0551634819901343,19,0.125,False,4.370011651807589e-10
7dd5d3cc4d36f2ec9631b89d,setup_translation,bounce,cauchy,5,True,True,1.0541178426988818,28,0.125,False,1.4046245337323062e-06
7dd5d3cc4d36f2ec9631b89d,setup_translation,bounce,profile_map,19,True,True,-22.09677127564763,117,0.06280092832545753,False,1.3489132905284779e-05
7ddbf6ca45522f3e9ad974af,generalized_translation,bounce,huber,3,True,True,0.30165467531961376,11,0.125,False,3.1351886078546554e-11
7ddbf6ca45522f3e9ad974af,generalized_translation,bounce,cauchy,4,True,True,0.30158996480544575,19,0.125,False,3.239629416361891e-07
7ddbf6ca45522f3e9ad974af,generalized_translation,bounce,profile_map,26,True,True,-27.100069478600176,210,0.03375033867676599,False,4.727673795588217e-06
7ddbf6ca45522f3e9ad974af,setup_translation,bounce,huber,3,True,True,0.40687932789076514,13,0.125,False,1.795345100421038e-11
7ddbf6ca45522f3e9ad974af,setup_translation,bounce,cauchy,4,True,True,0.40677728118517487,18,0.125,False,3.9022897664742594e-07
7ddbf6ca45522f3e9ad974af,setup_translation,bounce,profile_map,18,True,True,-25.86784722876897,123,0.0393704467181575,False,4.2735366276843525e-06
7e32f26895f142306b95abb6,generalized_translation,multiple_forces,huber,3,True,True,1.3079261709931125,40,0.125,False,8.279167213498417e-05
7e32f26895f142306b95abb6,generalized_translation,multiple_forces,cauchy,7,True,True,1.3078286298293913,65,0.125,False,2.7628948122745862e-05
7e32f26895f142306b95abb6,generalized_translation,multiple_forces,profile_map,39,True,True,-25.607133310143958,410,0.035798116789566244,False,0.10300170141283466
7ef7494e3f8909372927074b,generalized_translation,bounce,huber,3,True,True,1.3385932526249924,15,0.125,False,1.0090680717646039e-10
7ef7494e3f8909372927074b,generalized_translation,bounce,cauchy,4,True,True,1.3385171198616903,18,0.125,False,4.345291596523798e-07
7ef7494e3f8909372927074b,generalized_translation,bounce,profile_map,31,True,True,-26.745207457189387,375,0.030803655679447574,False,0.00012077716081027223
7ef7494e3f8909372927074b,setup_translation,bounce,huber,3,True,True,1.504035834580469,14,0.125,False,1.7815853845085176e-11
7ef7494e3f8909372927074b,setup_translation,bounce,cauchy,4,True,True,1.5039324575872985,17,0.125,False,5.975462669100323e-07
7ef7494e3f8909372927074b,setup_translation,bounce,profile_map,21,True,True,-24.68937236860584,147,0.03981744187819344,False,9.505683316092292e-05
7f3c58294ac720e1f1343b7d,generalized_translation,unforced_slide,huber,3,True,True,2.3328193344619255,28,0.125,False,0.003872435086651969
7f3c58294ac720e1f1343b7d,generalized_translation,unforced_slide,cauchy,7,True,True,2.332528435107994,30,0.125,False,0.003864284568049556
7f3c58294ac720e1f1343b7d,generalized_translation,unforced_slide,profile_map,22,True,True,-21.920863609640904,176,0.052661998791466984,False,0.013501826696237083
7f429b1e063a247a89292b78,generalized_translation,multiple_forces,huber,4,True,True,1.2331294402419022,24,0.125,False,3.4863310484607825e-06
7f429b1e063a247a89292b78,generalized_translation,multiple_forces,cauchy,4,True,True,1.2329983783174039,20,0.125,False,2.6920271430159405e-05
7f429b1e063a247a89292b78,generalized_translation,multiple_forces,profile_map,37,True,True,-25.21241994270627,340,0.03844895866588788,False,0.004129596221506865
7f5e011c47c5ae7e6c867e4a,generalized_translation,unforced_slide,huber,3,True,True,2.024861270934664,29,0.125,False,2.1629999624723386e-05
7f5e011c47c5ae7e6c867e4a,generalized_translation,unforced_slide,cauchy,5,True,True,2.0231130680459524,27,0.125,False,1.143228487781343e-05
7f5e011c47c5ae7e6c867e4a,generalized_translation,unforced_slide,profile_map,21,True,True,-19.87601329222223,180,0.07905303306797035,False,0.0001884599851775568
7f6dee350fa2b9e5a27fdeec,generalized_translation,unforced_slide,huber,3,True,True,0.8760601404445695,19,0.125,False,0.0004225494384283511
7f6dee350fa2b9e5a27fdeec,generalized_translation,unforced_slide,cauchy,4,True,True,0.8760359216600841,21,0.125,False,0.0004245344861666988
7f6dee350fa2b9e5a27fdeec,generalized_translation,unforced_slide,profile_map,24,True,True,-29.37516678368702,184,0.02317786565310279,False,0.005110887113994322
7f80d558f97e7b16c264450b,generalized_translation,bounce,huber,3,True,True,0.39106088127814365,14,0.125,False,4.991303195538477e-11
7f80d558f97e7b16c264450b,generalized_translation,bounce,cauchy,4,True,True,0.3909599155544512,14,0.125,False,6.009345724869585e-07
7f80d558f97e7b16c264450b,generalized_translation,bounce,profile_map,24,True,True,-26.147432239776922,305,0.03796089267959243,False,7.418191810523158e-06
7f80d558f97e7b16c264450b,setup_translation,bounce,huber,3,True,True,0.5433926874182975,16,0.125,False,6.414078012308373e-10
7f80d558f97e7b16c264450b,setup_translation,bounce,cauchy,4,True,True,0.5431622129633324,21,0.125,False,1.708960110689808e-06
7f80d558f97e7b16c264450b,setup_translation,bounce,profile_map,14,True,True,-24.764224143150276,105,0.04512641040984466,False,6.665357471143085e-06
7fc66f9d6cbc3e4d6b636168,generalized_translation,unforced_slide,huber,2,True,True,0.8587118898277519,20,0.125,False,1.891805829175592e-07
7fc66f9d6cbc3e4d6b636168,generalized_translation,unforced_slide,cauchy,5,True,True,0.8584418596129252,29,0.125,False,4.872031666128514e-06
7fc66f9d6cbc3e4d6b636168,generalized_translation,unforced_slide,profile_map,23,True,True,-23.716712688433702,172,0.05022423476786531,False,0.0014211327681430711
7fcbd6e019359a862df5f034,generalized_translation,multiple_forces,huber,3,True,True,1.3184107114539927,26,0.125,False,0.2042425605056761
7fcbd6e019359a862df5f034,generalized_translation,multiple_forces,cauchy,5,True,True,1.318320230270767,26,0.125,False,0.20422728019916556
7fcbd6e019359a862df5f034,generalized_translation,multiple_forces,profile_map,37,True,True,-25.68570696163009,390,0.03558084109434361,False,0.2161547993312357
7ff47a2a1ad92b0b7e9dce63,generalized_translation,unforced_slide,huber,2,True,True,0.8282997900995517,9,0.125,False,1.1752330287196704e-07
7ff47a2a1ad92b0b7e9dce63,generalized_translation,unforced_slide,cauchy,4,True,True,0.8281355651414701,25,0.125,False,2.642165369918137e-06
7ff47a2a1ad92b0b7e9dce63,generalized_translation,unforced_slide,profile_map,19,True,True,-23.70850016434451,164,0.05051555590156489,False,0.0010405806846846585
80a25d8f14ec38c82b2c18b8,generalized_translation,bounce,huber,3,True,True,0.48124590554982416,15,0.125,False,0.0006907444599076666
80a25d8f14ec38c82b2c18b8,generalized_translation,bounce,cauchy,4,True,True,0.48123151505980744,17,0.125,False,0.0006908085682015028
80a25d8f14ec38c82b2c18b8,generalized_translation,bounce,profile_map,29,True,True,-30.124364710155064,275,0.022147994779603285,False,0.0007704143641364561
80a25d8f14ec38c82b2c18b8,setup_translation,bounce,huber,3,True,True,0.8044135462339306,22,0.125,False,0.0015086525619322666
80a25d8f14ec38c82b2c18b8,setup_translation,bounce,cauchy,4,True,True,0.8042971079921217,29,0.125,False,0.0015094924903730138
80a25d8f14ec38c82b2c18b8,setup_translation,bounce,profile_map,21,True,True,-25.020062188664777,153,0.041927702235343145,False,0.001570392144057848
80fdca70f41ecfbcec90c022,generalized_translation,unforced_slide,huber,3,True,True,0.707824314378731,13,0.125,False,6.641234733694033e-07
80fdca70f41ecfbcec90c022,generalized_translation,unforced_slide,cauchy,5,True,True,0.7076967802596754,30,0.125,False,4.949330400430837e-06
80fdca70f41ecfbcec90c022,generalized_translation,unforced_slide,profile_map,29,True,True,-25.492574459404405,196,0.039776069114964376,False,0.0015595310815807381
81144f705901394944ea725b,generalized_translation,multiple_forces,huber,3,True,True,0.7849127884764799,16,0.125,False,2.9795219342804096e-06
81144f705901394944ea725b,generalized_translation,multiple_forces,cauchy,6,True,True,0.7847549664061542,36,0.125,False,3.756719867218365e-05
81144f705901394944ea725b,generalized_translation,multiple_forces,profile_map,33,True,True,-24.985077213822013,505,0.04220561741883684,False,0.021651795803701527
811a6e6b5eb2aa064580b536,generalized_translation,bounce,huber,3,True,True,0.5371001120259999,14,0.125,False,2.8616618334776255e-12
811a6e6b5eb2aa064580b536,generalized_translation,bounce,cauchy,4,True,True,0.5369448204792238,20,0.125,False,9.331569852197132e-07
811a6e6b5eb2aa064580b536,generalized_translation,bounce,profile_map,26,True,True,-25.103270098056267,230,0.0430330204913061,False,8.749048558813638e-06
811a6e6b5eb2aa064580b536,setup_translation,bounce,huber,3,True,True,0.9811309687163625,9,0.125,False,3.503084175464197e-11
811a6e6b5eb2aa064580b536,setup_translation,bounce,cauchy,4,True,True,0.9807910545153337,15,0.125,False,1.3210110548370092e-06
811a6e6b5eb2aa064580b536,setup_translation,bounce,profile_map,10,True,True,-22.458724791647896,132,0.059893236117617106,False,7.1315444861646785e-06
813a6689f0c7fe565d41473f,generalized_translation,unforced_slide,huber,2,True,True,0.6859190504319269,11,0.125,False,5.547196271587544e-09
813a6689f0c7fe565d41473f,generalized_translation,unforced_slide,cauchy,4,True,True,0.685725362098703,28,0.125,False,5.222235931155397e-06
813a6689f0c7fe565d41473f,generalized_translation,unforced_slide,profile_map,21,True,True,-24.20108426247279,156,0.04796626600831769,False,0.00026878327252685637
813e65fc9d41cb175618ef4d,generalized_translation,unforced_slide,huber,3,True,True,1.740056310004573,19,0.125,False,0.00013007875813489495
813e65fc9d41cb175618ef4d,generalized_translation,unforced_slide,cauchy,4,True,True,1.7400188597119453,25,0.125,False,0.00013041120051168935
813e65fc9d41cb175618ef4d,generalized_translation,unforced_slide,profile_map,27,True,True,-25.786849774732453,280,0.03318496724510667,False,0.00022085002080061628
8160d651754b6f3134b0dbd4,generalized_translation,multiple_forces,huber,5,True,True,2.0951866162489523,43,0.125,False,0.0003821450072312042
8160d651754b6f3134b0dbd4,generalized_translation,multiple_forces,cauchy,7,True,True,2.0947634360139773,43,0.125,False,0.00015280192488144442
8160d651754b6f3134b0dbd4,generalized_translation,multiple_forces,profile_map,48,True,True,-22.661636484012586,405,0.04803581690610677,False,0.18024144734380262
818a35fdcefecb521db0a265,generalized_translation,unforced_slide,huber,2,True,True,2.250637907747426,15,0.125,False,1.3594078073458773e-08
818a35fdcefecb521db0a265,generalized_translation,unforced_slide,cauchy,4,True,True,2.247911452287543,22,0.125,False,1.3740617033262208e-05
818a35fdcefecb521db0a265,generalized_translation,unforced_slide,profile_map,19,True,True,-18.99553375745309,152,0.09220949234430775,False,0.00033113177103352053
818b17b8f4fbebacaec5a080,generalized_translation,bounce,huber,3,True,True,0.6774639626654879,14,0.125,False,0.002312871549576269
818b17b8f4fbebacaec5a080,generalized_translation,bounce,cauchy,4,True,True,0.6773522017411713,19,0.125,False,0.0023136756253818265
818b17b8f4fbebacaec5a080,generalized_translation,bounce,profile_map,29,True,True,-25.623236773180192,300,0.03922869043992831,False,0.00222341490615254
818b17b8f4fbebacaec5a080,setup_translation,bounce,huber,3,True,True,1.7460895320193988,10,0.125,False,7.482865035611066e-05
818b17b8f4fbebacaec5a080,setup_translation,bounce,cauchy,6,True,True,1.7444655100939048,42,0.125,False,6.775787547762562e-05
818b17b8f4fbebacaec5a080,setup_translation,bounce,profile_map,16,True,True,-20.367426844389975,132,0.07571939725461799,False,3.9826997371508375e-05
8205cacb3f5c3db70f810e01,generalized_translation,multiple_forces,huber,3,True,True,0.88693752382121,23,0.125,False,7.8644525444648e-07
8205cacb3f5c3db70f810e01,generalized_translation,multiple_forces,cauchy,7,True,True,0.8867714125437474,56,0.125,False,6.247504472331984e-05
8205cacb3f5c3db70f810e01,generalized_translation,multiple_forces,profile_map,43,True,True,-25.931206945019177,370,0.03644795531333357,False,0.04792236434688215
8209997c8fa1bb4b01379bed,generalized_translation,multiple_forces,huber,3,True,True,1.2637630673879099,23,0.125,False,0.0011651317611777504
8209997c8fa1bb4b01379bed,generalized_translation,multiple_forces,cauchy,5,True,True,1.2636988781873784,28,0.125,False,0.0012096989904268494
8209997c8fa1bb4b01379bed,generalized_translation,multiple_forces,profile_map,45,True,True,-27.218257803299306,365,0.02916155309273338,False,0.04734102497296549
8228bb329be9bbf492ad55ad,generalized_translation,unforced_slide,huber,3,True,True,1.577077588123967,25,0.125,False,0.015818294952411178
8228bb329be9bbf492ad55ad,generalized_translation,unforced_slide,cauchy,4,True,True,1.5769596940221207,23,0.125,False,0.015819157796570737
8228bb329be9bbf492ad55ad,generalized_translation,unforced_slide,profile_map,27,True,True,-25.110648265710715,364,0.03718925562246758,False,0.01551547998955126
825e59da510beee81211cb9a,generalized_translation,multiple_forces,huber,4,True,True,1.9810152872990396,23,0.125,False,3.053739634822846e-05
825e59da510beee81211cb9a,generalized_translation,multiple_forces,cauchy,5,True,True,1.9807386621559,26,0.125,False,6.546584868378365e-05
825e59da510beee81211cb9a,generalized_translation,multiple_forces,profile_map,44,True,True,-23.709019555904064,385,0.04267471471348115,False,0.013388332655784924
82a57d0e540ca517bc99adbf,generalized_translation,bounce,huber,3,True,True,0.22815936982588625,17,0.125,False,5.199387201931347e-10
82a57d0e540ca517bc99adbf,generalized_translation,bounce,cauchy,4,True,True,0.2281370839990281,18,0.125,False,2.577847563287177e-07
82a57d0e540ca517bc99adbf,generalized_translation,bounce,profile_map,26,True,True,-30.15096126214039,370,0.02280563981164684,False,1.685103899266185e-05
82a57d0e540ca517bc99adbf,setup_translation,bounce,huber,3,True,True,0.6895265684822999,17,0.125,False,2.631405476176564e-11
82a57d0e540ca517bc99adbf,setup_translation,bounce,cauchy,4,True,True,0.6893127069363245,22,0.125,False,1.0643185964434305e-06
82a57d0e540ca517bc99adbf,setup_translation,bounce,profile_map,9,True,True,-24.167354017117084,138,0.048179031712827836,False,1.3612952615863282e-05
82c023a4a49888fc87e269fe,generalized_translation,bounce,huber,3,True,True,0.15404553721291342,19,0.125,False,4.5149973068635865e-11
82c023a4a49888fc87e269fe,generalized_translation,bounce,cauchy,4,True,True,0.15404039425656552,18,0.125,False,4.772563098756169e-09
82c023a4a49888fc87e269fe,generalized_translation,bounce,profile_map,25,True,True,-31.144550472102157,335,0.020258272584717633,False,1.4046472853462834e-05
82c023a4a49888fc87e269fe,setup_translation,bounce,huber,3,True,True,0.7484194339355137,17,0.125,False,2.3288659454102794e-11
82c023a4a49888fc87e269fe,setup_translation,bounce,cauchy,4,True,True,0.7480303241344772,30,0.125,False,1.2996866592705222e-06
82c023a4a49888fc87e269fe,setup_translation,bounce,profile_map,13,True,True,-23.562877209758717,108,0.05226045609764002,False,1.106163007227336e-05
82c0f4d1e624927baae7c350,generalized_translation,bounce,huber,2,True,True,0.3463352801802479,15,0.125,False,2.8380920048278152e-11
82c0f4d1e624927baae7c350,generalized_translation,bounce,cauchy,4,True,True,0.34628634616351855,18,0.125,False,7.12180099912278e-08
82c0f4d1e624927baae7c350,generalized_translation,bounce,profile_map,23,True,True,-26.467087963717976,270,0.03655579788701144,False,2.713668652253402e-06
82c0f4d1e624927baae7c350,setup_translation,bounce,huber,2,True,True,0.9096466835878093,10,0.125,False,5.6448285361284944e-11
82c0f4d1e624927baae7c350,setup_translation,bounce,cauchy,4,True,True,0.9092896808056721,27,0.125,False,1.0181689785878675e-06
82c0f4d1e624927baae7c350,setup_translation,bounce,profile_map,8,True,True,-22.57356308951324,51,0.05947429361285138,False,2.128880262031513e-06
832200eb4f9f3550e45beb15,generalized_translation,multiple_forces,huber,4,True,True,3.1819264597306125,30,0.125,False,0.00018147317208363776
832200eb4f9f3550e45beb15,generalized_translation,multiple_forces,cauchy,5,True,True,3.181730273215893,18,0.125,False,0.00019155869481032818
832200eb4f9f3550e45beb15,generalized_translation,multiple_forces,profile_map,37,True,True,-22.362294793346845,325,0.04356243792893115,False,0.010012491473914293
8361b4117cddab16b41575f0,generalized_translation,bounce,huber,3,True,True,0.36983038426354564,22,0.125,False,0.0008926757792265266
8361b4117cddab16b41575f0,generalized_translation,bounce,cauchy,4,True,True,0.36980600776951433,28,0.125,False,0.0008926706902104456
8361b4117cddab16b41575f0,generalized_translation,bounce,profile_map,25,True,True,-27.58068279024932,255,0.03135589335803369,False,0.0009293343896964873
8361b4117cddab16b41575f0,setup_translation,bounce,huber,4,True,True,0.7205296354674529,22,0.125,False,0.0005616342988686623
8361b4117cddab16b41575f0,setup_translation,bounce,cauchy,4,True,True,0.7202806263255517,15,0.125,False,0.0005637120948779891
8361b4117cddab16b41575f0,setup_translation,bounce,profile_map,12,True,True,-24.093048920860113,117,0.04848660677473793,False,0.0005918892845323565
839752cb072b83f0f3f9c6f1,generalized_translation,unforced_slide,huber,3,True,True,0.4051418136410885,16,0.125,False,1.0395157073961453e-10
839752cb072b83f0f3f9c6f1,generalized_translation,unforced_slide,cauchy,4,True,True,0.4050039493151217,23,0.125,False,4.510362596046503e-07
839752cb072b83f0f3f9c6f1,generalized_translation,unforced_slide,profile_map,14,True,True,-25.945530737294643,160,0.038958139754632554,False,0.00010282761818465745
839d25ab16e8abb0b1c8a5bc,generalized_translation,unforced_slide,huber,3,True,True,0.35268022680368705,17,0.125,False,3.3642234285758274e-09
839d25ab16e8abb0b1c8a5bc,generalized_translation,unforced_slide,cauchy,4,True,True,0.35262984293395466,26,0.125,False,2.4324196934991973e-07
839d25ab16e8abb0b1c8a5bc,generalized_translation,unforced_slide,profile_map,18,True,True,-27.46150093902267,164,0.03193163034153132,False,0.0005466047974046976
83ba76283444714c44e0b4c5,generalized_translation,multiple_forces,huber,3,True,True,1.3365579652021369,24,0.125,False,0.0005451613516894912
83ba76283444714c44e0b4c5,generalized_translation,multiple_forces,cauchy,4,True,True,1.33630919524051,29,0.125,False,0.0005538451158474528
83ba76283444714c44e0b4c5,generalized_translation,multiple_forces,profile_map,36,True,True,-23.50099682953688,335,0.04795380620788024,False,0.09343872326578939
841692c103bc18eb3ea9d6a7,generalized_translation,bounce,huber,3,True,True,0.30315105645225354,15,0.125,False,3.5134782022839546e-12
841692c103bc18eb3ea9d6a7,generalized_translation,bounce,cauchy,4,True,True,0.30308634587339367,21,0.125,False,3.017868467363352e-07
841692c103bc18eb3ea9d6a7,generalized_translation,bounce,profile_map,26,True,True,-27.098573098416413,245,0.03375033867707406,False,4.397300530560353e-06
841692c103bc18eb3ea9d6a7,setup_translation,bounce,huber,3,True,True,0.4083756759794512,11,0.125,False,8.163004684712628e-12
841692c103bc18eb3ea9d6a7,setup_translation,bounce,cauchy,4,True,True,0.40827362918784105,28,0.125,False,3.635284889217911e-07
841692c103bc18eb3ea9d6a7,setup_translation,bounce,profile_map,10,True,True,-25.866350881765644,108,0.0393704467012805,False,3.99611718925215e-06
845ef6dc7b02e3a22f6dde78,generalized_translation,bounce,huber,3,True,True,0.49878083076075763,13,0.125,False,8.819006959497974e-13
845ef6dc7b02e3a22f6dde78,generalized_translation,bounce,cauchy,4,True,True,0.49863452292866994,24,0.125,False,8.321803427461418e-07
845ef6dc7b02e3a22f6dde78,generalized_translation,bounce,profile_map,24,True,True,-25.158276850468162,275,0.04293134406141365,False,6.951089570183718e-06
845ef6dc7b02e3a22f6dde78,setup_translation,bounce,huber,3,True,True,0.6935541761292212,13,0.125,False,5.31333209200386e-11
845ef6dc7b02e3a22f6dde78,setup_translation,bounce,cauchy,4,True,True,0.6932452929792237,19,0.125,False,1.7808706230205188e-06
845ef6dc7b02e3a22f6dde78,setup_translation,bounce,profile_map,10,True,True,-23.77625238317062,144,0.05102667131445005,False,6.147110321224303e-06
8493fd49a3ed0e6a47d27aa2,generalized_translation,unforced_slide,huber,3,True,True,1.5515689694430614,17,0.125,False,0.00010796922832431742
8493fd49a3ed0e6a47d27aa2,generalized_translation,unforced_slide,cauchy,5,True,True,1.5509334013631109,31,0.125,False,0.00010994390479602088
8493fd49a3ed0e6a47d27aa2,generalized_translation,unforced_slide,profile_map,28,True,True,-21.96074968287645,232,0.05919440326734041,False,0.00017554166693560356
84d59450dd02665b4838e0da,generalized_translation,bounce,huber,3,True,True,0.17205734128224598,12,0.125,False,0.0002738297365251781
84d59450dd02665b4838e0da,generalized_translation,bounce,cauchy,4,True,True,0.17205042176182034,18,0.125,False,0.0002738247634450359
84d59450dd02665b4838e0da,generalized_translation,bounce,profile_map,15,True,True,-0.7525006129029619,170,0.9084247996825702,False,0.20898584444568222
84d59450dd02665b4838e0da,setup_translation,bounce,huber,3,True,True,0.17983103276792364,13,0.125,False,0.00023176026844312137
84d59450dd02665b4838e0da,setup_translation,bounce,cauchy,4,True,True,0.1798203226361927,24,0.125,False,0.0002316840225828735
84d59450dd02665b4838e0da,setup_translation,bounce,profile_map,13,True,True,-31.116651878999193,132,0.020263761895791325,False,0.0002064790418997922
84e0cdd044dfa3d8d1143bfc,generalized_translation,multiple_forces,huber,3,True,True,1.810384797234342,16,0.125,False,5.065096173022713e-05
84e0cdd044dfa3d8d1143bfc,generalized_translation,multiple_forces,cauchy,5,True,True,1.8103725650393991,29,0.125,False,5.2640846052306173e-05
84e0cdd044dfa3d8d1143bfc,generalized_translation,multiple_forces,profile_map,35,True,True,-27.965233901672093,380,0.024634985411176966,False,0.010937582981190706
85201c8d65fc4b9aeba7e7ff,generalized_translation,unforced_slide,huber,3,True,True,1.6041679420139259,20,0.125,False,0.018970746995496935
85201c8d65fc4b9aeba7e7ff,generalized_translation,unforced_slide,cauchy,4,True,True,1.6041518246218398,21,0.125,False,0.018970651948183235
85201c8d65fc4b9aeba7e7ff,generalized_translation,unforced_slide,profile_map,27,True,True,-29.656314258280844,232,0.02035670482350562,False,0.018540063842761814
853a1753efb4da2003ccb673,generalized_translation,bounce,huber,3,True,True,1.6706936028302193,20,0.125,False,3.675797335389069e-11
853a1753efb4da2003ccb673,generalized_translation,bounce,cauchy,4,True,True,1.6705333919705383,22,0.125,False,8.914104830325627e-07
853a1753efb4da2003ccb673,generalized_translation,bounce,profile_map,25,True,True,-23.764032564078285,255,0.04431104486052005,False,0.0001380744992339831
853a1753efb4da2003ccb673,setup_translation,bounce,huber,3,True,True,2.706046735005886,17,0.125,False,1.9123910789792354e-10
853a1753efb4da2003ccb673,setup_translation,bounce,cauchy,4,True,True,2.7042820084741157,14,0.125,False,1.0317107360989915e-05
853a1753efb4da2003ccb673,setup_translation,bounce,profile_map,9,True,True,-19.29687325906192,108,0.07741294343794716,False,8.007652810175139e-05
854b19143234331679c628f6,generalized_translation,unforced_slide,huber,2,True,True,0.3438784192397268,15,0.125,False,3.567529219159468e-10
854b19143234331679c628f6,generalized_translation,unforced_slide,cauchy,4,True,True,0.3438256259873692,16,0.125,False,1.5252032287648755e-06
854b19143234331679c628f6,generalized_translation,unforced_slide,profile_map,22,True,True,-26.948258317135235,180,0.03425313366258993,False,0.00029371492217309205
857107269de47f8eebdfdb14,generalized_translation,unforced_slide,huber,2,True,True,0.76245839436744,8,0.125,False,4.743888568869993e-09
857107269de47f8eebdfdb14,generalized_translation,unforced_slide,cauchy,4,True,True,0.7619727384863185,20,0.125,False,3.817420325600343e-06
857107269de47f8eebdfdb14,generalized_translation,unforced_slide,profile_map,16,True,True,-23.265613992659215,100,0.054573658603078404,False,6.8979211485442505e-06
85a2fc88f22cbd4c2389c557,generalized_translation,multiple_forces,huber,3,True,True,2.2845698570166393,37,0.125,False,0.0008498392339390107
85a2fc88f22cbd4c2389c557,generalized_translation,multiple_forces,cauchy,5,True,True,2.284524003073899,39,0.125,False,0.0008421403268638776
85a2fc88f22cbd4c2389c557,generalized_translation,multiple_forces,profile_map,40,True,True,-26.15620379348717,420,0.02937779661293202,False,0.0014560167847128185
85a561b0492d8a784b491e90,generalized_translation,bounce,huber,3,True,True,54.869507285627336,18,0.125,False,0.18996320831317706
85a561b0492d8a784b491e90,generalized_translation,bounce,cauchy,10,True,True,51.60207905344994,38,0.125,False,0.1925467100720766
85a561b0492d8a784b491e90,generalized_translation,bounce,profile_map,28,True,True,-26.03904159682134,400,0.03482235906786869,False,0.002211213643644496
85a561b0492d8a784b491e90,setup_translation,bounce,huber,3,True,True,1.14705284158257,12,0.125,False,0.002301089302791798
85a561b0492d8a784b491e90,setup_translation,bounce,cauchy,4,True,True,1.1469548693285863,25,0.125,False,0.0022986167269600827
85a561b0492d8a784b491e90,setup_translation,bounce,profile_map,11,True,True,-25.855342752859016,93,0.035624650073685704,False,0.0018976364503470345
85fc289c41ee038174eb815a,generalized_translation,bounce,huber,3,True,True,91.38081330398099,25,0.125,False,0.21065188696174664
85fc289c41ee038174eb815a,generalized_translation,bounce,cauchy,12,True,True,83.24408562968637,56,0.125,False,0.2151583480800092
85fc289c41ee038174eb815a,generalized_translation,bounce,profile_map,33,True,True,-30.208999900074936,330,0.020363906007844466,False,0.001109168825264451
85fc289c41ee038174eb815a,setup_translation,bounce,huber,3,True,True,1.3673556827050788,11,0.125,False,0.0008239866093170682
85fc289c41ee038174eb815a,setup_translation,bounce,cauchy,6,True,True,1.3671988094603116,45,0.125,False,0.0008247064072592604
85fc289c41ee038174eb815a,setup_translation,bounce,profile_map,16,True,True,-24.633352364663622,168,0.04090197898741937,False,0.0011302966163272408
862eeabcc2ca7e9b88e7c020,generalized_translation,bounce,huber,2,True,True,0.08611491095264023,11,0.125,False,1.0640574210386056e-11
862eeabcc2ca7e9b88e7c020,generalized_translation,bounce,cauchy,3,True,True,0.0861074105487492,12,0.125,False,1.2342789909957014e-07
862eeabcc2ca7e9b88e7c020,generalized_translation,bounce,profile_map,22,True,True,-32.11739481435649,245,0.01804256414487042,False,3.097604848281668e-06
862eeabcc2ca7e9b88e7c020,setup_translation,bounce,huber,2,True,True,0.43555919256986886,5,0.125,False,5.874501122156851e-10
862eeabcc2ca7e9b88e7c020,setup_translation,bounce,cauchy,4,True,True,0.43543638984697974,17,0.125,False,1.2254055424278898e-07
862eeabcc2ca7e9b88e7c020,setup_translation,bounce,profile_map,12,True,True,-25.527435778256233,102,0.04111970567231491,False,2.5954232101990556e-06
871a2769dd3e9c9b41d355a3,generalized_translation,unforced_slide,huber,3,True,True,1.9559622020453657,27,0.125,False,9.81441315248389e-05
871a2769dd3e9c9b41d355a3,generalized_translation,unforced_slide,cauchy,4,True,True,1.9559126564290035,23,0.125,False,9.692791900691846e-05
871a2769dd3e9c9b41d355a3,generalized_translation,unforced_slide,profile_map,24,True,True,-25.895686508574805,248,0.03177092364020846,False,0.000545726284776769
874e34a973b8ffd911e8e079,generalized_translation,bounce,huber,3,True,True,3.592104058119568,23,0.125,False,1.1236037924619254e-07
874e34a973b8ffd911e8e079,generalized_translation,bounce,cauchy,5,True,True,3.590960064126223,21,0.125,False,1.4536307555507733e-05
874e34a973b8ffd911e8e079,generalized_translation,bounce,profile_map,27,True,True,-19.7948094058397,320,0.06040686824471197,False,0.0005063664299374589
874e34a973b8ffd911e8e079,setup_translation,bounce,huber,3,True,True,3.7506450245343492,16,0.125,False,4.0692463152119825e-10
874e34a973b8ffd911e8e079,setup_translation,bounce,cauchy,5,True,True,3.7495001345058707,24,0.125,False,1.6926490834421793e-05
874e34a973b8ffd911e8e079,setup_translation,bounce,profile_map,14,True,True,-19.155508503521382,129,0.06547166500046901,False,0.00036240115436041436
8788ae38c3d32bdf7d21a81a,generalized_translation,unforced_slide,huber,3,True,True,2.0272863200097864,21,0.125,False,1.5194615603388424e-05
8788ae38c3d32bdf7d21a81a,generalized_translation,unforced_slide,cauchy,4,True,True,2.026927077726387,32,0.125,False,9.781853665457374e-06
8788ae38c3d32bdf7d21a81a,generalized_translation,unforced_slide,profile_map,25,True,True,-22.686081311085083,352,0.04920659275018865,False,0.0004438546567541499
87d77b3813f9a38634eec49b,generalized_translation,unforced_slide,huber,3,True,True,0.5787411720440645,20,0.125,False,1.8911608258092743e-07
87d77b3813f9a38634eec49b,generalized_translation,unforced_slide,cauchy,4,True,True,0.5786257387017573,26,0.125,False,2.5408197973589315e-06
87d77b3813f9a38634eec49b,generalized_translation,unforced_slide,profile_map,20,True,True,-25.76416390894079,140,0.03899758698531946,False,0.0016766464444541085
87d97c0df4d12a7cfb0353e8,generalized_translation,unforced_slide,huber,3,True,True,2.053547231986798,19,0.125,False,5.926135930334071e-05
87d97c0df4d12a7cfb0353e8,generalized_translation,unforced_slide,cauchy,4,True,True,2.053167939440268,18,0.125,False,6.0231152691989206e-05
87d97c0df4d12a7cfb0353e8,generalized_translation,unforced_slide,profile_map,26,True,True,-22.439369757519135,240,0.050848568454298367,False,0.0002530199729729426
882f0224d4c2ef49a7db44b5,generalized_translation,bounce,huber,3,True,True,0.687410308688637,20,0.125,False,0.0005125074066343679
882f0224d4c2ef49a7db44b5,generalized_translation,bounce,cauchy,4,True,True,0.6873051145548252,20,0.125,False,0.000511906421857928
882f0224d4c2ef49a7db44b5,generalized_translation,bounce,profile_map,27,True,True,-25.940656570293918,255,0.03749589142260783,False,0.0006362615263016272
882f0224d4c2ef49a7db44b5,setup_translation,bounce,huber,3,True,True,1.2498657338736412,23,0.125,False,0.0017440499337756672
882f0224d4c2ef49a7db44b5,setup_translation,bounce,cauchy,4,True,True,1.2493327217177004,20,0.125,False,0.0017477080548344533
882f0224d4c2ef49a7db44b5,setup_translation,bounce,profile_map,13,True,True,-22.200831094528137,141,0.059787870991769076,False,0.001687558163725849
8850f00a4274619471731bda,generalized_translation,unforced_slide,huber,3,True,True,0.8333800798500021,20,0.125,False,6.535612640689805e-05
8850f00a4274619471731bda,generalized_translation,unforced_slide,cauchy,4,True,True,0.8333473941020353,21,0.125,False,6.550048552035625e-05
8850f00a4274619471731bda,generalized_translation,unforced_slide,profile_map,27,True,True,-27.587530250200768,220,0.02945545122480218,False,0.0003401238291036742
88df99263d788daddd57a212,generalized_translation,multiple_forces,huber,3,True,True,1.5085244526539898,35,0.125,False,2.8745035796216587e-05
88df99263d788daddd57a212,generalized_translation,multiple_forces,cauchy,6,True,True,1.5083759937256505,38,0.125,False,6.586112779325287e-05
88df99263d788daddd57a212,generalized_translation,multiple_forces,profile_map,35,True,True,-24.458055032386934,360,0.04104355161500561,False,0.026987692607905515
890076eb7b9ae39c00cc274a,generalized_translation,unforced_slide,huber,3,True,True,0.8468130053633397,20,0.125,False,9.32887302817961e-05
890076eb7b9ae39c00cc274a,generalized_translation,unforced_slide,cauchy,4,True,True,0.8467880094020399,33,0.125,False,9.430981475135665e-05
890076eb7b9ae39c00cc274a,generalized_translation,unforced_slide,profile_map,27,True,True,-28.308611391682913,212,0.02674045726638097,False,0.00036141988780947544
8900afefdbd921a10166c0d5,generalized_translation,unforced_slide,huber,3,True,True,1.5515689694430614,17,0.125,False,0.00010796922832431742
8900afefdbd921a10166c0d5,generalized_translation,unforced_slide,cauchy,5,True,True,1.5509334013631109,31,0.125,False,0.00010994390479602088
8900afefdbd921a10166c0d5,generalized_translation,unforced_slide,profile_map,28,True,True,-21.96074968287645,232,0.05919440326734041,False,0.00017554166693560356
890941abdff01652a0a5a88d,generalized_translation,unforced_slide,huber,3,True,True,1.382554380970317,17,0.125,False,0.0012034445557993429
890941abdff01652a0a5a88d,generalized_translation,unforced_slide,cauchy,4,True,True,1.3825101997473044,20,0.125,False,0.0012002125845549695
890941abdff01652a0a5a88d,generalized_translation,unforced_slide,profile_map,22,True,True,-26.758507635359162,192,0.030553111957820255,False,0.007121563942253394
8999082bab2902ec2176bd55,generalized_translation,bounce,huber,3,True,True,0.9958460227640835,17,0.125,False,6.575005031791429e-11
8999082bab2902ec2176bd55,generalized_translation,bounce,cauchy,4,True,True,0.9958333400415585,21,0.125,False,1.4666646753828809e-07
8999082bab2902ec2176bd55,generalized_translation,bounce,profile_map,31,True,True,-30.2987623501319,415,0.020268425968944827,False,0.00013318289754981927
8999082bab2902ec2176bd55,setup_translation,bounce,huber,3,True,True,1.2344820788190252,16,0.125,False,4.808402913571158e-11
8999082bab2902ec2176bd55,setup_translation,bounce,cauchy,4,True,True,1.2343570892635998,22,0.125,False,8.189415233533771e-07
8999082bab2902ec2176bd55,setup_translation,bounce,profile_map,11,True,True,-25.578847484110415,132,0.036555952519479386,False,0.00010280627724103891
89d0fc54d266b6456a655e64,generalized_translation,unforced_slide,huber,3,True,True,0.6582231908519821,16,0.125,False,4.606519955918148e-05
89d0fc54d266b6456a655e64,generalized_translation,unforced_slide,cauchy,4,True,True,0.6582048930005653,19,0.125,False,4.7062771455952584e-05
89d0fc54d266b6456a655e64,generalized_translation,unforced_slide,profile_map,26,True,True,-29.52871361889231,268,0.023379428825378697,False,0.0003250786210864652
89d24a6f417637bf6350e997,generalized_translation,multiple_forces,huber,6,True,True,1.1652389740575675,43,0.125,False,6.677795736939447e-05
89d24a6f417637bf6350e997,generalized_translation,multiple_forces,cauchy,4,True,True,1.1652330237634954,28,0.125,False,5.755010574862456e-05
89d24a6f417637bf6350e997,generalized_translation,multiple_forces,profile_map,42,True,True,-31.831703936711257,435,0.01624520231830224,False,0.07271247734135058
89d766f382112dc914fae110,generalized_translation,unforced_slide,huber,3,True,True,2.063405395460018,17,0.125,False,0.06631958929150364
89d766f382112dc914fae110,generalized_translation,unforced_slide,cauchy,4,True,True,2.063379603511255,32,0.125,False,0.06631796005961169
89d766f382112dc914fae110,generalized_translation,unforced_slide,profile_map,28,True,True,-27.620682758783605,236,0.02492146439731727,False,0.07811323236300892
8a0b6c0eebd1d56c3e0198a3,generalized_translation,unforced_slide,huber,2,True,True,0.7966720797136734,17,0.125,False,1.5935754399702487e-09
8a0b6c0eebd1d56c3e0198a3,generalized_translation,unforced_slide,cauchy,4,True,True,0.7963662500295664,21,0.125,False,4.488476028402155e-06
8a0b6c0eebd1d56c3e0198a3,generalized_translation,unforced_slide,profile_map,19,True,True,-23.095567505579815,204,0.055736488389841875,False,3.996988816051297e-05
8a122093ae61b0c98aae045d,generalized_translation,unforced_slide,huber,2,True,True,0.40696361639725726,22,0.125,False,2.0820642315422467e-07
8a122093ae61b0c98aae045d,generalized_translation,unforced_slide,cauchy,4,True,True,0.40691489492800514,24,0.125,False,3.56153879931523e-06
8a122093ae61b0c98aae045d,generalized_translation,unforced_slide,profile_map,23,True,True,-28.5246698776116,184,0.027536718840637367,False,0.0011689569053271681
8aa075a6b174fdfb161a2461,generalized_translation,multiple_forces,huber,5,True,True,1.1867206063120865,34,0.125,False,0.0023790835458923736
8aa075a6b174fdfb161a2461,generalized_translation,multiple_forces,cauchy,4,True,True,1.1866999317972302,30,0.125,False,0.0024087334488411384
8aa075a6b174fdfb161a2461,generalized_translation,multiple_forces,profile_map,38,True,True,-31.31310993826522,380,0.017076809360033748,False,0.1678472366293928
8ada8ef1559bbc5eb025b392,generalized_translation,multiple_forces,huber,3,True,True,0.8885003671270225,32,0.125,False,2.8407761225866364e-06
8ada8ef1559bbc5eb025b392,generalized_translation,multiple_forces,cauchy,4,True,True,0.8883621242057247,32,0.125,False,1.5968748422506844e-05
8ada8ef1559bbc5eb025b392,generalized_translation,multiple_forces,profile_map,34,True,True,-24.969108264248575,345,0.041714016589891996,False,0.009738813151767662
8aef75f486607e8802303333,generalized_translation,multiple_forces,huber,4,True,True,1.1047451110472826,41,0.125,False,0.00032887010281685436
8aef75f486607e8802303333,generalized_translation,multiple_forces,cauchy,4,True,True,1.104677051507752,35,0.125,False,0.00029056628537885013
8aef75f486607e8802303333,generalized_translation,multiple_forces,profile_map,41,True,True,-26.910855809402143,320,0.030671809652837907,False,0.1589318236741649
8b05dffaac538d62bb60a9d8,generalized_translation,unforced_slide,huber,3,True,True,2.876629861405573,26,0.125,False,0.00016150300103828826
8b05dffaac538d62bb60a9d8,generalized_translation,unforced_slide,cauchy,5,True,True,2.8758740613824996,32,0.125,False,0.00015333859519043496
8b05dffaac538d62bb60a9d8,generalized_translation,unforced_slide,profile_map,31,True,True,-20.05772568751417,248,0.06515499332810958,False,0.00027307202346378394
8b88fe7dbda5ceb29c15deaf,generalized_translation,bounce,huber,3,True,True,1.054266054124195,21,0.125,False,6.379093576142148e-10
8b88fe7dbda5ceb29c15deaf,generalized_translation,bounce,cauchy,4,True,True,1.054165196464771,23,0.125,False,8.574633007414844e-07
8b88fe7dbda5ceb29c15deaf,generalized_translation,bounce,profile_map,27,True,True,-25.91650278497637,350,0.03577928766349305,False,7.284835477499363e-05
8b88fe7dbda5ceb29c15deaf,setup_translation,bounce,huber,3,True,True,1.5846479067640944,11,0.125,False,3.540151626812363e-11
8b88fe7dbda5ceb29c15deaf,setup_translation,bounce,cauchy,4,True,True,1.584150201255404,18,0.125,False,1.3627508400610248e-06
8b88fe7dbda5ceb29c15deaf,setup_translation,bounce,profile_map,12,True,True,-22.078315892745596,114,0.05778527639071995,False,5.4113559865450294e-05
8bc29a43379e560e5e2a4fd6,generalized_translation,bounce,huber,3,True,True,0.48820762466744716,19,0.125,False,0.0005792023192000415
8bc29a43379e560e5e2a4fd6,generalized_translation,bounce,cauchy,4,True,True,0.488165856838863,20,0.125,False,0.0005795360773541482
8bc29a43379e560e5e2a4fd6,generalized_translation,bounce,profile_map,30,True,True,-27.745416991312087,265,0.030196500041618963,False,0.00046742006069760115
8bc29a43379e560e5e2a4fd6,setup_translation,bounce,huber,3,True,True,2.2646958126354306,24,0.125,False,0.004027659644476758
8bc29a43379e560e5e2a4fd6,setup_translation,bounce,cauchy,5,True,True,2.262806608567463,35,0.125,False,0.004025728779042685
8bc29a43379e560e5e2a4fd6,setup_translation,bounce,profile_map,18,True,True,-19.143991773287496,162,0.08837570196450954,False,0.0039953667478228
8bdd1058787a47f3977e802d,generalized_translation,unforced_slide,huber,3,True,True,2.1212069814798107,19,0.125,False,4.8797150109996726e-05
8bdd1058787a47f3977e802d,generalized_translation,unforced_slide,cauchy,4,True,True,2.1205913624581085,21,0.125,False,5.404368796757233e-05
8bdd1058787a47f3977e802d,generalized_translation,unforced_slide,profile_map,23,True,True,-22.374762335784744,220,0.05082474114085978,False,0.0003642063576430054
8be770f95a44bd475d0cf3e4,generalized_translation,bounce,huber,3,True,True,0.5898575823442507,20,0.125,False,0.00048476659645949884
8be770f95a44bd475d0cf3e4,generalized_translation,bounce,cauchy,4,True,True,0.5897524643997304,21,0.125,False,0.0004841636970080644
8be770f95a44bd475d0cf3e4,generalized_translation,bounce,profile_map,24,True,True,-26.038223777692703,330,0.03749588483554626,False,0.0005897135286939154
8be770f95a44bd475d0cf3e4,setup_translation,bounce,huber,3,True,True,1.1511743998538095,16,0.125,False,0.001757201562239123
8be770f95a44bd475d0cf3e4,setup_translation,bounce,cauchy,4,True,True,1.15064185021681,25,0.125,False,0.0017608616799747805
8be770f95a44bd475d0cf3e4,setup_translation,bounce,profile_map,17,True,True,-22.299529043734278,132,0.05978785596919447,False,0.001709114226387502
8c312e21bd1a655866074081,generalized_translation,bounce,huber,2,True,True,0.4719957745579943,8,0.125,False,4.089155598029025e-11
8c312e21bd1a655866074081,generalized_translation,bounce,cauchy,3,True,True,0.4718310193207296,18,0.125,False,9.388002355597451e-07
8c312e21bd1a655866074081,generalized_translation,bounce,profile_map,18,True,True,-25.19327184554445,150,0.04288143496988319,False,1.6093756876098292e-06
8c312e21bd1a655866074081,setup_translation,bounce,huber,2,True,True,1.0196132432788203,10,0.125,False,3.3005611630805512e-12
8c312e21bd1a655866074081,setup_translation,bounce,cauchy,4,True,True,1.019020042775948,19,0.125,False,1.014703132120558e-06
8c312e21bd1a655866074081,setup_translation,bounce,profile_map,14,True,True,-22.106728605067488,123,0.06307065329233995,False,1.2765011256108983e-06
8c5ed3b79b094690407f9a23,generalized_translation,multiple_forces,huber,3,True,True,1.7816411279799103,33,0.125,False,0.0021768069002867513
8c5ed3b79b094690407f9a23,generalized_translation,multiple_forces,cauchy,5,True,True,1.781375548871818,38,0.125,False,0.0022964558486018114
8c5ed3b79b094690407f9a23,generalized_translation,multiple_forces,profile_map,42,True,True,-22.795168107921562,335,0.04941959855164428,False,0.16014013320909104
8c81d6d25f2429d0f553b40c,generalized_translation,bounce,huber,3,True,True,1.3525833454371816,25,0.125,False,4.979283594121171e-10
8c81d6d25f2429d0f553b40c,generalized_translation,bounce,cauchy,4,True,True,1.3524861335634142,27,0.125,False,7.628436862200225e-08
8c81d6d25f2429d0f553b40c,generalized_translation,bounce,profile_map,31,True,True,-24.501803763085736,380,0.04175134738878268,False,9.044146430713511e-05
8c81d6d25f2429d0f553b40c,setup_translation,bounce,huber,3,True,True,1.5182636611947071,17,0.125,False,1.393519767567579e-10
8c81d6d25f2429d0f553b40c,setup_translation,bounce,cauchy,4,True,True,1.5180397595831225,21,0.125,False,1.0981476604257402e-06
8c81d6d25f2429d0f553b40c,setup_translation,bounce,profile_map,10,True,True,-23.225920173168195,120,0.04898488705314674,False,7.150248832034315e-05
8cd2b42abaa57c89840ff826,generalized_translation,unforced_slide,huber,2,True,True,1.087905462393052,15,0.125,False,2.248824690042141e-09
8cd2b42abaa57c89840ff826,generalized_translation,unforced_slide,cauchy,4,True,True,1.0872217595025717,17,0.125,False,1.3027024026060922e-06
8cd2b42abaa57c89840ff826,generalized_translation,unforced_slide,profile_map,18,True,True,-21.847712259686773,152,0.06514422219446157,False,3.1079461129462595e-05
8ce2a4d0d0276ede64bec945,generalized_translation,bounce,huber,3,True,True,0.48033278095662296,13,0.125,False,4.180924889552113e-10
8ce2a4d0d0276ede64bec945,generalized_translation,bounce,cauchy,4,True,True,0.480299537368034,16,0.125,False,1.3237602989153219e-07
8ce2a4d0d0276ede64bec945,generalized_translation,bounce,profile_map,27,True,True,-28.339203053033312,280,0.027946858984930666,False,3.026478806519407e-05
8ce2a4d0d0276ede64bec945,setup_translation,bounce,huber,3,True,True,0.5344275165728409,16,0.125,False,1.243146880603665e-11
8ce2a4d0d0276ede64bec945,setup_translation,bounce,cauchy,4,True,True,0.534363908849023,21,0.125,False,3.2916515550601655e-08
8ce2a4d0d0276ede64bec945,setup_translation,bounce,profile_map,15,True,True,-27.37391943754124,162,0.031532821282221596,False,2.6524520379581587e-05
8ceeb1935ed325e71f2e97c3,generalized_translation,bounce,huber,2,True,True,0.5932946701562525,17,0.125,False,1.583621228443062e-10
8ceeb1935ed325e71f2e97c3,generalized_translation,bounce,cauchy,4,True,True,0.5930005642165078,18,0.125,False,1.801107827369872e-06
8ceeb1935ed325e71f2e97c3,generalized_translation,bounce,profile_map,21,True,True,-24.280875998913736,200,0.048056962780259865,False,2.0573790831236516e-06
8ceeb1935ed325e71f2e97c3,setup_translation,bounce,huber,2,True,True,1.96173470939286,5,0.125,False,2.3943773564700663e-11
8ceeb1935ed325e71f2e97c3,setup_translation,bounce,cauchy,4,True,True,1.9582424969605867,20,0.125,False,1.0653980858772602e-05
8ceeb1935ed325e71f2e97c3,setup_translation,bounce,profile_map,7,True,True,-19.48759636717784,81,0.08749143972840036,False,1.1548901892678052e-06
8d8e1c8fe9a6e0399d47e8a3,generalized_translation,bounce,huber,3,True,True,1.017547769317353,12,0.125,False,1.0976269041531774e-09
8d8e1c8fe9a6e0399d47e8a3,generalized_translation,bounce,cauchy,4,True,True,1.0174387157435618,24,0.125,False,4.966022882073518e-07
8d8e1c8fe9a6e0399d47e8a3,generalized_translation,bounce,profile_map,32,True,True,-26.434599969456382,325,0.03352157940221766,False,8.125947734484399e-05
8d8e1c8fe9a6e0399d47e8a3,setup_translation,bounce,huber,3,True,True,1.7719589877748558,14,0.125,False,7.763921734705097e-10
8d8e1c8fe9a6e0399d47e8a3,setup_translation,bounce,cauchy,4,True,True,1.7711897387959323,21,0.125,False,1.593432007537628e-06
8d8e1c8fe9a6e0399d47e8a3,setup_translation,bounce,profile_map,14,True,True,-21.290082435947742,111,0.06375670264076186,False,5.5940074819128753e-05
8dc3223c5a42c5bab6bb50b5,generalized_translation,bounce,huber,3,True,True,1.5047920231351701,23,0.125,False,1.0050893619866326e-10
8dc3223c5a42c5bab6bb50b5,generalized_translation,bounce,cauchy,5,True,True,1.5046234364590902,22,0.125,False,4.6189574680190076e-07
8dc3223c5a42c5bab6bb50b5,generalized_translation,bounce,profile_map,32,True,True,-23.321472301879005,340,0.0483958849104409,False,9.259920930848981e-05
8dc3223c5a42c5bab6bb50b5,setup_translation,bounce,huber,3,True,True,1.6044050356134054,22,0.125,False,2.8866515470841106e-11
8dc3223c5a42c5bab6bb50b5,setup_translation,bounce,cauchy,4,True,True,1.6041993255847977,23,0.125,False,1.0453003222645748e-06
8dc3223c5a42c5bab6bb50b5,setup_translation,bounce,profile_map,11,True,True,-22.716502480776814,111,0.05218413477559545,False,7.487828520242106e-05
8dd43e094996ec3d95ec0731,generalized_translation,multiple_forces,huber,3,True,True,0.8895786952482255,27,0.125,False,2.3991868570073784e-06
8dd43e094996ec3d95ec0731,generalized_translation,multiple_forces,cauchy,5,True,True,0.8895459780328291,30,0.125,False,5.926779337289889e-06
8dd43e094996ec3d95ec0731,generalized_translation,multiple_forces,profile_map,48,True,True,-27.2086688312596,390,0.030731189142442113,False,0.018198237910729304
8e290cc8a6846713c3411912,generalized_translation,bounce,huber,3,True,True,2.0560126183329253,15,0.125,False,1.1823789299308538e-10
8e290cc8a6846713c3411912,generalized_translation,bounce,cauchy,4,True,True,2.055455285103098,20,0.125,False,4.28956598823825e-06
8e290cc8a6846713c3411912,generalized_translation,bounce,profile_map,28,True,True,-21.598835259456354,300,0.05785942741175764,False,0.00012770917335411654
8e290cc8a6846713c3411912,setup_translation,bounce,huber,3,True,True,2.240497364819724,11,0.125,False,1.5664394440034264e-10
8e290cc8a6846713c3411912,setup_translation,bounce,cauchy,4,True,True,2.2398088357492743,15,0.125,False,5.181454867627486e-06
8e290cc8a6846713c3411912,setup_translation,bounce,profile_map,11,True,True,-20.809382423786513,105,0.06388761069089237,False,9.665680808637022e-05
8e6935af5ad6514a0849bb5b,generalized_translation,multiple_forces,huber,3,True,True,0.524973514541274,30,0.125,False,4.272395260458974e-06
8e6935af5ad6514a0849bb5b,generalized_translation,multiple_forces,cauchy,6,True,True,0.5249545289010713,34,0.125,False,5.963845757365254e-07
8e6935af5ad6514a0849bb5b,generalized_translation,multiple_forces,profile_map,41,True,True,-29.663455039181628,385,0.023375413623763736,False,6.624769536249764e-05
8e8be4d3928b86695ebd77ec,generalized_translation,multiple_forces,huber,4,True,True,1.9587399752858177,44,0.125,False,1.321757326432666e-05
8e8be4d3928b86695ebd77ec,generalized_translation,multiple_forces,cauchy,5,True,True,1.9581183300144724,48,0.125,False,6.743522285544798e-05
8e8be4d3928b86695ebd77ec,generalized_translation,multiple_forces,profile_map,42,True,True,-21.84267759473106,375,0.05646579138422725,False,0.030594810559110237
8ebae6b9a13a21bc60bed79f,generalized_translation,multiple_forces,huber,5,True,True,1.6884013253291483,21,0.125,False,1.4843460051704347e-07
8ebae6b9a13a21bc60bed79f,generalized_translation,multiple_forces,cauchy,5,True,True,1.687682505953788,31,0.125,False,3.5561791626607725e-06
8ebae6b9a13a21bc60bed79f,generalized_translation,multiple_forces,profile_map,21,True,True,-21.47042528482325,255,0.06268903804437487,False,0.008924859733229203
8ed3e3c421750b7ff54f4dcb,generalized_translation,unforced_slide,huber,2,True,True,0.6940502087641777,7,0.125,False,7.169240067720667e-10
8ed3e3c421750b7ff54f4dcb,generalized_translation,unforced_slide,cauchy,4,True,True,0.6937044868562617,31,0.125,False,1.21336631951515e-05
8ed3e3c421750b7ff54f4dcb,generalized_translation,unforced_slide,profile_map,14,True,True,-23.670510666854206,180,0.051841185385764606,False,9.233982767765108e-05
8ee5d6ece762ac5df5f6c25c,generalized_translation,multiple_forces,huber,3,True,True,1.7567564153515787,31,0.125,False,0.01439801474294996
8ee5d6ece762ac5df5f6c25c,generalized_translation,multiple_forces,cauchy,5,True,True,1.7565740597751378,30,0.125,False,0.014413769430616766
8ee5d6ece762ac5df5f6c25c,generalized_translation,multiple_forces,profile_map,41,True,True,-24.26890821120227,350,0.040701768940701516,False,0.00988502074799578
8f578a61159f0e6177f8ee57,generalized_translation,unforced_slide,huber,3,True,True,1.5757582520247888,21,0.125,False,0.0013606645007118625
8f578a61159f0e6177f8ee57,generalized_translation,unforced_slide,cauchy,4,True,True,1.5755382877057402,24,0.125,False,0.0013415741208136782
8f578a61159f0e6177f8ee57,generalized_translation,unforced_slide,profile_map,28,True,True,-24.81505045229131,296,0.03871267123991478,False,0.009288327613683357
8f868e2c18bf3eadb72daa50,generalized_translation,bounce,huber,3,True,True,0.8278619393505574,18,0.125,False,2.07437170852754e-10
8f868e2c18bf3eadb72daa50,generalized_translation,bounce,cauchy,4,True,True,0.827735131349081,21,0.125,False,4.571946745851233e-07
8f868e2c18bf3eadb72daa50,generalized_translation,bounce,profile_map,29,True,True,-26.377215987021366,345,0.03465898644313223,False,5.683307059212738e-05
8f868e2c18bf3eadb72daa50,setup_translation,bounce,huber,3,True,True,1.0590758196675534,21,0.125,False,5.346163792807748e-11
8f868e2c18bf3eadb72daa50,setup_translation,bounce,cauchy,4,True,True,1.0586642236535084,18,0.125,False,3.0802285532922495e-06
8f868e2c18bf3eadb72daa50,setup_translation,bounce,profile_map,14,True,True,-24.147288481361418,135,0.04578929294021293,False,4.6204655606763526e-05
8f9ba0a836273b1b8c02479d,generalized_translation,bounce,huber,3,True,True,0.24100060517213145,16,0.125,False,1.5728858950357516e-10
8f9ba0a836273b1b8c02479d,generalized_translation,bounce,cauchy,4,True,True,0.24096781085690488,22,0.125,False,5.5699236092152925e-09
8f9ba0a836273b1b8c02479d,generalized_translation,bounce,profile_map,25,True,True,-28.77660359678514,320,0.027228924309892776,False,1.0986368949578745e-05
8f9ba0a836273b1b8c02479d,setup_translation,bounce,huber,3,True,True,0.2733015304298493,12,0.125,False,5.914368015122839e-12
8f9ba0a836273b1b8c02479d,setup_translation,bounce,cauchy,4,True,True,0.2732286584897413,16,0.125,False,5.934251464816613e-07
8f9ba0a836273b1b8c02479d,setup_translation,bounce,profile_map,15,True,True,-28.14635529098273,159,0.02946115743360071,False,1.0095389124492101e-05
8faa60e51d0325bd47f4da22,generalized_translation,unforced_slide,huber,3,True,True,0.5506081964140415,12,0.125,False,3.63791941589172e-08
8faa60e51d0325bd47f4da22,generalized_translation,unforced_slide,cauchy,4,True,True,0.5505292271970471,15,0.125,False,5.5288839664670557e-08
8faa60e51d0325bd47f4da22,generalized_translation,unforced_slide,profile_map,25,True,True,-26.678785671483986,176,0.03454468101484341,False,0.0003510779370363347
905481c915459849d2c9ecfd,generalized_translation,multiple_forces,huber,3,True,True,1.6820071128962721,21,0.125,False,0.00025899261324034575
905481c915459849d2c9ecfd,generalized_translation,multiple_forces,cauchy,4,True,True,1.6820022468442204,19,0.125,False,0.00025922323139287767
905481c915459849d2c9ecfd,generalized_translation,multiple_forces,profile_map,43,True,True,-30.963858687954865,435,0.017041701715794128,False,0.01219009674823493
90ce59427442085d6940b0da,generalized_translation,bounce,huber,3,True,True,30.14838568876098,14,0.125,False,0.13029876940250806
90ce59427442085d6940b0da,generalized_translation,bounce,cauchy,8,True,True,29.222509752112007,36,0.125,False,0.13111677338225533
90ce59427442085d6940b0da,generalized_translation,bounce,profile_map,31,True,True,-31.324250288553305,295,0.01796932662656649,False,0.0014414505896982273
90ce59427442085d6940b0da,setup_translation,bounce,huber,3,True,True,1.3282644387742146,26,0.125,False,0.0012516544197666152
90ce59427442085d6940b0da,setup_translation,bounce,cauchy,4,True,True,1.328096778789876,20,0.125,False,0.001252279651002132
90ce59427442085d6940b0da,setup_translation,bounce,profile_map,16,True,True,-24.11806791040591,276,0.04423716816716626,False,0.0015367581002800137
9109d0ea4eadcc5e8aea6c7e,generalized_translation,unforced_slide,huber,3,True,True,1.7225338914916115,27,0.125,False,0.0016032768978132166
9109d0ea4eadcc5e8aea6c7e,generalized_translation,unforced_slide,cauchy,5,True,True,1.7223170564417751,23,0.125,False,0.0015814024651530341
9109d0ea4eadcc5e8aea6c7e,generalized_translation,unforced_slide,profile_map,22,True,True,-23.41012237442019,164,0.046245167019852915,False,0.009453005003394329
914141a8891f0a5b7541967c,generalized_translation,multiple_forces,huber,4,True,True,0.9580967355337336,31,0.125,False,1.084187708408464e-06
914141a8891f0a5b7541967c,generalized_translation,multiple_forces,cauchy,6,True,True,0.9577506417000093,29,0.125,False,6.897262681393874e-05
914141a8891f0a5b7541967c,generalized_translation,multiple_forces,profile_map,40,True,True,-23.700134088757878,315,0.049591866875410846,False,0.014603544216586417
9173cbf1da31ee51ecacd96c,generalized_translation,multiple_forces,huber,5,True,True,1.5963459338485642,43,0.125,False,0.00017062017537647334
9173cbf1da31ee51ecacd96c,generalized_translation,multiple_forces,cauchy,5,True,True,1.5962078928188201,32,0.125,False,0.00010867007807884889
9173cbf1da31ee51ecacd96c,generalized_translation,multiple_forces,profile_map,41,True,True,-25.29973292423919,270,0.03559153443017079,False,0.14766496939422571
917af36c889a3275826b48b0,generalized_translation,multiple_forces,huber,5,True,True,0.8568197026909143,44,0.125,False,1.7106898859688429e-06
917af36c889a3275826b48b0,generalized_translation,multiple_forces,cauchy,7,True,True,0.8566214168233871,42,0.125,False,3.044275951056105e-05
917af36c889a3275826b48b0,generalized_translation,multiple_forces,profile_map,40,True,True,-24.96046070860698,345,0.04195142289268448,False,0.018384697286509814
917d747ded44f5831f1b1bfd,generalized_translation,unforced_slide,huber,3,True,True,0.8333800798500021,20,0.125,False,6.535612640689805e-05
917d747ded44f5831f1b1bfd,generalized_translation,unforced_slide,cauchy,4,True,True,0.8333473941020353,21,0.125,False,6.550048552035625e-05
917d747ded44f5831f1b1bfd,generalized_translation,unforced_slide,profile_map,27,True,True,-27.587530250200768,220,0.02945545122480218,False,0.0003401238291036742
91ba182bd6f68b2f656908fb,generalized_translation,multiple_forces,huber,4,True,True,1.4964818918289966,25,0.125,False,0.6106807180095842
91ba182bd6f68b2f656908fb,generalized_translation,multiple_forces,cauchy,4,True,True,1.4963970353307396,34,0.125,False,0.6105944335927735
91ba182bd6f68b2f656908fb,generalized_translation,multiple_forces,profile_map,46,True,True,-28.182626849588956,380,0.02419524943694717,False,0.8809910074039832
91e091cc20cfeaac0797eb0e,generalized_translation,bounce,huber,3,True,True,0.3702382698502409,14,0.125,False,2.8008965341126535e-10
91e091cc20cfeaac0797eb0e,generalized_translation,bounce,cauchy,4,True,True,0.37023089518076246,23,0.125,False,4.3700290010427975e-08
91e091cc20cfeaac0797eb0e,generalized_translation,bounce,profile_map,29,True,True,-30.427011572129008,355,0.021607441527810158,False,3.45806926371246e-05
91e091cc20cfeaac0797eb0e,setup_translation,bounce,huber,3,True,True,0.8125052433360659,19,0.125,False,3.101998089424143e-11
91e091cc20cfeaac0797eb0e,setup_translation,bounce,cauchy,4,True,True,0.812317444658397,19,0.125,False,6.742581818860285e-07
91e091cc20cfeaac0797eb0e,setup_translation,bounce,profile_map,18,True,True,-24.231709469744896,156,0.04687802324627963,False,2.7137994036318222e-05
924e369befe193be095f96c7,generalized_translation,unforced_slide,huber,3,True,True,0.6783477515192063,14,0.125,False,2.325377851316667e-08
924e369befe193be095f96c7,generalized_translation,unforced_slide,cauchy,5,True,True,0.6782275074959012,18,0.125,False,1.6002608037719117e-06
924e369befe193be095f96c7,generalized_translation,unforced_slide,profile_map,20,True,True,-25.1482303755363,216,0.04191487643812254,False,0.000310182250145312
928c53dd4ea8f43ebed4590b,generalized_translation,bounce,huber,3,True,True,1.4161446934548216,18,0.125,False,0.00010417325672978314
928c53dd4ea8f43ebed4590b,generalized_translation,bounce,cauchy,4,True,True,1.4161197254058941,22,0.125,False,0.00010410823746170382
928c53dd4ea8f43ebed4590b,generalized_translation,bounce,profile_map,28,True,True,-27.29663117273035,340,0.02834052354226818,False,0.000627151403713243
928c53dd4ea8f43ebed4590b,setup_translation,bounce,huber,3,True,True,1.4355521507397082,17,0.125,False,0.0007897615221555019
928c53dd4ea8f43ebed4590b,setup_translation,bounce,cauchy,4,True,True,1.4355272726811195,35,0.125,False,0.0007897208449545778
928c53dd4ea8f43ebed4590b,setup_translation,bounce,profile_map,23,True,True,-26.986713648767605,213,0.02944932190248773,False,0.0002073515719712379
92946d0f2dd4a0bafde93c50,generalized_translation,multiple_forces,huber,4,True,True,1.3156733404803607,29,0.125,False,2.1809714427857193e-05
92946d0f2dd4a0bafde93c50,generalized_translation,multiple_forces,cauchy,7,True,True,1.3155626545417236,47,0.125,False,1.9058648248901277e-05
92946d0f2dd4a0bafde93c50,generalized_translation,multiple_forces,profile_map,48,True,True,-25.696571168805168,430,0.035571371785723636,False,0.009586546195058556
92d5d68ebd185e44d9de3416,generalized_translation,bounce,huber,2,True,True,56.35977635914221,7,0.125,False,6.155950223116561e-12
92d5d68ebd185e44d9de3416,generalized_translation,bounce,cauchy,9,True,True,53.20693807795287,34,0.125,False,0.001640009816914198
92d5d68ebd185e44d9de3416,generalized_translation,bounce,profile_map,15,True,True,-6.051182601407994,95,0.4691960406734844,False,3.855119047346878e-05
92d5d68ebd185e44d9de3416,setup_translation,bounce,huber,3,True,True,1.0254815367360004,22,0.125,False,2.452610459292423e-09
92d5d68ebd185e44d9de3416,setup_translation,bounce,cauchy,4,True,True,1.0244360739470584,19,0.125,False,1.3783641017284897e-06
92d5d68ebd185e44d9de3416,setup_translation,bounce,profile_map,13,True,True,-22.126454567570498,87,0.06280092468480869,False,7.789574843818138e-06
9318324ea9e8be8189b31aab,generalized_translation,unforced_slide,huber,3,True,True,1.6596690025403724,18,0.125,False,0.0006647235770456278
9318324ea9e8be8189b31aab,generalized_translation,unforced_slide,cauchy,5,True,True,1.6593214997912824,23,0.125,False,0.000650816391859551
9318324ea9e8be8189b31aab,generalized_translation,unforced_slide,profile_map,22,True,True,-22.44726888381168,160,0.05388244084789919,False,0.007741919884122005
934b609723b32a57b6bdb2b8,generalized_translation,multiple_forces,huber,3,True,True,0.75596772759594,30,0.125,False,3.0773570602905215e-05
934b609723b32a57b6bdb2b8,generalized_translation,multiple_forces,cauchy,4,True,True,0.7559304973471009,33,0.125,False,2.27353734857679e-05
934b609723b32a57b6bdb2b8,generalized_translation,multiple_forces,profile_map,32,True,True,-27.79492230811272,295,0.028817256623931996,False,0.07033582156522958
93c86a10310958b3c3cae0eb,generalized_translation,bounce,huber,3,True,True,0.45535553828847963,16,0.125,False,4.6782516356434915e-11
93c86a10310958b3c3cae0eb,generalized_translation,bounce,cauchy,4,True,True,0.45532099816428684,18,0.125,False,1.7969794769127652e-07
93c86a10310958b3c3cae0eb,generalized_translation,bounce,profile_map,23,True,True,-26.895256201978405,315,0.033983830216814344,False,2.4554400316840836e-05
93c86a10310958b3c3cae0eb,setup_translation,bounce,huber,3,True,True,1.7680972451046981,10,0.125,False,3.269897049266206e-10
93c86a10310958b3c3cae0eb,setup_translation,bounce,cauchy,5,True,True,1.7649924783498165,26,0.125,False,1.3432770726596056e-05
93c86a10310958b3c3cae0eb,setup_translation,bounce,profile_map,15,True,True,-20.12080122378735,114,0.07925175593574955,False,1.4464504598196624e-05
93f241b96a3c8e43683dcc94,generalized_translation,multiple_forces,huber,6,True,True,1.5423410595776075,50,0.125,False,0.001177184910952811
93f241b96a3c8e43683dcc94,generalized_translation,multiple_forces,cauchy,6,True,True,1.542212848297785,46,0.125,False,0.0012306279458929824
93f241b96a3c8e43683dcc94,generalized_translation,multiple_forces,profile_map,39,True,True,-25.038994089266588,345,0.03735652836591639,False,0.11246501726430227
94017a014d2e5480a73ea7dd,generalized_translation,bounce,huber,3,True,True,24.770758815866035,18,0.125,False,0.11539542858083214
94017a014d2e5480a73ea7dd,generalized_translation,bounce,cauchy,8,True,True,24.23618593665366,33,0.125,False,0.1159134185301633
94017a014d2e5480a73ea7dd,generalized_translation,bounce,profile_map,28,True,True,-22.34747626255693,280,0.05622524031161796,False,0.0034635472618326627
94017a014d2e5480a73ea7dd,setup_translation,bounce,huber,3,True,True,2.9882144540476125,29,0.125,False,0.00019779591676672272
94017a014d2e5480a73ea7dd,setup_translation,bounce,cauchy,5,True,True,2.9849856406286652,37,0.125,False,0.00022589233854994133
94017a014d2e5480a73ea7dd,setup_translation,bounce,profile_map,17,True,True,-18.159778683262843,105,0.09481515518896852,False,6.553804851910801e-05
946cdb568f40eaf8d51b634e,generalized_translation,unforced_slide,huber,2,True,True,0.41042059755963367,9,0.125,False,3.4958850409889766e-10
946cdb568f40eaf8d51b634e,generalized_translation,unforced_slide,cauchy,4,True,True,0.41027831122693287,23,0.125,False,7.279113440270163e-06
946cdb568f40eaf8d51b634e,generalized_translation,unforced_slide,profile_map,20,True,True,-25.80148731533838,156,0.03971544269191937,False,0.00012581818209006677
94a1a81aff325c94715a54a2,generalized_translation,multiple_forces,huber,3,True,True,3.846678846232846,28,0.125,False,0.0020587435306901464
94a1a81aff325c94715a54a2,generalized_translation,multiple_forces,cauchy,6,True,True,3.8435279128304543,45,0.125,False,0.0015272405715323525
94a1a81aff325c94715a54a2,generalized_translation,multiple_forces,profile_map,38,True,True,-17.356245096265475,370,0.09281998392987961,False,0.0752306685943804
94ec2afb62c4972035bf45fd,generalized_translation,multiple_forces,huber,3,True,True,1.53179005347506,32,0.125,False,3.5558671625622607e-06
94ec2afb62c4972035bf45fd,generalized_translation,multiple_forces,cauchy,6,True,True,1.531612842823483,31,0.125,False,4.2627405720652336e-05
94ec2afb62c4972035bf45fd,generalized_translation,multiple_forces,profile_map,41,True,True,-23.52331424493593,340,0.04678411176745369,False,0.016005300673645667
94fa1bbbaba883af709e2692,generalized_translation,unforced_slide,huber,3,True,True,1.1878438398486308,15,0.125,False,0.01246090656378537
94fa1bbbaba883af709e2692,generalized_translation,unforced_slide,cauchy,4,True,True,1.1878429341778964,29,0.125,False,0.012460885784511419
94fa1bbbaba883af709e2692,generalized_translation,unforced_slide,profile_map,33,True,True,-33.91838388392955,300,0.012483737591331773,False,0.012065866022938323
954cc0e8e7dc7a03febab718,generalized_translation,multiple_forces,huber,3,True,True,2.8723381844752613,31,0.125,False,0.00035977677963871076
954cc0e8e7dc7a03febab718,generalized_translation,multiple_forces,cauchy,8,True,True,2.870778289867228,64,0.125,False,0.0001045439130701191
954cc0e8e7dc7a03febab718,generalized_translation,multiple_forces,profile_map,44,True,True,-19.43477431699023,415,0.07229523651066483,False,0.10046820547943934
958e4b265fcaba7a0dc0b0a7,generalized_translation,multiple_forces,huber,6,True,True,1.5713339509964823,38,0.125,False,0.004155347883004639
958e4b265fcaba7a0dc0b0a7,generalized_translation,multiple_forces,cauchy,4,True,True,1.5713029650387578,28,0.125,False,0.004199725180746256
958e4b265fcaba7a0dc0b0a7,generalized_translation,multiple_forces,profile_map,49,True,True,-31.18306514947846,410,0.01636019362831976,False,0.2276555200373076
95a27740e470bbbd97830675,generalized_translation,multiple_forces,huber,4,True,True,1.617031318079452,28,0.125,False,0.00015550775956025696
95a27740e470bbbd97830675,generalized_translation,multiple_forces,cauchy,5,True,True,1.6168300664199546,33,0.125,False,3.1695518588625446e-05
95a27740e470bbbd97830675,generalized_translation,multiple_forces,profile_map,34,True,True,-23.96416463250109,305,0.042607776965651344,False,0.17766555255303296
9664aec309a66d7f5c634a50,generalized_translation,unforced_slide,huber,2,True,True,0.060844390001032034,16,0.125,False,2.683440099081777e-09
9664aec309a66d7f5c634a50,generalized_translation,unforced_slide,cauchy,4,True,True,0.06084282947473518,24,0.125,False,3.1242725815496495e-07
9664aec309a66d7f5c634a50,generalized_translation,unforced_slide,profile_map,21,True,True,-34.926831741684126,256,0.012672461834066376,False,0.0002762401931559348
9679a84344851d8a5e203e05,generalized_translation,bounce,huber,3,True,True,0.9728188745093558,13,0.125,False,1.2433044625047427e-11
9679a84344851d8a5e203e05,generalized_translation,bounce,cauchy,4,True,True,0.9724554385968531,23,0.125,False,8.047363039689314e-07
9679a84344851d8a5e203e05,generalized_translation,bounce,profile_map,28,True,True,-23.983940718509803,380,0.0474793732939681,False,4.760447928310527e-05
9679a84344851d8a5e203e05,setup_translation,bounce,huber,3,True,True,1.4325600084502836,10,0.125,False,2.713060726273846e-11
9679a84344851d8a5e203e05,setup_translation,bounce,cauchy,4,True,True,1.4317305172391237,11,0.125,False,2.629720259326402e-06
9679a84344851d8a5e203e05,setup_translation,bounce,profile_map,14,True,True,-21.641145741354006,120,0.06363140613723071,False,3.6146818365385714e-05
969dfcb5e11e21e183126151,generalized_translation,multiple_forces,huber,4,True,True,2.086363350538139,33,0.125,False,5.0293352959297844e-05
969dfcb5e11e21e183126151,generalized_translation,multiple_forces,cauchy,5,True,True,2.0862254753289373,33,0.125,False,5.4700970360872446e-05
969dfcb5e11e21e183126151,generalized_translation,multiple_forces,profile_map,45,True,True,-23.660446488600574,420,0.04220800559636585,False,0.0668923362095029
96ab20c7f6eeefe256b3dcf0,generalized_translation,bounce,huber,3,True,True,1.3525833454371816,25,0.125,False,4.979283594121171e-10
96ab20c7f6eeefe256b3dcf0,generalized_translation,bounce,cauchy,4,True,True,1.3524861335634142,27,0.125,False,7.628436862200225e-08
96ab20c7f6eeefe256b3dcf0,generalized_translation,bounce,profile_map,31,True,True,-24.501803763085736,380,0.04175134738878268,False,9.044146430713511e-05
96ab20c7f6eeefe256b3dcf0,setup_translation,bounce,huber,3,True,True,1.5182636611947071,17,0.125,False,1.393519767567579e-10
96ab20c7f6eeefe256b3dcf0,setup_translation,bounce,cauchy,4,True,True,1.5180397595831225,21,0.125,False,1.0981476604257402e-06
96ab20c7f6eeefe256b3dcf0,setup_translation,bounce,profile_map,10,True,True,-23.225920173168195,120,0.04898488705314674,False,7.150248832034315e-05
96c307e1278449504796feeb,generalized_translation,bounce,huber,3,True,True,1.3096750662749193,14,0.125,False,2.4386765474767075e-11
96c307e1278449504796feeb,generalized_translation,bounce,cauchy,4,True,True,1.3096708750542507,21,0.125,False,5.47528333654058e-08
96c307e1278449504796feeb,generalized_translation,bounce,profile_map,32,True,True,-31.791306976665552,365,0.016093307083217354,False,0.00017399070545743076
96c307e1278449504796feeb,setup_translation,bounce,huber,3,True,True,1.4169287284221694,15,0.125,False,3.2516820684864924e-12
96c307e1278449504796feeb,setup_translation,bounce,cauchy,4,True,True,1.416901941445742,26,0.125,False,4.518573594190946e-07
96c307e1278449504796feeb,setup_translation,bounce,profile_map,11,True,True,-27.882002545781816,135,0.02624340544490964,False,0.000138658371951042
977e66fff508187f516c4b69,generalized_translation,unforced_slide,huber,3,True,True,0.7874841032965085,17,0.125,False,1.1798165440590814e-09
977e66fff508187f516c4b69,generalized_translation,unforced_slide,cauchy,4,True,True,0.7870924750224039,22,0.125,False,2.3735953407345208e-06
977e66fff508187f516c4b69,generalized_translation,unforced_slide,profile_map,23,True,True,-23.36649720621876,208,0.053527187143773886,False,0.00018072647163270292
9805de2d546eff8e32479c7e,generalized_translation,multiple_forces,huber,6,True,True,0.8509895307130435,40,0.125,False,1.3836564334204666e-05
9805de2d546eff8e32479c7e,generalized_translation,multiple_forces,cauchy,5,True,True,0.8508904302217262,32,0.125,False,1.2669953328448672e-05
9805de2d546eff8e32479c7e,generalized_translation,multiple_forces,profile_map,41,True,True,-25.84815937641461,380,0.037074799021273155,False,0.035617795362830364
98abde56a125b79936b0fbe4,generalized_translation,bounce,huber,3,True,True,1.3489204324525095,13,0.125,False,0.001004157078776385
98abde56a125b79936b0fbe4,generalized_translation,bounce,cauchy,4,True,True,1.3487756068678574,21,0.125,False,0.0010043436783784515
98abde56a125b79936b0fbe4,generalized_translation,bounce,profile_map,22,True,True,-25.080351292336367,350,0.038535371125169096,False,0.0014987165038511893
98abde56a125b79936b0fbe4,setup_translation,bounce,huber,3,True,True,1.6730563905689841,20,0.125,False,0.0019887590566435753
98abde56a125b79936b0fbe4,setup_translation,bounce,cauchy,4,True,True,1.6724373902007235,23,0.125,False,0.0019949835051534946
98abde56a125b79936b0fbe4,setup_translation,bounce,profile_map,12,True,True,-22.591319390371467,99,0.05263212263892339,False,0.0023552073414491947
991d8a7907c4d090c73f0731,generalized_translation,multiple_forces,huber,3,True,True,1.059861317201751,29,0.125,False,9.102677062524003e-05
991d8a7907c4d090c73f0731,generalized_translation,multiple_forces,cauchy,5,True,True,1.0597315907236755,43,0.125,False,7.826755613908966e-05
991d8a7907c4d090c73f0731,generalized_translation,multiple_forces,profile_map,43,True,True,-24.700062456376465,370,0.04209116123195282,False,0.08468130314564953
99537052caa239dc735a3bfd,generalized_translation,bounce,huber,3,True,True,0.9556182830927066,18,0.125,False,1.1753907034659683e-11
99537052caa239dc735a3bfd,generalized_translation,bounce,cauchy,4,True,True,0.9555092958665543,15,0.125,False,4.6201781976194476e-07
99537052caa239dc735a3bfd,generalized_translation,bounce,profile_map,29,True,True,-26.496539689879604,270,0.03352157616153687,False,6.721667522507257e-05
99537052caa239dc735a3bfd,setup_translation,bounce,huber,3,True,True,1.7098673777262103,18,0.125,False,5.981168560156027e-10
99537052caa239dc735a3bfd,setup_translation,bounce,cauchy,4,True,True,1.7090979149273733,19,0.125,False,1.495422342724079e-06
99537052caa239dc735a3bfd,setup_translation,bounce,profile_map,10,True,True,-21.35218110025092,144,0.06375668291397607,False,4.627893307217385e-05
99543040f5cc5489d3e18f67,generalized_translation,unforced_slide,huber,3,True,True,0.6965910628337971,12,0.125,False,2.4610309716262926e-09
99543040f5cc5489d3e18f67,generalized_translation,unforced_slide,cauchy,4,True,True,0.6963943468457461,16,0.125,False,1.576434922669493e-06
99543040f5cc5489d3e18f67,generalized_translation,unforced_slide,profile_map,24,True,True,-23.988963906104157,216,0.049411601761751585,False,0.0001937821797528983
99b6e103c82e79c7d52d7b64,generalized_translation,bounce,huber,3,True,True,0.6123468445345923,12,0.125,False,5.036617585930649e-10
99b6e103c82e79c7d52d7b64,generalized_translation,bounce,cauchy,4,True,True,0.6123006759112366,23,0.125,False,6.53580981755025e-07
99b6e103c82e79c7d52d7b64,generalized_translation,bounce,profile_map,33,True,True,-27.214865422140914,290,0.031876433522663554,False,4.467938544071563e-05
99b6e103c82e79c7d52d7b64,setup_translation,bounce,huber,3,True,True,0.6839297007900313,15,0.125,False,1.1329381189046447e-10
99b6e103c82e79c7d52d7b64,setup_translation,bounce,cauchy,4,True,True,0.6838676682978828,19,0.125,False,6.349463034649601e-07
99b6e103c82e79c7d52d7b64,setup_translation,bounce,profile_map,13,True,True,-26.251882018164025,75,0.03595018644286529,False,3.841230581983874e-05
99c61d27920678cd341bc546,generalized_translation,bounce,huber,3,True,True,0.9061190363776965,16,0.125,False,7.792246251678226e-12
99c61d27920678cd341bc546,generalized_translation,bounce,cauchy,4,True,True,0.9060163044784137,20,0.125,False,2.989301966728724e-08
99c61d27920678cd341bc546,generalized_translation,bounce,profile_map,26,True,True,-25.298793607057792,305,0.039753988765786154,False,5.618993712519205e-05
99c61d27920678cd341bc546,setup_translation,bounce,huber,3,True,True,1.3976329606644289,16,0.125,False,1.0001576756923564e-12
99c61d27920678cd341bc546,setup_translation,bounce,cauchy,4,True,True,1.3971269098483852,15,0.125,False,1.64190790682824e-06
99c61d27920678cd341bc546,setup_translation,bounce,profile_map,14,True,True,-22.118411493772996,135,0.05915992269036307,False,4.271720317762371e-05
99d68a30fc96eec0c303bd1a,generalized_translation,unforced_slide,huber,3,True,True,0.5185226547205906,16,0.125,False,1.3831740723920173e-08
99d68a30fc96eec0c303bd1a,generalized_translation,unforced_slide,cauchy,4,True,True,0.518459804571137,31,0.125,False,2.095104571059822e-06
99d68a30fc96eec0c303bd1a,generalized_translation,unforced_slide,profile_map,25,True,True,-26.351695936727435,224,0.03627283223349433,False,0.00034527941301179093
99f3ae0b359c58d8e9a4351c,generalized_translation,bounce,huber,3,True,True,2.9619208916410287,14,0.125,False,1.0648828397389252e-07
99f3ae0b359c58d8e9a4351c,generalized_translation,bounce,cauchy,4,True,True,2.9618197135247173,25,0.125,False,5.1058383109564174e-08
99f3ae0b359c58d8e9a4351c,generalized_translation,bounce,profile_map,30,True,True,-23.84663398007052,365,0.03657707748616326,False,0.0005837620813741915
99f3ae0b359c58d8e9a4351c,setup_translation,bounce,huber,3,True,True,4.810002457644142,10,0.125,False,1.1504729393035225e-10
99f3ae0b359c58d8e9a4351c,setup_translation,bounce,cauchy,5,True,True,4.804686245661409,31,0.125,False,4.408642842372352e-05
99f3ae0b359c58d8e9a4351c,setup_translation,bounce,profile_map,14,True,True,-16.449470563833273,144,0.09187291876973673,False,0.0002282979775790757
9a3fed0478f063ac301ab833,generalized_translation,unforced_slide,huber,2,True,True,0.13433096921389326,11,0.125,False,1.71238459171472e-09
9a3fed0478f063ac301ab833,generalized_translation,unforced_slide,cauchy,4,True,True,0.1343235191492132,26,0.125,False,1.193981975968077e-07
9a3fed0478f063ac301ab833,generalized_translation,unforced_slide,profile_map,16,True,True,-30.784884025670767,208,0.02127068405777154,False,0.0001510224787723165
9a4e6c77d6b259e4433a94d4,generalized_translation,bounce,huber,2,True,True,0.20323407792434264,12,0.125,False,1.3002138741921811e-11
9a4e6c77d6b259e4433a94d4,generalized_translation,bounce,cauchy,3,True,True,0.2031930788147122,13,0.125,False,4.7370638153927197e-07
9a4e6c77d6b259e4433a94d4,generalized_translation,bounce,profile_map,24,True,True,-28.654347898865733,255,0.02780738209828,False,3.135388356046394e-06
9a4e6c77d6b259e4433a94d4,setup_translation,bounce,huber,2,True,True,0.9467318800421196,7,0.125,False,3.522280052652234e-11
9a4e6c77d6b259e4433a94d4,setup_translation,bounce,cauchy,4,True,True,0.9461501942270936,23,0.125,False,1.6921312851156712e-06
9a4e6c77d6b259e4433a94d4,setup_translation,bounce,profile_map,14,True,True,-22.417248255874554,111,0.0606379156159622,False,2.4176518859257338e-06
9a5bf4d83d3f461813a2423b,generalized_translation,bounce,huber,3,True,True,0.39262939949664327,18,0.125,False,2.1384265373420785e-11
9a5bf4d83d3f461813a2423b,generalized_translation,bounce,cauchy,4,True,True,0.39254528772922703,17,0.125,False,1.709224809462797e-07
9a5bf4d83d3f461813a2423b,generalized_translation,bounce,profile_map,24,True,True,-26.927651613255467,315,0.03412330605961634,False,1.3485142950031048e-05
9a5bf4d83d3f461813a2423b,setup_translation,bounce,huber,3,True,True,0.7518430130001241,15,0.125,False,2.968842533790973e-11
9a5bf4d83d3f461813a2423b,setup_translation,bounce,cauchy,4,True,True,0.7513804180375192,16,0.125,False,1.876659827719022e-06
9a5bf4d83d3f461813a2423b,setup_translation,bounce,profile_map,12,True,True,-23.76540298455482,114,0.05066536916009013,False,1.1198918047425166e-05
9a79885a4308881ffb9363e9,generalized_translation,multiple_forces,huber,5,True,True,2.7363979700638112,26,0.125,False,0.5742595530365736
9a79885a4308881ffb9363e9,generalized_translation,multiple_forces,cauchy,4,True,True,2.7353426192438044,28,0.125,False,0.5742812324527876
9a79885a4308881ffb9363e9,generalized_translation,multiple_forces,profile_map,35,True,True,-20.219281737886895,300,0.0648430473798741,False,0.584817157886416
9ae8c96394bab13f14883ca6,generalized_translation,multiple_forces,huber,4,True,True,1.1835099740995743,29,0.125,False,7.552503253429862e-07
9ae8c96394bab13f14883ca6,generalized_translation,multiple_forces,cauchy,5,True,True,1.1832909947296628,36,0.125,False,1.767280901011604e-05
9ae8c96394bab13f14883ca6,generalized_translation,multiple_forces,profile_map,29,True,True,-24.779214603523002,385,0.04111391581590667,False,0.0070971317665245075
9b1ed639e1ea236616f9a41e,generalized_translation,unforced_slide,huber,3,True,True,1.216720074588486,17,0.125,False,0.0003051099332153318
9b1ed639e1ea236616f9a41e,generalized_translation,unforced_slide,cauchy,4,True,True,1.2166656165307748,25,0.125,False,0.0003064863507012291
9b1ed639e1ea236616f9a41e,generalized_translation,unforced_slide,profile_map,30,True,True,-25.970637766741234,232,0.03474149805209749,False,9.740182206234054e-07
9b55df75ad84f02ee96255ef,generalized_translation,unforced_slide,huber,3,True,True,1.321459775157122,20,0.125,False,0.001895168890076777
9b55df75ad84f02ee96255ef,generalized_translation,unforced_slide,cauchy,4,True,True,1.3213809892952877,17,0.125,False,0.0018966425329468544
9b55df75ad84f02ee96255ef,generalized_translation,unforced_slide,profile_map,27,True,True,-25.857478934781724,212,0.034781015439865455,False,0.0022274093331245874
9b616fbec6195c5afd2efed3,generalized_translation,bounce,huber,3,True,True,22.889831537747302,13,0.125,False,3.2699390900391083e-10
9b616fbec6195c5afd2efed3,generalized_translation,bounce,cauchy,8,True,True,22.29930643074204,38,0.125,False,0.00047668376992454745
9b616fbec6195c5afd2efed3,generalized_translation,bounce,profile_map,27,True,True,-30.247113652317914,245,0.02259435172047437,False,0.0681486670920587
9b616fbec6195c5afd2efed3,setup_translation,bounce,huber,3,True,True,0.33423615077011865,16,0.125,False,2.724883323884578e-10
9b616fbec6195c5afd2efed3,setup_translation,bounce,cauchy,4,True,True,0.33417765473511013,22,0.125,False,2.675289714437047e-07
9b616fbec6195c5afd2efed3,setup_translation,bounce,profile_map,18,True,True,-27.48314071666208,177,0.03191844117201684,False,1.855585752505309e-05
9b8905181e085e966df54cc0,generalized_translation,unforced_slide,huber,3,True,True,0.5908006628572479,14,0.125,False,1.2109452813817805e-08
9b8905181e085e966df54cc0,generalized_translation,unforced_slide,cauchy,4,True,True,0.5906396658921832,30,0.125,False,3.7955719022275245e-06
9b8905181e085e966df54cc0,generalized_translation,unforced_slide,profile_map,28,True,True,-25.36839442992199,256,0.041141014249719936,False,0.00041637878561011593
9c333606f9ee526228b585ac,generalized_translation,unforced_slide,huber,2,True,True,0.5205346173049117,13,0.125,False,1.855316581366748e-07
9c333606f9ee526228b585ac,generalized_translation,unforced_slide,cauchy,4,True,True,0.5204272503406412,18,0.125,False,4.1157996470287844e-06
9c333606f9ee526228b585ac,generalized_translation,unforced_slide,profile_map,27,True,True,-26.806839055840673,188,0.034088487788156534,False,0.0015146570753580156
9c48ef7eb35e768094ce6635,generalized_translation,unforced_slide,huber,3,True,True,0.8452167319050223,20,0.125,False,1.3699751233414846e-06
9c48ef7eb35e768094ce6635,generalized_translation,unforced_slide,cauchy,4,True,True,0.845090422835431,29,0.125,False,4.156797257015841e-06
9c48ef7eb35e768094ce6635,generalized_translation,unforced_slide,profile_map,27,True,True,-25.35477521573402,240,0.03977629706625178,False,0.002157842352950881
9c5023820d69201077a4563e,generalized_translation,multiple_forces,huber,5,True,True,0.6754235728204503,41,0.125,False,1.1119927641181373e-06
9c5023820d69201077a4563e,generalized_translation,multiple_forces,cauchy,6,True,True,0.6753963428210794,28,0.125,False,4.702516345822818e-06
9c5023820d69201077a4563e,generalized_translation,multiple_forces,profile_map,41,True,True,-28.46193463557074,330,0.026744875124478044,False,0.04793464580072712
9ccd713e63a69296b06c75dc,generalized_translation,multiple_forces,huber,8,True,True,2.0883745069857413,56,0.125,False,0.0034510749215308735
9ccd713e63a69296b06c75dc,generalized_translation,multiple_forces,cauchy,4,True,True,2.0878540895724407,38,0.125,False,0.003543357292545381
9ccd713e63a69296b06c75dc,generalized_translation,multiple_forces,profile_map,44,True,True,-22.14173843922509,330,0.05156692776094533,False,0.21941022192796866
9d1202185294cf3e738c1772,generalized_translation,multiple_forces,huber,4,True,True,1.19071713845061,28,0.125,False,3.263323711240385e-05
9d1202185294cf3e738c1772,generalized_translation,multiple_forces,cauchy,5,True,True,1.1906832039620132,48,0.125,False,2.425801044133669e-05
9d1202185294cf3e738c1772,generalized_translation,multiple_forces,profile_map,44,True,True,-28.204683596936384,450,0.025843886817304606,False,0.051648993654567814
9d1abf2e00d51f638b6e51d0,generalized_translation,unforced_slide,huber,3,True,True,0.7521569894993039,21,0.125,False,1.7078376926772318e-06
9d1abf2e00d51f638b6e51d0,generalized_translation,unforced_slide,cauchy,4,True,True,0.7520958622416155,20,0.125,False,5.598054633045741e-06
9d1abf2e00d51f638b6e51d0,generalized_translation,unforced_slide,profile_map,25,True,True,-27.356879615791094,236,0.030695383055292378,False,0.002755963630622963
9d20a58149f35bb338aad847,generalized_translation,bounce,huber,3,True,True,2.0141771023610318,25,0.125,False,2.0179334740073642e-10
9d20a58149f35bb338aad847,generalized_translation,bounce,cauchy,4,True,True,2.0139364426302917,16,0.125,False,2.2044658514970947e-07
9d20a58149f35bb338aad847,generalized_translation,bounce,profile_map,26,True,True,-22.454192560768185,325,0.051036901864149636,False,0.00014757035608701664
9d20a58149f35bb338aad847,setup_translation,bounce,huber,3,True,True,2.1892389298726225,20,0.125,False,1.7744827553285125e-10
9d20a58149f35bb338aad847,setup_translation,bounce,cauchy,4,True,True,2.188867199548734,17,0.125,False,1.8606568962648547e-06
9d20a58149f35bb338aad847,setup_translation,bounce,profile_map,15,True,True,-21.536901774473407,129,0.05720892659297039,False,0.00011457426567987174
9d53c49f5dcadeeb746f9b92,generalized_translation,multiple_forces,huber,3,True,True,0.7823002740232956,21,0.125,False,2.334452390591341e-06
9d53c49f5dcadeeb746f9b92,generalized_translation,multiple_forces,cauchy,5,True,True,0.7822068804217599,33,0.125,False,2.2543794657361335e-05
9d53c49f5dcadeeb746f9b92,generalized_translation,multiple_forces,profile_map,51,True,True,-25.145499947663087,375,0.04130699705852689,False,0.019155551230020097
9d698e20ed926e44b302654b,generalized_translation,multiple_forces,huber,3,True,True,2.029004785900733,24,0.125,False,0.04171658010426301
9d698e20ed926e44b302654b,generalized_translation,multiple_forces,cauchy,5,True,True,2.028965477867426,34,0.125,False,0.041722428056247346
9d698e20ed926e44b302654b,generalized_translation,multiple_forces,profile_map,43,True,True,-27.491310164716104,420,0.02545322405927346,False,0.03158782019099614
9d8d08474a56c6eeae42b4ae,generalized_translation,multiple_forces,huber,3,True,True,0.7959476975987092,30,0.125,False,2.668524171683414e-06
9d8d08474a56c6eeae42b4ae,generalized_translation,multiple_forces,cauchy,4,True,True,0.7956407609643679,27,0.125,False,3.7297347696588805e-06
9d8d08474a56c6eeae42b4ae,generalized_translation,multiple_forces,profile_map,33,True,True,-24.28449870325075,250,0.0465955543564723,False,0.018206484909756137
9e174d9029f924d3c6fe549d,generalized_translation,bounce,huber,3,True,True,0.43893656273252557,24,0.125,False,0.0008853721111999884
9e174d9029f924d3c6fe549d,generalized_translation,bounce,cauchy,3,True,True,0.43893523791702715,18,0.125,False,0.0008853720771726523
9e174d9029f924d3c6fe549d,generalized_translation,bounce,profile_map,33,True,True,-34.61841644540852,380,0.012561409688965153,False,0.0009942239935421663
9e174d9029f924d3c6fe549d,setup_translation,bounce,huber,3,True,True,0.5003337988750476,24,0.125,False,0.0006196935762829178
9e174d9029f924d3c6fe549d,setup_translation,bounce,cauchy,4,True,True,0.5003228680342912,25,0.125,False,0.0006196891079143054
9e174d9029f924d3c6fe549d,setup_translation,bounce,profile_map,16,True,True,-30.913599647875188,171,0.01996057522858175,False,0.0006950610179152913
9e20e8e7a4409887168f31f0,generalized_translation,multiple_forces,huber,3,True,True,0.8173382449931766,29,0.125,False,2.790041410019962e-05
9e20e8e7a4409887168f31f0,generalized_translation,multiple_forces,cauchy,5,True,True,0.8173047693594823,37,0.125,False,1.884397370363125e-05
9e20e8e7a4409887168f31f0,generalized_translation,multiple_forces,profile_map,45,True,True,-28.579411305204946,400,0.02584369964814708,False,0.05586235516216845
9e3e7dd7e7468332357967cd,generalized_translation,unforced_slide,huber,2,True,True,0.8917630661123085,18,0.125,False,4.419507802360493e-09
9e3e7dd7e7468332357967cd,generalized_translation,unforced_slide,cauchy,5,True,True,0.8910759816163247,24,0.125,False,2.2783523031864572e-05
9e3e7dd7e7468332357967cd,generalized_translation,unforced_slide,profile_map,19,True,True,-22.916059578292884,148,0.056477582652009944,False,0.00023919499092814835
9e6fc03385fb9e4eb5ffa473,generalized_translation,bounce,huber,3,True,True,0.25229210016123926,17,0.125,False,1.5287895140837845e-11
9e6fc03385fb9e4eb5ffa473,generalized_translation,bounce,cauchy,4,True,True,0.2522425523702113,21,0.125,False,3.1929277315819256e-07
9e6fc03385fb9e4eb5ffa473,generalized_translation,bounce,profile_map,22,True,True,-27.92113532325622,260,0.030439037391187217,False,6.01761273603337e-06
9e6fc03385fb9e4eb5ffa473,setup_translation,bounce,huber,3,True,True,0.2535991351901734,13,0.125,False,7.8221951719833e-12
9e6fc03385fb9e4eb5ffa473,setup_translation,bounce,cauchy,4,True,True,0.25354484290080637,12,0.125,False,5.034761059097679e-07
9e6fc03385fb9e4eb5ffa473,setup_translation,bounce,profile_map,10,True,True,-27.89930220414991,117,0.03052218757234462,False,5.600567538868615e-06
9e708315ea61c5fab90f8869,generalized_translation,multiple_forces,huber,3,True,True,0.9655574803817872,18,0.125,False,0.00026727137549327517
9e708315ea61c5fab90f8869,generalized_translation,multiple_forces,cauchy,4,True,True,0.9655543701467716,27,0.125,False,0.00026764029069404976
9e708315ea61c5fab90f8869,generalized_translation,multiple_forces,profile_map,46,True,True,-32.69534898333953,500,0.014988243979139603,False,0.0033556740669754637
9ea1fb29b99d1a46f2148ce2,generalized_translation,bounce,huber,3,True,True,0.8067982784227237,13,0.125,False,2.5119113386286285e-10
9ea1fb29b99d1a46f2148ce2,generalized_translation,bounce,cauchy,4,True,True,0.806752264847188,25,0.125,False,2.3879878246975915e-07
9ea1fb29b99d1a46f2148ce2,generalized_translation,bounce,profile_map,29,True,True,-27.803140126074542,310,0.02872938724204362,False,6.988122451654615e-05
9ea1fb29b99d1a46f2148ce2,setup_translation,bounce,huber,3,True,True,0.8732268331468134,19,0.125,False,5.257239663870763e-11
9ea1fb29b99d1a46f2148ce2,setup_translation,bounce,cauchy,4,True,True,0.8731798170786074,28,0.125,False,5.2304468099484025e-09
9ea1fb29b99d1a46f2148ce2,setup_translation,bounce,profile_map,24,True,True,-26.717209415752684,144,0.03290394041886568,False,5.891484422354464e-05
9ec45a8d48c586e1755e987c,generalized_translation,unforced_slide,huber,3,True,True,0.8465932290427168,18,0.125,False,0.00040777378793060027
9ec45a8d48c586e1755e987c,generalized_translation,unforced_slide,cauchy,4,True,True,0.8465659840199322,35,0.125,False,0.0004099482943619798
9ec45a8d48c586e1755e987c,generalized_translation,unforced_slide,profile_map,27,True,True,-27.745148414241296,256,0.02879145069782453,False,0.003929560046139525
9ed76da8adaea3281f7cbd89,generalized_translation,bounce,huber,3,True,True,0.24229314642167638,14,0.125,False,8.256354780727017e-10
9ed76da8adaea3281f7cbd89,generalized_translation,bounce,cauchy,4,True,True,0.24228210647863274,17,0.125,False,3.851432076941084e-08
9ed76da8adaea3281f7cbd89,generalized_translation,bounce,profile_map,25,True,True,-29.516192937242675,340,0.02471706514693124,False,1.934464417164815e-05
9ed76da8adaea3281f7cbd89,setup_translation,bounce,huber,3,True,True,1.121471524813661,8,0.125,False,9.111345066888394e-12
9ed76da8adaea3281f7cbd89,setup_translation,bounce,cauchy,4,True,True,1.1206699111064131,11,0.125,False,1.2652663247280344e-06
9ed76da8adaea3281f7cbd89,setup_translation,bounce,profile_map,8,True,True,-21.954733537538424,51,0.0636046884635245,False,1.378049527921982e-05
9fafa4783721d6dbef919d41,generalized_translation,bounce,huber,3,True,True,0.9225690037460905,21,0.125,False,2.0127726812126425e-09
9fafa4783721d6dbef919d41,generalized_translation,bounce,cauchy,4,True,True,0.9225327712600202,25,0.125,False,1.606090208120612e-07
9fafa4783721d6dbef919d41,generalized_translation,bounce,profile_map,29,True,True,-26.588718986832575,325,0.03325585337266515,False,5.999309629867899e-05
9fafa4783721d6dbef919d41,setup_translation,bounce,huber,3,True,True,1.0317283797690702,19,0.125,False,5.575581787390487e-11
9fafa4783721d6dbef919d41,setup_translation,bounce,cauchy,4,True,True,1.0316351958257868,18,0.125,False,4.2560896212378217e-07
9fafa4783721d6dbef919d41,setup_translation,bounce,profile_map,11,True,True,-25.278747623924765,141,0.03917559081780356,False,4.972277569286107e-05
9ff43a5a37443b1487a6c608,generalized_translation,multiple_forces,huber,3,True,True,3.1210311352417888,31,0.125,False,4.349984178354401e-05
9ff43a5a37443b1487a6c608,generalized_translation,multiple_forces,cauchy,6,True,True,3.119034233127965,57,0.125,False,0.00022439706408952648
9ff43a5a37443b1487a6c608,generalized_translation,multiple_forces,profile_map,39,True,True,-18.96961993303843,455,0.0759084246459781,False,0.03596276997776571
a00510c64b3ea100cc77c67f,generalized_translation,multiple_forces,huber,3,True,True,1.3989477921648286,22,0.125,False,0.0005916878117281189
a00510c64b3ea100cc77c67f,generalized_translation,multiple_forces,cauchy,6,True,True,1.3987630556968345,31,0.125,False,0.0005788511578391816
a00510c64b3ea100cc77c67f,generalized_translation,multiple_forces,profile_map,41,True,True,-24.303494013292465,355,0.04262516754573979,False,0.012150878129294374
a042507af01f3fc86997d67c,generalized_translation,multiple_forces,huber,5,True,True,0.8647642280921606,42,0.125,False,1.1702239977654247e-05
a042507af01f3fc86997d67c,generalized_translation,multiple_forces,cauchy,5,True,True,0.8646649688143004,35,0.125,False,1.2441221378540001e-05
a042507af01f3fc86997d67c,generalized_translation,multiple_forces,profile_map,35,True,True,-25.837587916722875,350,0.037073242878974635,False,0.030458271789956054
a044150d2095e9126f09b4ef,generalized_translation,unforced_slide,huber,3,True,True,0.21956771834468242,15,0.125,False,2.860771076310061e-09
a044150d2095e9126f09b4ef,generalized_translation,unforced_slide,cauchy,4,True,True,0.21955742646640874,22,0.125,False,7.6945841632566e-07
a044150d2095e9126f09b4ef,generalized_translation,unforced_slide,profile_map,21,True,True,-30.92524154578326,176,0.0206618869543517,False,0.0008587282913491311
a067981c2ec2c27600db6903,generalized_translation,unforced_slide,huber,3,True,True,0.5586510172960141,17,0.125,False,4.660254813519843e-09
a067981c2ec2c27600db6903,generalized_translation,unforced_slide,cauchy,4,True,True,0.5584888536670507,31,0.125,False,3.6773113218308383e-06
a067981c2ec2c27600db6903,generalized_translation,unforced_slide,profile_map,23,True,True,-25.413893819726127,184,0.041064260941581,False,0.0003473430294049125
a08bde86f3bcb1f6a37d6513,generalized_translation,unforced_slide,huber,3,True,True,1.2335420361555274,20,0.125,False,1.3437814334326098e-06
a08bde86f3bcb1f6a37d6513,generalized_translation,unforced_slide,cauchy,4,True,True,1.2332098786388621,29,0.125,False,8.279603239662334e-06
a08bde86f3bcb1f6a37d6513,generalized_translation,unforced_slide,profile_map,22,True,True,-22.456054934749936,200,0.05753452811883433,False,0.002246747827260396
a0b68f750420fe71b6f56e4a,generalized_translation,bounce,huber,3,True,True,1.236601441225632,25,0.125,False,1.829799229474736e-10
a0b68f750420fe71b6f56e4a,generalized_translation,bounce,cauchy,4,True,True,1.236576213586181,17,0.125,False,3.756747087605823e-07
a0b68f750420fe71b6f56e4a,generalized_translation,bounce,profile_map,30,True,True,-27.10639421071879,310,0.02976147498277762,False,0.00011815749896619142
a0b68f750420fe71b6f56e4a,setup_translation,bounce,huber,3,True,True,1.423764850026206,14,0.125,False,5.754845606229668e-13
a0b68f750420fe71b6f56e4a,setup_translation,bounce,cauchy,4,True,True,1.4236648659731115,21,0.125,False,8.08093131682651e-07
a0b68f750420fe71b6f56e4a,setup_translation,bounce,profile_map,20,True,True,-24.7261885578792,126,0.0400590651587398,False,9.300309385569515e-05
a0eb928cab7469cd9d088977,generalized_translation,bounce,huber,3,True,True,0.10652838442224104,15,0.125,False,1.2419366660547873e-10
a0eb928cab7469cd9d088977,generalized_translation,bounce,cauchy,4,True,True,0.10652115412260857,20,0.125,False,7.11551780077816e-08
a0eb928cab7469cd9d088977,generalized_translation,bounce,profile_map,27,True,True,-31.590105303823083,310,0.01925045253288618,False,6.045476259817245e-06
a0eb928cab7469cd9d088977,setup_translation,bounce,huber,3,True,True,0.4170537398828775,11,0.125,False,4.8238686699892545e-11
a0eb928cab7469cd9d088977,setup_translation,bounce,cauchy,4,True,True,0.41686323309078044,22,0.125,False,2.9622991655434697e-08
a0eb928cab7469cd9d088977,setup_translation,bounce,profile_map,10,True,True,-25.779673877675783,117,0.03979940874799195,False,5.135939511491062e-06
a11a5f6df34ad13da703f446,generalized_translation,bounce,huber,3,True,True,0.5710635329130038,24,0.125,False,0.0017411442179584167
a11a5f6df34ad13da703f446,generalized_translation,bounce,cauchy,4,True,True,0.571003362035752,27,0.125,False,0.0017417461498685572
a11a5f6df34ad13da703f446,generalized_translation,bounce,profile_map,27,True,True,-26.73434178257536,265,0.03419179222118869,False,0.0016352942157182389
a11a5f6df34ad13da703f446,setup_translation,bounce,huber,3,True,True,0.804740553470451,15,0.125,False,0.0016780535890858097
a11a5f6df34ad13da703f446,setup_translation,bounce,cauchy,4,True,True,0.8045657822371838,16,0.125,False,0.0016781110837228814
a11a5f6df34ad13da703f446,setup_translation,bounce,profile_map,22,True,True,-24.438436791762076,132,0.04554679041088079,False,0.0016212286990808591
a14c964fe500aa97970e79cc,generalized_translation,bounce,huber,3,True,True,0.24584354572290795,21,0.125,False,0.00032015327196325855
a14c964fe500aa97970e79cc,generalized_translation,bounce,cauchy,3,True,True,0.24583827005694914,18,0.125,False,0.00032017866159307173
a14c964fe500aa97970e79cc,generalized_translation,bounce,profile_map,33,True,True,-32.607818318120785,335,0.01660778372772158,False,0.0003821833758486837
a14c964fe500aa97970e79cc,setup_translation,bounce,huber,3,True,True,0.7795535617536606,23,0.125,False,0.0008818010523425094
a14c964fe500aa97970e79cc,setup_translation,bounce,cauchy,4,True,True,0.7793230066599466,18,0.125,False,0.0008838867455741172
a14c964fe500aa97970e79cc,setup_translation,bounce,profile_map,23,True,True,-24.029333527285683,165,0.04852006501366828,False,0.0008417384523911691
a18a0db11f94ceeb61b26242,generalized_translation,multiple_forces,huber,2,True,True,1.6336909467797391,22,0.125,False,0.30519297821576435
a18a0db11f94ceeb61b26242,generalized_translation,multiple_forces,cauchy,6,True,True,1.6330175845157244,36,0.125,False,0.30514280596429816
a18a0db11f94ceeb61b26242,generalized_translation,multiple_forces,profile_map,36,True,True,-21.812510503545482,295,0.05945654421964088,False,0.3848013573683457
a1e1a1dc6b037dc57a4844f0,generalized_translation,bounce,huber,3,True,True,0.431510638478129,14,0.125,False,1.591797423100934e-11
a1e1a1dc6b037dc57a4844f0,generalized_translation,bounce,cauchy,3,True,True,0.4315101452303927,15,0.125,False,5.245026772070799e-09
a1e1a1dc6b037dc57a4844f0,generalized_translation,bounce,profile_map,36,True,True,-36.233527096894996,410,0.010257299628763882,False,4.903789037726745e-05
a1e1a1dc6b037dc57a4844f0,setup_translation,bounce,huber,3,True,True,0.4523288895851968,12,0.125,False,5.133527760563341e-12
a1e1a1dc6b037dc57a4844f0,setup_translation,bounce,cauchy,3,True,True,0.4523270544710541,17,0.125,False,2.043282406615633e-08
a1e1a1dc6b037dc57a4844f0,setup_translation,bounce,profile_map,12,True,True,-33.91622589139669,141,0.013704074972807137,False,4.2378809730959136e-05
a23424b8687ea3da62ce832c,generalized_translation,unforced_slide,huber,3,True,True,1.6583694271192921,22,0.125,False,0.0015216273644287218
a23424b8687ea3da62ce832c,generalized_translation,unforced_slide,cauchy,4,True,True,1.658154594955285,21,0.125,False,0.0015010620560649396
a23424b8687ea3da62ce832c,generalized_translation,unforced_slide,profile_map,24,True,True,-23.474995369363615,200,0.046244509915129885,False,0.008651924062412606
a280a5b765022f6336069db9,generalized_translation,bounce,huber,3,True,True,40.695260708227,15,0.125,False,0.1430893663933305
a280a5b765022f6336069db9,generalized_translation,bounce,cauchy,7,True,True,39.01024396727276,31,0.125,False,0.1443600454582328
a280a5b765022f6336069db9,generalized_translation,bounce,profile_map,31,True,True,-26.60794412543115,270,0.032919314939936786,False,0.00014526373212534098
a280a5b765022f6336069db9,setup_translation,bounce,huber,3,True,True,1.3498309593909652,21,0.125,False,0.0018417964012646677
a280a5b765022f6336069db9,setup_translation,bounce,cauchy,4,True,True,1.3493560413679229,24,0.125,False,0.0018428959509173577
a280a5b765022f6336069db9,setup_translation,bounce,profile_map,12,True,True,-23.250123525895894,132,0.05004297880671622,False,0.001580164525896495
a2adc0dbb4f04b33cfd48b0d,generalized_translation,multiple_forces,huber,5,True,True,0.562807220697336,36,0.125,False,3.369118754016082e-06
a2adc0dbb4f04b33cfd48b0d,generalized_translation,multiple_forces,cauchy,5,True,True,0.5627841878523008,39,0.125,False,2.5952905507843154e-06
a2adc0dbb4f04b33cfd48b0d,generalized_translation,multiple_forces,profile_map,44,True,True,-28.65098607031745,400,0.026515740492934804,False,0.026354318950953543
a315a8e24498dd9bcbea201f,generalized_translation,multiple_forces,huber,4,True,True,0.9464432483202768,29,0.125,False,4.171802146742821e-07
a315a8e24498dd9bcbea201f,generalized_translation,multiple_forces,cauchy,6,True,True,0.9460374517489241,55,0.125,False,6.528215388532698e-05
a315a8e24498dd9bcbea201f,generalized_translation,multiple_forces,profile_map,33,True,True,-23.77301752132648,305,0.04912646593424283,False,0.02573030468387356
a4312a694e1bab5737412ac2,generalized_translation,unforced_slide,huber,3,True,True,1.840185050349514,20,0.125,False,0.00011606615716719797
a4312a694e1bab5737412ac2,generalized_translation,unforced_slide,cauchy,5,True,True,1.8388370028067391,25,0.125,False,9.958917332265436e-05
a4312a694e1bab5737412ac2,generalized_translation,unforced_slide,profile_map,23,True,True,-21.009695420139558,220,0.06611375432859874,False,0.0001861532524835146
a43dd3e267210e4820deda6f,generalized_translation,bounce,huber,3,True,True,0.2347876622213936,10,0.125,False,3.8647622983127055e-11
a43dd3e267210e4820deda6f,generalized_translation,bounce,cauchy,4,True,True,0.23472991819251116,22,0.125,False,2.6205698354568554e-07
a43dd3e267210e4820deda6f,generalized_translation,bounce,profile_map,24,True,True,-28.13823526889196,235,0.02964362829905838,False,4.599925682675539e-06
a43dd3e267210e4820deda6f,setup_translation,bounce,huber,3,True,True,0.3988811218877055,16,0.125,False,1.8985762482992356e-11
a43dd3e267210e4820deda6f,setup_translation,bounce,cauchy,3,True,True,0.39872846203880086,12,0.125,False,4.609572112865124e-07
a43dd3e267210e4820deda6f,setup_translation,bounce,profile_map,7,True,True,-25.947718649938306,81,0.0389801586217022,False,4.1424893325293376e-06
a4b0c99c0caf7d96c36f9cfc,generalized_translation,multiple_forces,huber,3,True,True,1.4315756283908223,34,0.125,False,1.629354310407733e-05
a4b0c99c0caf7d96c36f9cfc,generalized_translation,multiple_forces,cauchy,4,True,True,1.4315737378593976,21,0.125,False,1.6705677108539553e-05
a4b0c99c0caf7d96c36f9cfc,generalized_translation,multiple_forces,profile_map,32,True,True,-31.841646445978864,360,0.01573281394008769,False,0.009416088040905426
a5061d822aca7bae6fdc0f64,generalized_translation,bounce,huber,3,True,True,0.5910948187549744,21,0.125,False,7.719422091825327e-10
a5061d822aca7bae6fdc0f64,generalized_translation,bounce,cauchy,4,True,True,0.5909011855138905,18,0.125,False,2.2567463385387425e-07
a5061d822aca7bae6fdc0f64,generalized_translation,bounce,profile_map,19,True,True,-24.579584739572827,270,0.04602612243671881,False,8.621389868306083e-06
a5061d822aca7bae6fdc0f64,setup_translation,bounce,huber,3,True,True,0.9786144616632773,10,0.125,False,2.5469149772110398e-11
a5061d822aca7bae6fdc0f64,setup_translation,bounce,cauchy,4,True,True,0.9779762324836201,25,0.125,False,2.0829627011296074e-06
a5061d822aca7bae6fdc0f64,setup_translation,bounce,profile_map,22,True,True,-22.423012074305376,159,0.06026658590858678,False,7.103436350265088e-06
a577b5669bf99a6f6de1fb9f,generalized_translation,bounce,huber,3,True,True,1.0327458136666872,15,0.125,False,5.7691543948234e-10
a577b5669bf99a6f6de1fb9f,generalized_translation,bounce,cauchy,4,True,True,1.0317776886475738,14,0.125,False,4.224529074028578e-06
a577b5669bf99a6f6de1fb9f,generalized_translation,bounce,profile_map,24,True,True,-22.193274491909992,220,0.062030946848487194,False,1.130955606685448e-05
a577b5669bf99a6f6de1fb9f,setup_translation,bounce,huber,3,True,True,2.2248600383673725,9,0.125,False,4.639995755093882e-11
a577b5669bf99a6f6de1fb9f,setup_translation,bounce,cauchy,4,True,True,2.2216277898872114,12,0.125,False,1.5704143015818607e-06
a577b5669bf99a6f6de1fb9f,setup_translation,bounce,profile_map,19,True,True,-19.021270785803406,159,0.09221124941284421,False,6.355547832129295e-06
a57892689ca2b3fcf51d9002,generalized_translation,multiple_forces,huber,4,True,True,1.3740782232803448,28,0.125,False,0.00016196797046483792
a57892689ca2b3fcf51d9002,generalized_translation,multiple_forces,cauchy,6,True,True,1.3739928133294474,40,0.125,False,0.0001111868405871778
a57892689ca2b3fcf51d9002,generalized_translation,multiple_forces,profile_map,46,True,True,-25.662113665956284,410,0.03533690530672249,False,0.06508456459784684
a5afe5dceaf7b6b7dc14bcb3,generalized_translation,multiple_forces,huber,3,True,True,1.3675477460257952,29,0.125,False,1.762268314920163e-05
a5afe5dceaf7b6b7dc14bcb3,generalized_translation,multiple_forces,cauchy,6,True,True,1.3675191343776516,39,0.125,False,1.5518441483607223e-05
a5afe5dceaf7b6b7dc14bcb3,generalized_translation,multiple_forces,profile_map,49,True,True,-27.072664519946127,540,0.02936912338008438,False,0.011372040018115512
a5cf6aeaba4c6a2e2b9417cb,generalized_translation,multiple_forces,huber,2,True,True,0.2554062041815538,16,0.125,False,1.453788526456598e-07
a5cf6aeaba4c6a2e2b9417cb,generalized_translation,multiple_forces,cauchy,4,True,True,0.255382808933889,23,0.125,False,5.1666733288776505e-06
a5cf6aeaba4c6a2e2b9417cb,generalized_translation,multiple_forces,profile_map,32,True,True,-29.321895283252925,300,0.025303227573745764,False,0.006622179959597594
a68294c8738e16867508e6ed,generalized_translation,bounce,huber,3,True,True,1.7173905260304656,19,0.125,False,4.582453150003276e-10
a68294c8738e16867508e6ed,generalized_translation,bounce,cauchy,5,True,True,1.7158044270930535,19,0.125,False,7.944262635829328e-06
a68294c8738e16867508e6ed,generalized_translation,bounce,profile_map,28,True,True,-20.431309142955634,280,0.07519731446101624,False,2.238282521122622e-05
a68294c8738e16867508e6ed,setup_translation,bounce,huber,3,True,True,2.7883150455808248,18,0.125,False,1.9235543265022403e-10
a68294c8738e16867508e6ed,setup_translation,bounce,cauchy,5,True,True,2.7850559874316314,33,0.125,False,6.844008108224154e-06
a68294c8738e16867508e6ed,setup_translation,bounce,profile_map,14,True,True,-18.216800557823706,111,0.09916735687382791,False,1.1780928127387832e-05
a6866a00970ae33c92c103e2,generalized_translation,multiple_forces,huber,3,True,True,1.6844415538493769,18,0.125,False,8.266957183013924e-06
a6866a00970ae33c92c103e2,generalized_translation,multiple_forces,cauchy,5,True,True,1.6841665615128758,42,0.125,False,1.4730988574991812e-05
a6866a00970ae33c92c103e2,generalized_translation,multiple_forces,profile_map,30,True,True,-23.987083487180367,355,0.0428117041541345,False,0.008870343501957593
a71fd319cea9543753c040d9,generalized_translation,unforced_slide,huber,2,True,True,0.8282997900995517,9,0.125,False,1.1752330287196704e-07
a71fd319cea9543753c040d9,generalized_translation,unforced_slide,cauchy,4,True,True,0.8281355651414701,25,0.125,False,2.642165369918137e-06
a71fd319cea9543753c040d9,generalized_translation,unforced_slide,profile_map,19,True,True,-23.70850016434451,164,0.05051555590156489,False,0.0010405806846846585
a85b06e54612cf5caf42ef08,generalized_translation,unforced_slide,huber,3,True,True,0.3124611224064257,12,0.125,False,7.691008635426349e-10
a85b06e54612cf5caf42ef08,generalized_translation,unforced_slide,cauchy,4,True,True,0.3124061364735817,24,0.125,False,1.5479405622048393e-06
a85b06e54612cf5caf42ef08,generalized_translation,unforced_slide,profile_map,20,True,True,-27.43208403848366,168,0.03223089373644753,False,0.00024113100203159023
a8f09eb7b72e9e599fc9058d,generalized_translation,multiple_forces,huber,3,True,True,3.4018332403418383,31,0.125,False,0.9299047053616744
a8f09eb7b72e9e599fc9058d,generalized_translation,multiple_forces,cauchy,8,True,True,3.398663987792551,52,0.125,False,0.9285934397949522
a8f09eb7b72e9e599fc9058d,generalized_translation,multiple_forces,profile_map,41,True,True,-18.983552472177593,325,0.06942837867825385,False,1.170887740484965
a95386b42f98dbeb25998cef,generalized_translation,unforced_slide,huber,3,True,True,1.964406491903023,24,0.125,False,0.0012225571700050185
a95386b42f98dbeb25998cef,generalized_translation,unforced_slide,cauchy,4,True,True,1.9643399485488005,20,0.125,False,0.0012239192594358178
a95386b42f98dbeb25998cef,generalized_translation,unforced_slide,profile_map,32,True,True,-26.20940612243276,336,0.03043551666959416,False,0.001778542270820386
a9bbc5ea8d55ddeb805ecb39,generalized_translation,multiple_forces,huber,3,True,True,1.6152646256643004,31,0.125,False,0.5021169125689068
a9bbc5ea8d55ddeb805ecb39,generalized_translation,multiple_forces,cauchy,4,True,True,1.6152383968278463,24,0.125,False,0.5021135102608222
a9bbc5ea8d55ddeb805ecb39,generalized_translation,multiple_forces,profile_map,33,True,True,-28.448986579491393,350,0.02372799571865854,False,0.512595940458083
a9d9e15a5dbcb7a1b46085a8,generalized_translation,unforced_slide,huber,3,True,True,1.577077588123967,25,0.125,False,0.015818294952411178
a9d9e15a5dbcb7a1b46085a8,generalized_translation,unforced_slide,cauchy,4,True,True,1.5769596940221207,23,0.125,False,0.015819157796570737
a9d9e15a5dbcb7a1b46085a8,generalized_translation,unforced_slide,profile_map,27,True,True,-25.110648265710715,364,0.03718925562246758,False,0.01551547998955126
a9db73a45fa6344a03efa7b5,generalized_translation,unforced_slide,huber,3,True,True,0.5856021962521659,15,0.125,False,7.60549380797817e-09
a9db73a45fa6344a03efa7b5,generalized_translation,unforced_slide,cauchy,4,True,True,0.5854822582787689,17,0.125,False,1.3531075461359599e-06
a9db73a45fa6344a03efa7b5,generalized_translation,unforced_slide,profile_map,22,True,True,-25.241028939838518,276,0.04191484067878809,False,0.00019923436579277385
aa232f39f38e081128f7c802,generalized_translation,multiple_forces,huber,3,True,True,0.07802600648729652,17,0.125,False,3.9364465067422166e-10
aa232f39f38e081128f7c802,generalized_translation,multiple_forces,cauchy,5,True,True,0.07802070944834412,23,0.125,False,1.0526151031364707e-06
aa232f39f38e081128f7c802,generalized_translation,multiple_forces,profile_map,42,True,True,-32.845035887978085,400,0.016461639712792298,False,0.0023539223328435895
aa6250d7e10d82b89b8d260a,generalized_translation,unforced_slide,huber,3,True,True,0.8760601404445695,19,0.125,False,0.0004225494384283511
aa6250d7e10d82b89b8d260a,generalized_translation,unforced_slide,cauchy,4,True,True,0.8760359216600841,21,0.125,False,0.0004245344861666988
aa6250d7e10d82b89b8d260a,generalized_translation,unforced_slide,profile_map,24,True,True,-29.37516678368702,184,0.02317786565310279,False,0.005110887113994322
aa641c306e764b967a4de7e9,generalized_translation,unforced_slide,huber,3,True,True,0.837731766670405,16,0.125,False,2.5440343509732074e-06
aa641c306e764b967a4de7e9,generalized_translation,unforced_slide,cauchy,5,True,True,0.8376641723749781,27,0.125,False,6.612858515147391e-06
aa641c306e764b967a4de7e9,generalized_translation,unforced_slide,profile_map,21,True,True,-26.095800136777243,172,0.03595372075269736,False,0.003396104496776576
aa796ade466b48d23b25a13a,generalized_translation,unforced_slide,huber,3,True,True,0.9412966571192838,24,0.125,False,0.0004595362614669969
aa796ade466b48d23b25a13a,generalized_translation,unforced_slide,cauchy,4,True,True,0.9412456804509814,28,0.125,False,0.0004551438188104227
aa796ade466b48d23b25a13a,generalized_translation,unforced_slide,profile_map,24,True,True,-26.66486421947537,184,0.03282418955676153,False,0.004871196596193742
aa9a88d1ea53239049fda3dd,generalized_translation,bounce,huber,3,True,True,0.5859096063929325,22,0.125,False,0.000766036234400542
aa9a88d1ea53239049fda3dd,generalized_translation,bounce,cauchy,4,True,True,0.5858618784336111,17,0.125,False,0.0007659184050464895
aa9a88d1ea53239049fda3dd,generalized_translation,bounce,profile_map,32,True,True,-27.18009688957739,305,0.03213844318428721,False,0.0008449407736842205
aa9a88d1ea53239049fda3dd,setup_translation,bounce,huber,3,True,True,1.8517080770595618,18,0.125,False,0.0007168522702087928
aa9a88d1ea53239049fda3dd,setup_translation,bounce,cauchy,5,True,True,1.8499877666836277,29,0.125,False,0.0007168797121560799
aa9a88d1ea53239049fda3dd,setup_translation,bounce,profile_map,21,True,True,-20.16191386020267,147,0.07724578598223654,False,0.0006737470194356342
ab0b2d7c3ef194fe040a1063,generalized_translation,bounce,huber,3,True,True,1.003629993084078,18,0.125,False,0.0009090124522900887
ab0b2d7c3ef194fe040a1063,generalized_translation,bounce,cauchy,4,True,True,1.0036052047108033,21,0.125,False,0.0009093065944818758
ab0b2d7c3ef194fe040a1063,generalized_translation,bounce,profile_map,25,True,True,-28.69460609588483,300,0.024911308348158884,False,0.000751858324307473
ab0b2d7c3ef194fe040a1063,setup_translation,bounce,huber,3,True,True,1.8824652999449312,30,0.125,False,0.0036585086581531943
ab0b2d7c3ef194fe040a1063,setup_translation,bounce,cauchy,6,True,True,1.8818459096293876,32,0.125,False,0.0036619147585127236
ab0b2d7c3ef194fe040a1063,setup_translation,bounce,profile_map,16,True,True,-21.203902434160053,132,0.06349527866882565,False,0.003549758656750207
ab0f35dc74f7008e3d32e4bf,generalized_translation,bounce,huber,2,True,True,0.3463352801802479,15,0.125,False,2.8380920048278152e-11
ab0f35dc74f7008e3d32e4bf,generalized_translation,bounce,cauchy,4,True,True,0.34628634616351855,18,0.125,False,7.12180099912278e-08
ab0f35dc74f7008e3d32e4bf,generalized_translation,bounce,profile_map,23,True,True,-26.467087963717976,270,0.03655579788701144,False,2.713668652253402e-06
ab0f35dc74f7008e3d32e4bf,setup_translation,bounce,huber,2,True,True,0.9096466835878093,10,0.125,False,5.6448285361284944e-11
ab0f35dc74f7008e3d32e4bf,setup_translation,bounce,cauchy,4,True,True,0.9092896808056721,27,0.125,False,1.0181689785878675e-06
ab0f35dc74f7008e3d32e4bf,setup_translation,bounce,profile_map,8,True,True,-22.57356308951324,51,0.05947429361285138,False,2.128880262031513e-06
ab1e4183b716f82c369d7d49,generalized_translation,multiple_forces,huber,3,True,True,1.9238132844906395,33,0.125,False,2.6630231312056313e-08
ab1e4183b716f82c369d7d49,generalized_translation,multiple_forces,cauchy,5,True,True,1.920723853453771,26,0.125,False,0.00036560549742098414
ab1e4183b716f82c369d7d49,generalized_translation,multiple_forces,profile_map,31,True,True,-19.704005261498416,270,0.08388428415622044,False,0.002557779812831277
ab7b81d6d58bb7bae0837de8,generalized_translation,multiple_forces,huber,4,True,True,2.1621758909633524,36,0.125,False,0.0098547098424292
ab7b81d6d58bb7bae0837de8,generalized_translation,multiple_forces,cauchy,6,True,True,2.161997903999567,45,0.125,False,0.009884534884818228
ab7b81d6d58bb7bae0837de8,generalized_translation,multiple_forces,profile_map,41,True,True,-25.40495896381201,390,0.03172958760657466,False,0.2850162235905349
ab7d8b149f3f3f8362ad1d68,generalized_translation,bounce,huber,3,True,True,0.6774639626654879,14,0.125,False,0.002312871549576269
ab7d8b149f3f3f8362ad1d68,generalized_translation,bounce,cauchy,4,True,True,0.6773522017411713,19,0.125,False,0.0023136756253818265
ab7d8b149f3f3f8362ad1d68,generalized_translation,bounce,profile_map,29,True,True,-25.623236773180192,300,0.03922869043992831,False,0.00222341490615254
ab7d8b149f3f3f8362ad1d68,setup_translation,bounce,huber,3,True,True,1.7460895320193988,10,0.125,False,7.482865035611066e-05
ab7d8b149f3f3f8362ad1d68,setup_translation,bounce,cauchy,6,True,True,1.7444655100939048,42,0.125,False,6.775787547762562e-05
ab7d8b149f3f3f8362ad1d68,setup_translation,bounce,profile_map,16,True,True,-20.367426844389975,132,0.07571939725461799,False,3.9826997371508375e-05
aba2c83fcc43c83fd36c740b,generalized_translation,unforced_slide,huber,2,True,True,0.20629498061775986,15,0.125,False,9.520782767032767e-10
aba2c83fcc43c83fd36c740b,generalized_translation,unforced_slide,cauchy,4,True,True,0.20627459896331451,17,0.125,False,4.090871372413003e-07
aba2c83fcc43c83fd36c740b,generalized_translation,unforced_slide,profile_map,19,True,True,-29.258883566119973,156,0.025679848636987454,False,0.00023968479793728213
acd0686f82276d69d6da6ce5,generalized_translation,unforced_slide,huber,2,True,True,1.0082302651974822,13,0.125,False,5.033862684662081e-09
acd0686f82276d69d6da6ce5,generalized_translation,unforced_slide,cauchy,4,True,True,1.0072046095690463,23,0.125,False,1.2903547622060815e-05
acd0686f82276d69d6da6ce5,generalized_translation,unforced_slide,profile_map,20,True,True,-22.31549730075687,212,0.06103881403679776,False,0.0001882908739215213
ad4fb5cd527eec7273ee94bf,generalized_translation,bounce,huber,3,True,True,0.9518952468915801,15,0.125,False,1.334692561396544e-09
ad4fb5cd527eec7273ee94bf,generalized_translation,bounce,cauchy,4,True,True,0.9518638554096532,25,0.125,False,4.764684673330357e-07
ad4fb5cd527eec7273ee94bf,generalized_translation,bounce,profile_map,31,True,True,-28.21327580943058,315,0.026707009151730278,False,9.871205827316894e-05
ad4fb5cd527eec7273ee94bf,setup_translation,bounce,huber,3,True,True,1.093067035321544,14,0.125,False,1.744535464047784e-11
ad4fb5cd527eec7273ee94bf,setup_translation,bounce,cauchy,4,True,True,1.0929961985464112,20,0.125,False,6.442798448257186e-07
ad4fb5cd527eec7273ee94bf,setup_translation,bounce,profile_map,10,True,True,-25.94717195896125,117,0.03544271289447995,False,7.956705904147771e-05
ad5e4334c2ab314ec11a7e90,generalized_translation,bounce,huber,3,True,True,1.0292509554359266,18,0.125,False,3.5601997556710176e-10
ad5e4334c2ab314ec11a7e90,generalized_translation,bounce,cauchy,4,True,True,1.0291343899882872,21,0.125,False,4.611970963162945e-08
ad5e4334c2ab314ec11a7e90,generalized_translation,bounce,profile_map,28,True,True,-24.464175412774058,345,0.043941593397891034,False,5.801179483966144e-05
ad5e4334c2ab314ec11a7e90,setup_translation,bounce,huber,3,True,True,1.6140617364334262,23,0.125,False,7.071470774326518e-13
ad5e4334c2ab314ec11a7e90,setup_translation,bounce,cauchy,4,True,True,1.6131467024696304,19,0.125,False,1.9853431052912792e-06
ad5e4334c2ab314ec11a7e90,setup_translation,bounce,profile_map,13,True,True,-21.341071398817572,117,0.06492651644916815,False,4.240371548238953e-05
adc0fad31ce125fecab8d113,generalized_translation,bounce,huber,3,True,True,0.9556182830927066,18,0.125,False,1.1753907034659683e-11
adc0fad31ce125fecab8d113,generalized_translation,bounce,cauchy,4,True,True,0.9555092958665543,15,0.125,False,4.6201781976194476e-07
adc0fad31ce125fecab8d113,generalized_translation,bounce,profile_map,29,True,True,-26.496539689879604,270,0.03352157616153687,False,6.721667522507257e-05
adc0fad31ce125fecab8d113,setup_translation,bounce,huber,3,True,True,1.7098673777262103,18,0.125,False,5.981168560156027e-10
adc0fad31ce125fecab8d113,setup_translation,bounce,cauchy,4,True,True,1.7090979149273733,19,0.125,False,1.495422342724079e-06
adc0fad31ce125fecab8d113,setup_translation,bounce,profile_map,10,True,True,-21.35218110025092,144,0.06375668291397607,False,4.627893307217385e-05
aded3f364758358ec36294d1,generalized_translation,multiple_forces,huber,3,True,True,1.0691107329020975,24,0.125,False,4.4345671832495265e-06
aded3f364758358ec36294d1,generalized_translation,multiple_forces,cauchy,4,True,True,1.06898563900471,28,0.125,False,4.5202192676343554e-05
aded3f364758358ec36294d1,generalized_translation,multiple_forces,profile_map,43,True,True,-25.44797616144854,385,0.03806630617044024,False,0.011092211892748314
ae3779fc2bdcded768f8a472,generalized_translation,bounce,huber,3,True,True,1.6772473392426979,16,0.125,False,1.3861762022500727e-11
ae3779fc2bdcded768f8a472,generalized_translation,bounce,cauchy,4,True,True,1.6768931512830099,26,0.125,False,6.517032568523679e-07
ae3779fc2bdcded768f8a472,generalized_translation,bounce,profile_map,26,True,True,-22.331480353731614,270,0.05473660259834225,False,9.885250005549713e-05
ae3779fc2bdcded768f8a472,setup_translation,bounce,huber,3,True,True,4.521192142587622,10,0.125,False,1.1397634084977491e-09
ae3779fc2bdcded768f8a472,setup_translation,bounce,cauchy,5,True,True,4.50446427998031,25,0.125,False,4.731184965590305e-05
ae3779fc2bdcded768f8a472,setup_translation,bounce,profile_map,14,True,True,-16.135801100446695,87,0.11858251237952504,False,1.0553350817086468e-05
ae4ce9be63db33067414cf31,generalized_translation,bounce,huber,3,True,True,0.22116003708015852,15,0.125,False,3.3476976793190305e-09
ae4ce9be63db33067414cf31,generalized_translation,bounce,cauchy,4,True,True,0.2211464115494159,20,0.125,False,1.3917281704371883e-07
ae4ce9be63db33067414cf31,generalized_translation,bounce,profile_map,19,True,True,-4.107301464365494,130,0.5969538317832707,False,0.12650519140549718
ae4ce9be63db33067414cf31,setup_translation,bounce,huber,3,True,True,0.25237479844535315,21,0.125,False,1.4103438896485095e-10
ae4ce9be63db33067414cf31,setup_translation,bounce,cauchy,5,True,True,0.2523528646154882,37,0.125,False,8.822245252283631e-08
ae4ce9be63db33067414cf31,setup_translation,bounce,profile_map,15,True,True,-28.586164958662874,138,0.02787710591784293,False,1.501256460249687e-05
ae5402c9cbaa6a1737f98465,generalized_translation,unforced_slide,huber,3,True,True,0.3370782465529657,17,0.125,False,6.400773863275372e-10
ae5402c9cbaa6a1737f98465,generalized_translation,unforced_slide,cauchy,4,True,True,0.3369718584029335,25,0.125,False,2.5070196462994878e-06
ae5402c9cbaa6a1737f98465,generalized_translation,unforced_slide,profile_map,21,True,True,-26.63980282987678,184,0.03574967348102147,False,0.00015562631492427935
aeaa3fc7a5efd424c1ffbf6a,generalized_translation,multiple_forces,huber,4,True,True,0.9173221681435808,18,0.125,False,0.00010976071406474224
aeaa3fc7a5efd424c1ffbf6a,generalized_translation,multiple_forces,cauchy,4,True,True,0.9172049295066818,28,0.125,False,0.00014130361198147034
aeaa3fc7a5efd424c1ffbf6a,generalized_translation,multiple_forces,profile_map,39,True,True,-24.83124945235767,415,0.042348775272280356,False,0.014800135767804812
af6d2ac93dbc1b390275b203,generalized_translation,bounce,huber,3,True,True,1.4293447012997977,17,0.125,False,9.305474000080076e-11
af6d2ac93dbc1b390275b203,generalized_translation,bounce,cauchy,4,True,True,1.4292011032505694,15,0.125,False,2.1061662461820218e-07
af6d2ac93dbc1b390275b203,generalized_translation,bounce,profile_map,31,True,True,-23.913562836550092,325,0.04489791173482909,False,9.333048265608725e-05
af6d2ac93dbc1b390275b203,setup_translation,bounce,huber,3,True,True,1.6834128217816882,21,0.125,False,1.8742531478789098e-11
af6d2ac93dbc1b390275b203,setup_translation,bounce,cauchy,4,True,True,1.6829588505160507,13,0.125,False,1.8312231722961987e-06
af6d2ac93dbc1b390275b203,setup_translation,bounce,profile_map,10,True,True,-22.32506309971542,111,0.054738850540890074,False,7.335358986647435e-05
af983df20a06d0ff475fcff1,generalized_translation,multiple_forces,huber,2,True,True,0.544763637965722,12,0.125,False,1.7198779419646072e-06
af983df20a06d0ff475fcff1,generalized_translation,multiple_forces,cauchy,5,True,True,0.544674843802649,27,0.125,False,7.299430954646778e-06
af983df20a06d0ff475fcff1,generalized_translation,multiple_forces,profile_map,34,True,True,-26.922644583119695,310,0.03342592080023726,False,0.017911261534188285
afa7a500698706b5547961d4,generalized_translation,unforced_slide,huber,2,True,True,0.9969877330205578,7,0.125,False,1.7788340263191672e-09
afa7a500698706b5547961d4,generalized_translation,unforced_slide,cauchy,4,True,True,0.9959350743336123,28,0.125,False,2.2119584939845675e-05
afa7a500698706b5547961d4,generalized_translation,unforced_slide,profile_map,19,True,True,-22.256692943570584,136,0.06174737392208333,False,0.00014211353429364302
afb1b68a6ca2fa813a9a662a,generalized_translation,bounce,huber,3,True,True,1.5256311330083894,16,0.125,False,0.0011928303244870054
afb1b68a6ca2fa813a9a662a,generalized_translation,bounce,cauchy,4,True,True,1.5254863325464876,22,0.125,False,0.001193015260765539
afb1b68a6ca2fa813a9a662a,generalized_translation,bounce,profile_map,29,True,True,-24.90357008401312,335,0.038535406949657576,False,0.0017406821708510908
afb1b68a6ca2fa813a9a662a,setup_translation,bounce,huber,3,True,True,1.849299553581346,21,0.125,False,0.002048893759669935
afb1b68a6ca2fa813a9a662a,setup_translation,bounce,cauchy,4,True,True,1.8486813976462657,18,0.125,False,0.002055159343405074
afb1b68a6ca2fa813a9a662a,setup_translation,bounce,profile_map,22,True,True,-22.415024002862513,165,0.05263219709802873,False,0.0024549177923922456
b00851ca7b5be12509a3cdea,generalized_translation,bounce,huber,3,True,True,0.04278581323985177,14,0.125,False,1.3740452571107871e-11
b00851ca7b5be12509a3cdea,generalized_translation,bounce,cauchy,3,True,True,0.0427851518716505,14,0.125,False,9.577185050617306e-09
b00851ca7b5be12509a3cdea,generalized_translation,bounce,profile_map,29,True,True,-36.12661757371169,280,0.010917796375851944,False,4.8648978424588464e-06
b00851ca7b5be12509a3cdea,setup_translation,bounce,huber,3,True,True,0.4948382828254752,11,0.125,False,1.4506273833848355e-11
b00851ca7b5be12509a3cdea,setup_translation,bounce,cauchy,4,True,True,0.4946833739518772,12,0.125,False,2.884486916425688e-07
b00851ca7b5be12509a3cdea,setup_translation,bounce,profile_map,14,True,True,-25.081768077136548,102,0.04342438357686455,False,3.955453128954702e-06
b03c6bd5cf0f599dd08b4ef2,generalized_translation,multiple_forces,huber,3,True,True,2.031554310218009,30,0.125,False,0.000626857590117863
b03c6bd5cf0f599dd08b4ef2,generalized_translation,multiple_forces,cauchy,4,True,True,2.031542306501408,37,0.125,False,0.0006297868657379272
b03c6bd5cf0f599dd08b4ef2,generalized_translation,multiple_forces,profile_map,42,True,True,-29.204271855389436,400,0.02041540651710022,False,0.010422917511682372
b0962d54572e7a9d894fc741,generalized_translation,unforced_slide,huber,3,True,True,2.4874100287163614,31,0.125,False,0.00013094352948024644
b0962d54572e7a9d894fc741,generalized_translation,unforced_slide,cauchy,4,True,True,2.4865012134601083,31,0.125,False,0.00012661312243755906
b0962d54572e7a9d894fc741,generalized_translation,unforced_slide,profile_map,25,True,True,-20.825623221081997,208,0.061144063755922226,False,0.00047310219715514045
b0b8345cf8b66ee810e6b230,generalized_translation,bounce,huber,3,True,True,1.1339485717837683,14,0.125,False,0.00030802995727182087
b0b8345cf8b66ee810e6b230,generalized_translation,bounce,cauchy,4,True,True,1.1336092955718746,16,0.125,False,0.0003087560953384296
b0b8345cf8b66ee810e6b230,generalized_translation,bounce,profile_map,29,True,True,-23.37260398722231,265,0.050746045460939825,False,0.0004589618816940696
b0b8345cf8b66ee810e6b230,setup_translation,bounce,huber,4,True,True,4.0078129392971205,23,0.125,False,0.0011425534002528323
b0b8345cf8b66ee810e6b230,setup_translation,bounce,cauchy,6,True,True,3.991066024290894,30,0.125,False,0.0011986431276410536
b0b8345cf8b66ee810e6b230,setup_translation,bounce,profile_map,14,True,True,-16.657162544224224,132,0.11749488495498951,False,0.0011537371084530243
b0f60536d34e7a5b6cf27cee,generalized_translation,multiple_forces,huber,5,True,True,2.752872061765139,39,0.125,False,0.00027180342164337157
b0f60536d34e7a5b6cf27cee,generalized_translation,multiple_forces,cauchy,6,True,True,2.7513633966010094,53,0.125,False,4.833001602448492e-05
b0f60536d34e7a5b6cf27cee,generalized_translation,multiple_forces,profile_map,44,True,True,-19.574265689135224,340,0.07218590026749618,False,0.08204313588254002
b10930ec83bf4638229f004d,generalized_translation,multiple_forces,huber,4,True,True,1.2264145339766384,30,0.125,False,7.275685211011295e-06
b10930ec83bf4638229f004d,generalized_translation,multiple_forces,cauchy,4,True,True,1.2263696373975357,46,0.125,False,6.345385670297968e-06
b10930ec83bf4638229f004d,generalized_translation,multiple_forces,profile_map,43,True,True,-27.40568650008595,505,0.02861077392520988,False,0.03321226855781629
b1c9d05a6ff3ee329ba2ff7d,generalized_translation,multiple_forces,huber,3,True,True,1.5298651661492042,27,0.125,False,8.033550551971706e-06
b1c9d05a6ff3ee329ba2ff7d,generalized_translation,multiple_forces,cauchy,5,True,True,1.529603106619671,32,0.125,False,3.2504037078684835e-05
b1c9d05a6ff3ee329ba2ff7d,generalized_translation,multiple_forces,profile_map,38,True,True,-23.621988946198613,345,0.04608329440758827,False,0.02052550056230721
b1da90f7536415b351a24c14,generalized_translation,multiple_forces,huber,4,True,True,2.2650492364988937,29,0.125,False,3.1830077304262674e-06
b1da90f7536415b351a24c14,generalized_translation,multiple_forces,cauchy,7,True,True,2.2645347462371945,42,0.125,False,0.00010558970218516456
b1da90f7536415b351a24c14,generalized_translation,multiple_forces,profile_map,42,True,True,-21.336377073406197,400,0.05809243639192601,False,0.05796118100898025
b1f07c1832b8b91496372622,generalized_translation,multiple_forces,huber,5,True,True,1.292057268626675,27,0.125,False,0.0035079779688793134
b1f07c1832b8b91496372622,generalized_translation,multiple_forces,cauchy,6,True,True,1.292039280574818,44,0.125,False,0.003532057399397705
b1f07c1832b8b91496372622,generalized_translation,multiple_forces,profile_map,44,True,True,-31.22590364921033,575,0.01707577640092848,False,0.1435677035551476
b1f7795fa4856969d1454a72,generalized_translation,bounce,huber,3,True,True,0.30315105645225354,15,0.125,False,3.5134782022839546e-12
b1f7795fa4856969d1454a72,generalized_translation,bounce,cauchy,4,True,True,0.30308634587339367,21,0.125,False,3.017868467363352e-07
b1f7795fa4856969d1454a72,generalized_translation,bounce,profile_map,26,True,True,-27.098573098416413,245,0.03375033867707406,False,4.397300530560353e-06
b1f7795fa4856969d1454a72,setup_translation,bounce,huber,3,True,True,0.4083756759794512,11,0.125,False,8.163004684712628e-12
b1f7795fa4856969d1454a72,setup_translation,bounce,cauchy,4,True,True,0.40827362918784105,28,0.125,False,3.635284889217911e-07
b1f7795fa4856969d1454a72,setup_translation,bounce,profile_map,10,True,True,-25.866350881765644,108,0.0393704467012805,False,3.99611718925215e-06
b20204edee66c383d3500993,generalized_translation,bounce,huber,3,True,True,1.1274748189640067,18,0.125,False,6.293176533899701e-12
b20204edee66c383d3500993,generalized_translation,bounce,cauchy,4,True,True,1.1274496038226964,26,0.125,False,3.87072119577803e-07
b20204edee66c383d3500993,generalized_translation,bounce,profile_map,30,True,True,-27.215524717725838,370,0.029761474075809022,False,0.00011933063614079092
b20204edee66c383d3500993,setup_translation,bounce,huber,3,True,True,1.314565424954062,14,0.125,False,7.719151765034832e-10
b20204edee66c383d3500993,setup_translation,bounce,cauchy,4,True,True,1.3144654141310896,14,0.125,False,8.360156436867483e-07
b20204edee66c383d3500993,setup_translation,bounce,profile_map,21,True,True,-24.835391025621675,177,0.04005906343951939,False,9.393097159133347e-05
b216ae2ba451c63097b8a98c,generalized_translation,multiple_forces,huber,3,True,True,0.9454140553540675,17,0.125,False,7.595058989274017e-06
b216ae2ba451c63097b8a98c,generalized_translation,multiple_forces,cauchy,4,True,True,0.9453804328469457,32,0.125,False,1.7287068697439948e-05
b216ae2ba451c63097b8a98c,generalized_translation,multiple_forces,profile_map,40,True,True,-28.024785807761987,355,0.027383069622954198,False,0.018318430572542923
b23a107ce96f608560cfc933,generalized_translation,unforced_slide,huber,3,True,True,1.8850270758282703,21,0.125,False,0.0028318159557872017
b23a107ce96f608560cfc933,generalized_translation,unforced_slide,cauchy,5,True,True,1.8847003617719076,23,0.125,False,0.0028107460714663366
b23a107ce96f608560cfc933,generalized_translation,unforced_slide,profile_map,25,True,True,-23.176489822748835,200,0.046722841407396284,False,0.010670106470858453
b25f9315251a8bf0939e631a,generalized_translation,multiple_forces,huber,3,True,True,1.0127894691690387,26,0.125,False,0.00015114244826212078
b25f9315251a8bf0939e631a,generalized_translation,multiple_forces,cauchy,4,True,True,1.0126924379106332,30,0.125,False,0.0001673392436108467
b25f9315251a8bf0939e631a,generalized_translation,multiple_forces,profile_map,35,True,True,-25.835229380799802,350,0.03634727819964066,False,0.014975178294876193
b2868d0ca38c860c7bf92a08,generalized_translation,multiple_forces,huber,3,True,True,2.6074663606285577,30,0.125,False,0.0003114112187389236
b2868d0ca38c860c7bf92a08,generalized_translation,multiple_forces,cauchy,6,True,True,2.6069660146573606,38,0.125,False,0.00025582700023821204
b2868d0ca38c860c7bf92a08,generalized_translation,multiple_forces,profile_map,40,True,True,-21.532807352948932,380,0.05363796678997113,False,0.0011764935198476335
b396bcb55028403a9456d642,generalized_translation,unforced_slide,huber,3,True,True,1.3132400738627192,20,0.125,False,0.007019667997018053
b396bcb55028403a9456d642,generalized_translation,unforced_slide,cauchy,4,True,True,1.313228546684467,22,0.125,False,0.0070196112610372355
b396bcb55028403a9456d642,generalized_translation,unforced_slide,profile_map,29,True,True,-28.85952874152856,240,0.02342220973136804,False,0.006698209293674857
b41c612d9ea0dc0364f4535f,generalized_translation,bounce,huber,3,True,True,0.43645574509140134,18,0.125,False,0.00043930094159436254
b41c612d9ea0dc0364f4535f,generalized_translation,bounce,cauchy,4,True,True,0.43645361894609214,19,0.125,False,0.00043931850239362633
b41c612d9ea0dc0364f4535f,generalized_translation,bounce,profile_map,23,True,True,-34.269031177573154,380,0.013132364785129294,False,0.0005914058309988883
b41c612d9ea0dc0364f4535f,setup_translation,bounce,huber,3,True,True,1.7948889904782397,12,0.125,False,0.003469222630524208
b41c612d9ea0dc0364f4535f,setup_translation,bounce,cauchy,6,True,True,1.7935366083195865,41,0.125,False,0.0034681240989069403
b41c612d9ea0dc0364f4535f,setup_translation,bounce,profile_map,15,True,True,-20.458540106371245,132,0.07368710973443625,False,0.003413531434728385
b4517c275b5e6ed0dac537c5,generalized_translation,bounce,huber,3,True,True,54.76766894403101,15,0.125,False,0.17377391785805088
b4517c275b5e6ed0dac537c5,generalized_translation,bounce,cauchy,10,True,True,51.500706931106734,38,0.125,False,0.17613539315244078
b4517c275b5e6ed0dac537c5,generalized_translation,bounce,profile_map,27,True,True,-26.17766756592337,260,0.0348223233639562,False,0.0017628187244751274
b4517c275b5e6ed0dac537c5,setup_translation,bounce,huber,3,True,True,1.0082624949173267,24,0.125,False,0.00214313367261379
b4517c275b5e6ed0dac537c5,setup_translation,bounce,cauchy,4,True,True,1.0081639949121317,19,0.125,False,0.0021408189806650154
b4517c275b5e6ed0dac537c5,setup_translation,bounce,profile_map,16,True,True,-25.99421128740295,138,0.03562461954530814,False,0.0018343551735459092
b4755db8c62a226d8d6e4e99,generalized_translation,bounce,huber,3,True,True,0.14515520555761374,12,0.125,False,3.8263886953445987e-13
b4755db8c62a226d8d6e4e99,generalized_translation,bounce,cauchy,3,True,True,0.14513259362281233,13,0.125,False,2.384602107436243e-07
b4755db8c62a226d8d6e4e99,generalized_translation,bounce,profile_map,25,True,True,-30.453994024786155,280,0.022166562122178407,False,7.55830975524883e-06
b4755db8c62a226d8d6e4e99,setup_translation,bounce,huber,3,True,True,0.7224263748444555,8,0.125,False,1.2473111383142064e-11
b4755db8c62a226d8d6e4e99,setup_translation,bounce,cauchy,4,True,True,0.7221213750627467,19,0.125,False,7.098829870842356e-07
b4755db8c62a226d8d6e4e99,setup_translation,bounce,profile_map,14,True,True,-23.57099948335369,102,0.05240220689883751,False,6.046191780688935e-06
b480c7948fe75b4128bd7cde,generalized_translation,bounce,huber,12,True,True,116.40744130591021,56,0.125,False,0.0003075533162908598
b480c7948fe75b4128bd7cde,generalized_translation,bounce,cauchy,13,True,True,104.02315230164288,43,0.125,False,0.003476316811195881
b480c7948fe75b4128bd7cde,generalized_translation,bounce,profile_map,24,True,True,-29.639978826822574,640,0.0242822031106343,False,0.1504582381122381
b480c7948fe75b4128bd7cde,setup_translation,bounce,huber,4,True,True,0.30262532525301394,24,0.125,False,8.754473928321977e-05
b480c7948fe75b4128bd7cde,setup_translation,bounce,cauchy,5,True,True,0.30260184715523547,27,0.125,False,8.733461284283591e-05
b480c7948fe75b4128bd7cde,setup_translation,bounce,profile_map,17,True,True,-28.54753590188576,153,0.027834515311297468,False,6.375138537785903e-05
b4a914c7ab92c9457e9763d2,generalized_translation,bounce,huber,3,True,True,1.1339485717837683,14,0.125,False,0.00030802995727182087
b4a914c7ab92c9457e9763d2,generalized_translation,bounce,cauchy,4,True,True,1.1336092955718746,16,0.125,False,0.0003087560953384296
b4a914c7ab92c9457e9763d2,generalized_translation,bounce,profile_map,29,True,True,-23.37260398722231,265,0.050746045460939825,False,0.0004589618816940696
b4a914c7ab92c9457e9763d2,setup_translation,bounce,huber,4,True,True,4.0078129392971205,23,0.125,False,0.0011425534002528323
b4a914c7ab92c9457e9763d2,setup_translation,bounce,cauchy,6,True,True,3.991066024290894,30,0.125,False,0.0011986431276410536
b4a914c7ab92c9457e9763d2,setup_translation,bounce,profile_map,14,True,True,-16.657162544224224,132,0.11749488495498951,False,0.0011537371084530243
b4eb5c2ac4f45677b20039d3,generalized_translation,bounce,huber,3,True,True,2.5608305596597734,21,0.125,False,5.255273392042265e-08
b4eb5c2ac4f45677b20039d3,generalized_translation,bounce,cauchy,4,True,True,2.560825949524952,25,0.125,False,1.5178920316289553e-07
b4eb5c2ac4f45677b20039d3,generalized_translation,bounce,profile_map,30,True,True,-29.4003913619891,435,0.018608483443579963,False,0.0004837542464815653
b4eb5c2ac4f45677b20039d3,setup_translation,bounce,huber,3,True,True,3.374239494910212,11,0.125,False,1.1979133828163382e-10
b4eb5c2ac4f45677b20039d3,setup_translation,bounce,cauchy,4,True,True,3.3737519357910815,25,0.125,False,2.6534974368181454e-06
b4eb5c2ac4f45677b20039d3,setup_translation,bounce,profile_map,15,True,True,-20.159858019780383,129,0.058985986593212435,False,0.0002980026537875098
b4fe6be8f53944d81cbd8652,generalized_translation,unforced_slide,huber,3,True,True,1.1078251283850522,27,0.125,False,6.399013423312589e-08
b4fe6be8f53944d81cbd8652,generalized_translation,unforced_slide,cauchy,4,True,True,1.1071164122024477,21,0.125,False,1.0341885771609323e-05
b4fe6be8f53944d81cbd8652,generalized_translation,unforced_slide,profile_map,22,True,True,-22.195157659726778,172,0.061245286121929955,False,0.0010473588369885856
b53e67441714667f20b6a615,generalized_translation,unforced_slide,huber,3,True,True,1.0887518764812874,20,0.125,False,0.0003958477129527554
b53e67441714667f20b6a615,generalized_translation,unforced_slide,cauchy,4,True,True,1.088656579060303,19,0.125,False,0.00039189172249779597
b53e67441714667f20b6a615,generalized_translation,unforced_slide,profile_map,35,True,True,-25.230925027775164,212,0.03911437688125694,False,0.004342824685662059
b58e3e33a9ffc40ca00a106f,generalized_translation,multiple_forces,huber,3,True,True,1.0709958263360246,35,0.125,False,8.974725215667513e-09
b58e3e33a9ffc40ca00a106f,generalized_translation,multiple_forces,cauchy,6,True,True,1.0704777880644305,35,0.125,False,8.609152361665653e-05
b58e3e33a9ffc40ca00a106f,generalized_translation,multiple_forces,profile_map,36,True,True,-22.486838883913975,310,0.05876035535170119,False,0.00467088729303019
b5e4a69da274296fb62bc0ae,generalized_translation,unforced_slide,huber,3,True,True,1.1145671187784105,19,0.125,False,0.00018733751203220067
b5e4a69da274296fb62bc0ae,generalized_translation,unforced_slide,cauchy,4,True,True,1.1144979567078224,21,0.125,False,0.00018699116956561026
b5e4a69da274296fb62bc0ae,generalized_translation,unforced_slide,profile_map,31,True,True,-26.283964974862393,280,0.03376404990391727,False,0.00011567171745686705
b60eeb3ea82c7cf0fff6ce57,generalized_translation,unforced_slide,huber,3,True,True,1.6907541542692561,22,0.125,False,0.002013025648969211
b60eeb3ea82c7cf0fff6ce57,generalized_translation,unforced_slide,cauchy,6,True,True,1.6904933450422799,39,0.125,False,0.0020045428686503493
b60eeb3ea82c7cf0fff6ce57,generalized_translation,unforced_slide,profile_map,25,True,True,-22.968892894088263,180,0.04958037936691148,False,0.006782547798992735
b71aff12df34310094b02fd4,generalized_translation,unforced_slide,huber,2,True,True,0.16881425098519776,9,0.125,False,2.0620600692217764e-10
b71aff12df34310094b02fd4,generalized_translation,unforced_slide,cauchy,3,True,True,0.1687949092761216,14,0.125,False,3.703087792180221e-08
b71aff12df34310094b02fd4,generalized_translation,unforced_slide,profile_map,18,True,True,-29.43048548916614,260,0.025234676450863237,False,0.0001477306805664409
b76ea04f4b3cd96e8bb72abc,generalized_translation,bounce,huber,3,True,True,0.6087065786026391,18,0.125,False,0.002382138834149387
b76ea04f4b3cd96e8bb72abc,generalized_translation,bounce,cauchy,4,True,True,0.6086184807600901,26,0.125,False,0.0023826619091363867
b76ea04f4b3cd96e8bb72abc,generalized_translation,bounce,profile_map,28,True,True,-25.654969435590065,255,0.03943075079675687,False,0.002303240084663111
b76ea04f4b3cd96e8bb72abc,setup_translation,bounce,huber,3,True,True,1.4160150861959917,21,0.125,False,0.0008193536203843774
b76ea04f4b3cd96e8bb72abc,setup_translation,bounce,cauchy,4,True,True,1.4145557091236582,17,0.125,False,0.0008236307583860507
b76ea04f4b3cd96e8bb72abc,setup_translation,bounce,profile_map,24,True,True,-21.209879004725682,123,0.06877867916965082,False,0.0008527578978016498
b79d4ae8f4cd41c1c7b8f28e,generalized_translation,bounce,huber,3,True,True,0.9811087851536182,24,0.125,False,0.001901353185011858
b79d4ae8f4cd41c1c7b8f28e,generalized_translation,bounce,cauchy,4,True,True,0.9811000823389606,24,0.125,False,0.0019011658084798942
b79d4ae8f4cd41c1c7b8f28e,generalized_translation,bounce,profile_map,35,True,True,-30.85091986981881,370,0.018918919084031822,False,0.0024277289886582196
b79d4ae8f4cd41c1c7b8f28e,setup_translation,bounce,huber,3,True,True,1.4244659759125753,26,0.125,False,0.0007578948900479766
b79d4ae8f4cd41c1c7b8f28e,setup_translation,bounce,cauchy,5,True,True,1.4242850821668736,32,0.125,False,0.0007566286721980306
b79d4ae8f4cd41c1c7b8f28e,setup_translation,bounce,profile_map,19,True,True,-23.818827474260164,135,0.04554498645499793,False,0.001063115488966089
b7e8ea68273ed15616c917d2,generalized_translation,multiple_forces,huber,4,True,True,1.3828918562704182,39,0.125,False,8.770432114185406e-05
b7e8ea68273ed15616c917d2,generalized_translation,multiple_forces,cauchy,6,True,True,1.3828192580269363,38,0.125,False,3.187672594352797e-05
b7e8ea68273ed15616c917d2,generalized_translation,multiple_forces,profile_map,45,True,True,-26.616177093667975,635,0.030808471978476186,False,0.11988063984192888
b824876f2af95f6ce03f6ce5,generalized_translation,bounce,huber,3,True,True,0.5123648828358909,17,0.125,False,0.0009261747063579768
b824876f2af95f6ce03f6ce5,generalized_translation,bounce,cauchy,4,True,True,0.5123635579397665,25,0.125,False,0.0009261736426412533
b824876f2af95f6ce03f6ce5,generalized_translation,bounce,profile_map,32,True,True,-34.544976611083726,295,0.01256140988155733,False,0.0010498907073886877
b824876f2af95f6ce03f6ce5,setup_translation,bounce,huber,3,True,True,0.573740896891041,11,0.125,False,0.0006406653252506592
b824876f2af95f6ce03f6ce5,setup_translation,bounce,cauchy,5,True,True,0.5737299655449688,30,0.125,False,0.0006406595669931221
b824876f2af95f6ce03f6ce5,setup_translation,bounce,profile_map,21,True,True,-30.84018457899029,168,0.019960575671325535,False,0.0007263656065925731
b852e90ec746beb7c2340b00,generalized_translation,multiple_forces,huber,3,True,True,0.9145412131295841,26,0.125,False,3.703255316938918e-06
b852e90ec746beb7c2340b00,generalized_translation,multiple_forces,cauchy,5,True,True,0.9142991948338948,32,0.125,False,1.039748666675945e-05
b852e90ec746beb7c2340b00,generalized_translation,multiple_forces,profile_map,35,True,True,-23.963423307819923,290,0.04802706526436087,False,0.005168329115922174
b87542d4b5569e53b6a6bda7,generalized_translation,bounce,huber,3,True,True,0.38229359489900916,17,0.125,False,7.180018439655736e-13
b87542d4b5569e53b6a6bda7,generalized_translation,bounce,cauchy,4,True,True,0.3822795451533286,22,0.125,False,5.581288770080215e-08
b87542d4b5569e53b6a6bda7,generalized_translation,bounce,profile_map,28,True,True,-30.155793780729198,365,0.022341952349209354,False,3.205386028034508e-05
b87542d4b5569e53b6a6bda7,setup_translation,bounce,huber,3,True,True,0.6860529484576978,24,0.125,False,6.177896394068142e-11
b87542d4b5569e53b6a6bda7,setup_translation,bounce,cauchy,4,True,True,0.6859452646815014,16,0.125,False,6.8680196258384e-07
b87542d4b5569e53b6a6bda7,setup_translation,bounce,profile_map,10,True,True,-25.291110867419622,114,0.04103809325309768,False,2.6739910460758268e-05
b89b25576c2a73cafbf8ad7e,generalized_translation,unforced_slide,huber,2,True,True,0.4538795233509335,16,0.125,False,3.2239629230323925e-07
b89b25576c2a73cafbf8ad7e,generalized_translation,unforced_slide,cauchy,4,True,True,0.45383047339615334,28,0.125,False,3.834594244727644e-06
b89b25576c2a73cafbf8ad7e,generalized_translation,unforced_slide,profile_map,22,True,True,-28.47763112781394,188,0.027536739204533964,False,0.00139875685412314
b89c03667468bc0480129df1,generalized_translation,bounce,huber,3,True,True,2.065870819330076,21,0.125,False,1.982225866430116e-10
b89c03667468bc0480129df1,generalized_translation,bounce,cauchy,4,True,True,2.0653136828274037,19,0.125,False,4.390189050109721e-06
b89c03667468bc0480129df1,generalized_translation,bounce,profile_map,27,True,True,-21.58897111332546,390,0.05785943889741728,False,0.00013485428075636724
b89c03667468bc0480129df1,setup_translation,bounce,huber,3,True,True,2.25025572407058,22,0.125,False,2.289335646211327e-11
b89c03667468bc0480129df1,setup_translation,bounce,cauchy,4,True,True,2.24956743204869,16,0.125,False,5.305779001208563e-06
b89c03667468bc0480129df1,setup_translation,bounce,profile_map,9,True,True,-20.799619576978834,117,0.06388762332466705,False,0.00010204774172182859
b8e12e23db0e9ada4bcf9037,generalized_translation,unforced_slide,huber,3,True,True,1.042359570445131,18,0.125,False,0.00015911984018185849
b8e12e23db0e9ada4bcf9037,generalized_translation,unforced_slide,cauchy,4,True,True,1.0422903804306574,27,0.125,False,0.00015876642607993025
b8e12e23db0e9ada4bcf9037,generalized_translation,unforced_slide,profile_map,33,True,True,-26.356195789385144,388,0.033764042081890655,False,0.00012017000497584887
b8e306de9a0b020e8e68458a,generalized_translation,bounce,huber,3,True,True,1.6840352710325937,25,0.125,False,1.5043687785414088e-09
b8e306de9a0b020e8e68458a,generalized_translation,bounce,cauchy,4,True,True,1.6838085771189968,27,0.125,False,6.331335689203677e-07
b8e306de9a0b020e8e68458a,generalized_translation,bounce,profile_map,29,True,True,-23.007360599661755,300,0.049368622458067675,False,0.00010536920358036916
b8e306de9a0b020e8e68458a,setup_translation,bounce,huber,3,True,True,3.1639161371100357,14,0.125,False,1.9570306689069024e-09
b8e306de9a0b020e8e68458a,setup_translation,bounce,cauchy,5,True,True,3.1611481234317056,22,0.125,False,1.5486638980045113e-06
b8e306de9a0b020e8e68458a,setup_translation,bounce,profile_map,22,True,True,-18.148332438558775,150,0.09058765821724166,False,5.051582686646755e-05
b9807d874bad1d086452e06e,generalized_translation,multiple_forces,huber,5,True,True,1.107714614655937,25,0.125,False,6.663797463265779e-05
b9807d874bad1d086452e06e,generalized_translation,multiple_forces,cauchy,4,True,True,1.1075562568426336,34,0.125,False,0.00012033924853469184
b9807d874bad1d086452e06e,generalized_translation,multiple_forces,profile_map,33,True,True,-25.096395853706863,330,0.039503730440282915,False,0.08717140281469632
b998f2a0352f302ab3d84324,generalized_translation,bounce,huber,3,True,True,0.3461426795140534,18,0.125,False,1.7602589340745238e-11
b998f2a0352f302ab3d84324,generalized_translation,bounce,cauchy,4,True,True,0.3461295529670229,24,0.125,False,1.7995487235490745e-07
b998f2a0352f302ab3d84324,generalized_translation,bounce,profile_map,27,True,True,-30.715233762321102,315,0.020885181619421725,False,3.446388128347419e-05
b998f2a0352f302ab3d84324,setup_translation,bounce,huber,3,True,True,0.7024745422469515,18,0.125,False,5.113866545209667e-12
b998f2a0352f302ab3d84324,setup_translation,bounce,cauchy,4,True,True,0.7023415678729583,23,0.125,False,1.1435648335526373e-06
b998f2a0352f302ab3d84324,setup_translation,bounce,profile_map,13,True,True,-24.98450467826061,186,0.042749739205659186,False,2.8205726565011553e-05
b99f4995505d14b4817c5847,generalized_translation,multiple_forces,huber,3,True,True,1.6285363523708372,35,0.125,False,2.003845764419628e-05
b99f4995505d14b4817c5847,generalized_translation,multiple_forces,cauchy,5,True,True,1.6283765110969841,32,0.125,False,4.045948845407403e-05
b99f4995505d14b4817c5847,generalized_translation,multiple_forces,profile_map,42,True,True,-23.850030518034156,375,0.044027672592364696,False,0.010457365247482827
b9b9d8609be159915fa20280,generalized_translation,multiple_forces,huber,4,True,True,0.9533417738955905,28,0.125,False,0.00025627016609011184
b9b9d8609be159915fa20280,generalized_translation,multiple_forces,cauchy,4,True,True,0.9532847180879032,22,0.125,False,0.00025834218487899276
b9b9d8609be159915fa20280,generalized_translation,multiple_forces,profile_map,39,True,True,-26.640401109381646,330,0.032772203198747095,False,0.05864175905975283
b9ce0191a4e05a8d123b9806,generalized_translation,unforced_slide,huber,3,True,True,1.66735547032496,15,0.125,False,0.0005587048922828533
b9ce0191a4e05a8d123b9806,generalized_translation,unforced_slide,cauchy,4,True,True,1.6668939148140156,29,0.125,False,0.0005585521185499714
b9ce0191a4e05a8d123b9806,generalized_translation,unforced_slide,profile_map,27,True,True,-22.681457232561684,208,0.0519629082065408,False,0.00016890102943093493
ba2044481a7cf377089ef141,generalized_translation,bounce,huber,2,True,True,0.49080472213830373,8,0.125,False,1.7671502225223306e-11
ba2044481a7cf377089ef141,generalized_translation,bounce,cauchy,4,True,True,0.4906548725937389,16,0.125,False,6.436696519296396e-07
ba2044481a7cf377089ef141,generalized_translation,bounce,profile_map,21,True,True,-25.07199141262358,190,0.04350974193734952,False,3.4218750599549336e-06
ba2044481a7cf377089ef141,setup_translation,bounce,huber,2,True,True,0.6804406439705427,6,0.125,False,5.905146630053568e-12
ba2044481a7cf377089ef141,setup_translation,bounce,cauchy,4,True,True,0.680133741721274,22,0.125,False,1.5620527787931492e-06
ba2044481a7cf377089ef141,setup_translation,bounce,profile_map,12,True,True,-23.750769523257134,96,0.051323284380809284,False,2.958872304722049e-06
ba25b559d77b80ece09f6d72,generalized_translation,multiple_forces,huber,3,True,True,0.7055147612289859,18,0.125,False,6.530419091908602e-06
ba25b559d77b80ece09f6d72,generalized_translation,multiple_forces,cauchy,5,True,True,0.7054641014117418,45,0.125,False,1.3031336398935437e-05
ba25b559d77b80ece09f6d72,generalized_translation,multiple_forces,profile_map,46,True,True,-27.272488015547765,350,0.03122608843938286,False,0.010761507704472996
ba5b89a8f4974c3d5b8c1ebc,generalized_translation,unforced_slide,huber,2,True,True,0.6193572943096144,8,0.125,False,5.825383062195057e-10
ba5b89a8f4974c3d5b8c1ebc,generalized_translation,unforced_slide,cauchy,4,True,True,0.6191582918589819,24,0.125,False,1.7346703393455166e-06
ba5b89a8f4974c3d5b8c1ebc,generalized_translation,unforced_slide,profile_map,23,True,True,-24.466352553765805,192,0.04659607749919741,False,0.00017792523100072644
ba68c4c7c389a330256836ac,generalized_translation,multiple_forces,huber,3,True,True,0.29896684516679417,21,0.125,False,9.148578748328363e-08
ba68c4c7c389a330256836ac,generalized_translation,multiple_forces,cauchy,5,True,True,0.29895138772085705,34,0.125,False,5.430501028024292e-06
ba68c4c7c389a330256836ac,generalized_translation,multiple_forces,profile_map,40,True,True,-30.410638318360235,390,0.02185204865434216,False,0.004459280388573809
ba945c381016b79494b0edc0,generalized_translation,bounce,huber,3,True,True,1.4445607221515424,18,0.125,False,8.44403271918134e-11
ba945c381016b79494b0edc0,generalized_translation,bounce,cauchy,5,True,True,1.4443921437458331,26,0.125,False,4.7046236131342123e-07
ba945c381016b79494b0edc0,generalized_translation,bounce,profile_map,29,True,True,-23.381705250770665,335,0.04839588351577232,False,9.326150214245415e-05
ba945c381016b79494b0edc0,setup_translation,bounce,huber,3,True,True,1.5441460405770597,20,0.125,False,6.406367085715213e-12
ba945c381016b79494b0edc0,setup_translation,bounce,cauchy,4,True,True,1.5439403492053905,21,0.125,False,1.0658620286883103e-06
ba945c381016b79494b0edc0,setup_translation,bounce,profile_map,15,True,True,-22.77676280347075,147,0.05218413301688436,False,7.544763388618421e-05
bacfff0da71a31ef3130a84c,generalized_translation,bounce,huber,3,True,True,0.8266044534464998,27,0.125,False,0.0012774929851080523
bacfff0da71a31ef3130a84c,generalized_translation,bounce,cauchy,4,True,True,0.8264839005901217,25,0.125,False,0.0012769894792950091
bacfff0da71a31ef3130a84c,generalized_translation,bounce,profile_map,26,True,True,-25.52190782792378,245,0.03896949792664511,False,0.0014272782817892897
bacfff0da71a31ef3130a84c,setup_translation,bounce,huber,4,True,True,1.7023925770074855,32,0.125,False,0.0008430065087730776
bacfff0da71a31ef3130a84c,setup_translation,bounce,cauchy,5,True,True,1.7016826195676813,31,0.125,False,0.0008480359640290276
bacfff0da71a31ef3130a84c,setup_translation,bounce,profile_map,9,True,True,-20.820835447066134,120,0.0700667633615004,False,0.0007819362142982018
bae018e68a0dfd11d3b6f219,generalized_translation,multiple_forces,huber,3,True,True,0.8350496951024187,23,0.125,False,0.0006264986950458392
bae018e68a0dfd11d3b6f219,generalized_translation,multiple_forces,cauchy,4,True,True,0.8350137504520947,34,0.125,False,0.0006468063789375797
bae018e68a0dfd11d3b6f219,generalized_translation,multiple_forces,profile_map,39,True,True,-27.31854519563542,350,0.030330885968471808,False,0.08677904034916718
baf5ade9a59daf6190ce673f,generalized_translation,bounce,huber,3,True,True,0.4414408753738308,19,0.125,False,0.0006759578789400803
baf5ade9a59daf6190ce673f,generalized_translation,bounce,cauchy,4,True,True,0.4413532834853212,27,0.125,False,0.0006755323879955703
baf5ade9a59daf6190ce673f,generalized_translation,bounce,profile_map,27,True,True,-26.431075289424502,270,0.036261900327936386,False,0.0007049686749977841
baf5ade9a59daf6190ce673f,setup_translation,bounce,huber,3,True,True,0.4528770884357314,14,0.125,False,0.0005749040765913567
baf5ade9a59daf6190ce673f,setup_translation,bounce,cauchy,4,True,True,0.452762353106348,19,0.125,False,0.0005741912580355853
baf5ade9a59daf6190ce673f,setup_translation,bounce,profile_map,17,True,True,-26.29898543255253,126,0.03686492248380742,False,0.000601499319887404
bb0ddf441f12092cf54bc285,generalized_translation,multiple_forces,huber,6,True,True,1.203750459341204,33,0.125,False,0.0002974802388285678
bb0ddf441f12092cf54bc285,generalized_translation,multiple_forces,cauchy,5,True,True,1.203538652415346,32,0.125,False,0.00030169064274928784
bb0ddf441f12092cf54bc285,generalized_translation,multiple_forces,profile_map,39,True,True,-23.837650941440707,390,0.046866633421010835,False,0.014276902264865417
bb24eeb3610ba1d1ef714f1c,generalized_translation,bounce,huber,3,True,True,0.5371001120259999,14,0.125,False,2.8616618334776255e-12
bb24eeb3610ba1d1ef714f1c,generalized_translation,bounce,cauchy,4,True,True,0.5369448204792238,20,0.125,False,9.331569852197132e-07
bb24eeb3610ba1d1ef714f1c,generalized_translation,bounce,profile_map,26,True,True,-25.103270098056267,230,0.0430330204913061,False,8.749048558813638e-06
bb24eeb3610ba1d1ef714f1c,setup_translation,bounce,huber,3,True,True,0.9811309687163625,9,0.125,False,3.503084175464197e-11
bb24eeb3610ba1d1ef714f1c,setup_translation,bounce,cauchy,4,True,True,0.9807910545153337,15,0.125,False,1.3210110548370092e-06
bb24eeb3610ba1d1ef714f1c,setup_translation,bounce,profile_map,10,True,True,-22.458724791647896,132,0.059893236117617106,False,7.1315444861646785e-06
bb27221772a9bbec3b3a06ae,generalized_translation,unforced_slide,huber,3,True,True,2.3328193344619255,28,0.125,False,0.003872435086651969
bb27221772a9bbec3b3a06ae,generalized_translation,unforced_slide,cauchy,7,True,True,2.332528435107994,30,0.125,False,0.003864284568049556
bb27221772a9bbec3b3a06ae,generalized_translation,unforced_slide,profile_map,22,True,True,-21.920863609640904,176,0.052661998791466984,False,0.013501826696237083
bc05a56a64ab5851907db1fe,generalized_translation,multiple_forces,huber,2,True,True,0.40694888352283076,14,0.125,False,2.6703177530594286e-07
bc05a56a64ab5851907db1fe,generalized_translation,multiple_forces,cauchy,4,True,True,0.40688047216008505,30,0.125,False,8.72768878385906e-06
bc05a56a64ab5851907db1fe,generalized_translation,multiple_forces,profile_map,47,True,True,-26.584330700079175,575,0.03567463285674224,False,0.008277342721489363
bc1c605bef8273e4186defbb,generalized_translation,unforced_slide,huber,3,True,True,0.9896374631659616,21,0.125,False,2.7209906228622345e-08
bc1c605bef8273e4186defbb,generalized_translation,unforced_slide,cauchy,4,True,True,0.9892566809678094,35,0.125,False,3.1155665950017e-06
bc1c605bef8273e4186defbb,generalized_translation,unforced_slide,profile_map,19,True,True,-23.12442160939505,220,0.053855044662168484,False,0.0003781104690647229
bc2a6ad6342d24f565c51638,generalized_translation,unforced_slide,huber,2,True,True,1.0082302651974822,13,0.125,False,5.033862684662081e-09
bc2a6ad6342d24f565c51638,generalized_translation,unforced_slide,cauchy,4,True,True,1.0072046095690463,23,0.125,False,1.2903547622060815e-05
bc2a6ad6342d24f565c51638,generalized_translation,unforced_slide,profile_map,20,True,True,-22.31549730075687,212,0.06103881403679776,False,0.0001882908739215213
bc861f5fdd109bd4e7aa9ec3,generalized_translation,bounce,huber,3,True,True,103.27375882116864,15,0.125,False,0.2503791213665138
bc861f5fdd109bd4e7aa9ec3,generalized_translation,bounce,cauchy,14,True,True,92.87364159977535,59,0.125,False,0.2566004317328608
bc861f5fdd109bd4e7aa9ec3,generalized_translation,bounce,profile_map,34,True,True,-33.01118911152571,560,0.014555465982778189,False,0.0015204006596844176
bc861f5fdd109bd4e7aa9ec3,setup_translation,bounce,huber,3,True,True,1.333204269632362,12,0.125,False,0.0012195836632503203
bc861f5fdd109bd4e7aa9ec3,setup_translation,bounce,cauchy,4,True,True,1.3330435055230012,22,0.125,False,0.0012211166792977237
bc861f5fdd109bd4e7aa9ec3,setup_translation,bounce,profile_map,10,True,True,-23.996872398023783,120,0.044979819040694737,False,0.0015601908920024733
bcbbe6b496a9102de63c65c7,generalized_translation,bounce,huber,3,True,True,6.562667534318626,16,0.125,False,8.017890067663108e-11
bcbbe6b496a9102de63c65c7,generalized_translation,bounce,cauchy,6,True,True,6.513761862243398,23,0.125,False,6.840171072365464e-05
bcbbe6b496a9102de63c65c7,generalized_translation,bounce,profile_map,22,True,True,-31.26831779168222,315,0.01993351008770247,False,0.03546966274800906
bcbbe6b496a9102de63c65c7,setup_translation,bounce,huber,3,True,True,0.4044286742995785,19,0.125,False,1.7983272249954179e-10
bcbbe6b496a9102de63c65c7,setup_translation,bounce,cauchy,4,True,True,0.4043587442573253,17,0.125,False,1.5926274169691528e-07
bcbbe6b496a9102de63c65c7,setup_translation,bounce,profile_map,13,True,True,-26.324390742112854,123,0.036981460323592195,False,1.3111293619807096e-05
bcbcb51d3227697db272e7cd,generalized_translation,unforced_slide,huber,3,True,True,0.18528459983892437,21,0.125,False,1.1447749032520128e-07
bcbcb51d3227697db272e7cd,generalized_translation,unforced_slide,cauchy,4,True,True,0.18528347884867388,19,0.125,False,3.0148557562360876e-07
bcbcb51d3227697db272e7cd,generalized_translation,unforced_slide,profile_map,25,True,True,-34.84147734337971,204,0.012609645628342683,False,0.0010828658761954544
bd09e0fade0ff678f433287c,generalized_translation,multiple_forces,huber,6,True,True,2.097036248378738,43,0.125,False,1.988531477792626e-06
bd09e0fade0ff678f433287c,generalized_translation,multiple_forces,cauchy,5,True,True,2.095742986929609,36,0.125,False,6.679346805306246e-05
bd09e0fade0ff678f433287c,generalized_translation,multiple_forces,profile_map,44,True,True,-20.442372915162483,390,0.0698588743295191,False,0.0018239694824321118
bd3dec1f6ef3a3cd067c6621,generalized_translation,multiple_forces,huber,3,True,True,0.46084628454659116,20,0.125,False,1.7901976890559995e-06
bd3dec1f6ef3a3cd067c6621,generalized_translation,multiple_forces,cauchy,4,True,True,0.4608359079520568,37,0.125,False,1.6850598674750105e-06
bd3dec1f6ef3a3cd067c6621,generalized_translation,multiple_forces,profile_map,44,True,True,-30.6444305141785,400,0.020766849113418927,False,0.004563441310535185
bd9bc33371b2a5d68532d515,generalized_translation,bounce,huber,3,True,True,2.510255068003925,16,0.125,False,8.912709445347036e-08
bd9bc33371b2a5d68532d515,generalized_translation,bounce,cauchy,4,True,True,2.5102214423085574,22,0.125,False,1.5785997292237763e-07
bd9bc33371b2a5d68532d515,generalized_translation,bounce,profile_map,30,True,True,-25.501606353685695,335,0.03109868808202719,False,0.00044122217659072946
bd9bc33371b2a5d68532d515,setup_translation,bounce,huber,3,True,True,2.787934875920737,15,0.125,False,1.7248268818340637e-11
bd9bc33371b2a5d68532d515,setup_translation,bounce,cauchy,5,True,True,2.7877098097116573,22,0.125,False,8.702092481441009e-07
bd9bc33371b2a5d68532d515,setup_translation,bounce,profile_map,18,True,True,-22.444231715141704,144,0.04561742993562807,False,0.0003038174902188581
bdb060b4f2b51c3ce9c2e7ba,generalized_translation,bounce,huber,3,True,True,2.7955010760836903,17,0.125,False,7.223869051906514e-08
bdb060b4f2b51c3ce9c2e7ba,generalized_translation,bounce,cauchy,4,True,True,2.795496438392642,26,0.125,False,1.8640623136264998e-07
bdb060b4f2b51c3ce9c2e7ba,generalized_translation,bounce,profile_map,36,True,True,-29.165581927326706,405,0.018608490811451706,False,0.0005816365556686486
bdb060b4f2b51c3ce9c2e7ba,setup_translation,bounce,huber,3,True,True,3.6103107699328083,12,0.125,False,2.906603604086211e-10
bdb060b4f2b51c3ce9c2e7ba,setup_translation,bounce,cauchy,4,True,True,3.6098239239572045,14,0.125,False,2.7875089370330323e-06
bdb060b4f2b51c3ce9c2e7ba,setup_translation,bounce,profile_map,10,True,True,-19.92370093742579,93,0.05898616754465191,False,0.0003583541061813883
bdda3a5fb602ccb987233cc6,generalized_translation,bounce,huber,2,True,True,0.08130324820720479,7,0.125,False,4.254781139045674e-12
bdda3a5fb602ccb987233cc6,generalized_translation,bounce,cauchy,3,True,True,0.08129906547008053,13,0.125,False,2.7788055737398152e-09
bdda3a5fb602ccb987233cc6,generalized_translation,bounce,profile_map,24,True,True,-32.59499552176066,255,0.016987059064974067,False,4.726787277394866e-06
bdda3a5fb602ccb987233cc6,setup_translation,bounce,huber,3,True,True,0.351729664132871,17,0.125,False,4.082553835063759e-12
bdda3a5fb602ccb987233cc6,setup_translation,bounce,cauchy,4,True,True,0.35165998762515754,21,0.125,False,1.473951643861088e-07
bdda3a5fb602ccb987233cc6,setup_translation,bounce,profile_map,12,True,True,-26.438363914809187,123,0.036672592664948656,False,4.1331006920444386e-06
be217c068c81fc7ddeaf7dc6,generalized_translation,bounce,huber,3,True,True,0.455492981917321,15,0.125,False,2.390204137978834e-09
be217c068c81fc7ddeaf7dc6,generalized_translation,bounce,cauchy,4,True,True,0.45539213133651973,25,0.125,False,5.251998339754235e-07
be217c068c81fc7ddeaf7dc6,generalized_translation,bounce,profile_map,24,True,True,-26.28501280344761,315,0.03692229338535057,False,2.7164781062125614e-05
be217c068c81fc7ddeaf7dc6,setup_translation,bounce,huber,3,True,True,1.477414627337111,21,0.125,False,1.2855479447441117e-09
be217c068c81fc7ddeaf7dc6,setup_translation,bounce,cauchy,4,True,True,1.4762219195113464,18,0.125,False,3.4773171181409223e-06
be217c068c81fc7ddeaf7dc6,setup_translation,bounce,profile_map,6,True,True,-20.812786013191573,78,0.07317194714411766,False,1.953418522732991e-05
be790ba239927942d467fba6,generalized_translation,unforced_slide,huber,3,True,True,0.455605895193003,18,0.125,False,4.068449021753898e-10
be790ba239927942d467fba6,generalized_translation,unforced_slide,cauchy,4,True,True,0.45548681726563633,26,0.125,False,1.2103345731961367e-06
be790ba239927942d467fba6,generalized_translation,unforced_slide,profile_map,21,True,True,-25.40005808647364,172,0.04174413345681942,False,8.941337824834895e-05
be9c7c3ed10ee06b2e0aa3a2,generalized_translation,unforced_slide,huber,3,True,True,1.0295504277591636,14,0.125,False,0.0001428198093237811
be9c7c3ed10ee06b2e0aa3a2,generalized_translation,unforced_slide,cauchy,4,True,True,1.029488871162474,22,0.125,False,0.00014401430589002054
be9c7c3ed10ee06b2e0aa3a2,generalized_translation,unforced_slide,profile_map,28,True,True,-25.894414848504763,276,0.03600772513429995,False,9.260313459894754e-05
bea3aad8dc65327a2b7946af,generalized_translation,multiple_forces,huber,3,True,True,1.0828729878285754,27,0.125,False,0.00020263226750023941
bea3aad8dc65327a2b7946af,generalized_translation,multiple_forces,cauchy,6,True,True,1.0827743461641541,34,0.125,False,0.00020198094529838047
bea3aad8dc65327a2b7946af,generalized_translation,multiple_forces,profile_map,42,True,True,-25.61782231716468,370,0.03704855475399882,False,0.03570040820543181
bef4a4d995d87b9ba8af25d7,generalized_translation,multiple_forces,huber,3,True,True,1.0402735540049894,22,0.125,False,1.362931330850577e-06
bef4a4d995d87b9ba8af25d7,generalized_translation,multiple_forces,cauchy,5,True,True,1.0396691492664125,30,0.125,False,0.00010425992137233848
bef4a4d995d87b9ba8af25d7,generalized_translation,multiple_forces,profile_map,38,True,True,-23.109781604998005,345,0.05354577075357279,False,0.010075176923767389
bf08cbc4ad00bbfb059e6b45,generalized_translation,bounce,huber,2,True,True,0.390329750427681,6,0.125,False,2.7817798139169735e-11
bf08cbc4ad00bbfb059e6b45,generalized_translation,bounce,cauchy,4,True,True,0.3901483866871544,21,0.125,False,3.103782495186101e-07
bf08cbc4ad00bbfb059e6b45,generalized_translation,bounce,profile_map,17,True,True,-25.946107471482875,225,0.03903505817466368,False,7.111574582541231e-07
bf08cbc4ad00bbfb059e6b45,setup_translation,bounce,huber,2,True,True,0.5940786559750606,10,0.125,False,1.0371529329811805e-12
bf08cbc4ad00bbfb059e6b45,setup_translation,bounce,cauchy,4,True,True,0.5937734771130986,14,0.125,False,7.917993542074783e-07
bf08cbc4ad00bbfb059e6b45,setup_translation,bounce,profile_map,6,True,True,-24.265208506405664,90,0.048162031581069166,False,6.255589906830293e-07
bf4a89d30f37abf90994e676,generalized_translation,multiple_forces,huber,4,True,True,0.7188754354931793,25,0.125,False,2.84191465376811e-06
bf4a89d30f37abf90994e676,generalized_translation,multiple_forces,cauchy,6,True,True,0.718843691980854,39,0.125,False,1.4545631953504115e-05
bf4a89d30f37abf90994e676,generalized_translation,multiple_forces,profile_map,29,True,True,-29.52371285421437,255,0.02309559787679784,False,0.07253194613886804
bf89cc9c5c0d76fc9e534b2f,generalized_translation,unforced_slide,huber,3,True,True,0.19766300233075976,24,0.125,False,3.186553391753962e-09
bf89cc9c5c0d76fc9e534b2f,generalized_translation,unforced_slide,cauchy,4,True,True,0.19765275669630009,21,0.125,False,7.34902821582521e-07
bf89cc9c5c0d76fc9e534b2f,generalized_translation,unforced_slide,profile_map,28,True,True,-30.94719498742624,216,0.020661883597578416,False,0.0007276231184693741
bfaccc5add472ecb5046e78d,generalized_translation,unforced_slide,huber,3,True,True,1.236265320431611,18,0.125,False,6.522931881879312e-07
bfaccc5add472ecb5046e78d,generalized_translation,unforced_slide,cauchy,6,True,True,1.235534091028382,31,0.125,False,1.7620649690542095e-05
bfaccc5add472ecb5046e78d,generalized_translation,unforced_slide,profile_map,20,True,True,-22.13076931185141,148,0.06060279515306693,False,0.001662748172473437
c009c0244841e370c0fdfc83,generalized_translation,unforced_slide,huber,2,True,True,0.5923960339232925,12,0.125,False,9.079959110021491e-10
c009c0244841e370c0fdfc83,generalized_translation,unforced_slide,cauchy,4,True,True,0.5921971992278301,19,0.125,False,1.6139162229238098e-06
c009c0244841e370c0fdfc83,generalized_translation,unforced_slide,profile_map,22,True,True,-24.49332889193342,184,0.04659606313561436,False,0.00012315453101216967
c067b94b796ec172f6aaad3c,generalized_translation,bounce,huber,3,True,True,0.3989704186888241,22,0.125,False,4.4338572979825397e-10
c067b94b796ec172f6aaad3c,generalized_translation,bounce,cauchy,4,True,True,0.39886849577746425,22,0.125,False,7.327777278600964e-07
c067b94b796ec172f6aaad3c,generalized_translation,bounce,profile_map,25,True,True,-26.726862289874973,290,0.03503335203496926,False,1.7307654584300127e-05
c067b94b796ec172f6aaad3c,setup_translation,bounce,huber,3,True,True,1.0012585224644006,9,0.125,False,2.7573355226913138e-11
c067b94b796ec172f6aaad3c,setup_translation,bounce,cauchy,4,True,True,1.000750927748755,19,0.125,False,1.1549914022990449e-06
c067b94b796ec172f6aaad3c,setup_translation,bounce,profile_map,8,True,True,-22.445664643857324,48,0.05982460916592919,False,1.334427376280687e-05
c0840ddacba5ddfe90349937,generalized_translation,bounce,huber,3,True,True,0.5412302685312028,16,0.125,False,0.0025519841669169284
c0840ddacba5ddfe90349937,generalized_translation,bounce,cauchy,4,True,True,0.5411872745325583,29,0.125,False,0.0025525623159769143
c0840ddacba5ddfe90349937,generalized_translation,bounce,profile_map,30,True,True,-27.788640680246914,270,0.029813441793722206,False,0.0026585839747901925
c0840ddacba5ddfe90349937,setup_translation,bounce,huber,3,True,True,0.7674112679057505,17,0.125,False,0.0010334691053735627
c0840ddacba5ddfe90349937,setup_translation,bounce,cauchy,5,True,True,0.7673087581817686,43,0.125,False,0.001034241602995502
c0840ddacba5ddfe90349937,setup_translation,bounce,profile_map,14,True,True,-25.048862933229024,159,0.04197618640323319,False,0.0010912020512938373
c084178010b8d0ccc4a5fc11,generalized_translation,unforced_slide,huber,3,True,True,0.30678831207257196,22,0.125,False,1.5782125872805362e-07
c084178010b8d0ccc4a5fc11,generalized_translation,unforced_slide,cauchy,4,True,True,0.3067765090065546,20,0.125,False,9.291336565516514e-07
c084178010b8d0ccc4a5fc11,generalized_translation,unforced_slide,profile_map,22,True,True,-29.966949319349833,176,0.023117540459825444,False,0.0013576708542021683
c08955aca663113d91bd6bc1,generalized_translation,bounce,huber,3,True,True,2.7955010760836903,17,0.125,False,7.223869051906514e-08
c08955aca663113d91bd6bc1,generalized_translation,bounce,cauchy,4,True,True,2.795496438392642,26,0.125,False,1.8640623136264998e-07
c08955aca663113d91bd6bc1,generalized_translation,bounce,profile_map,36,True,True,-29.165581927326706,405,0.018608490811451706,False,0.0005816365556686486
c08955aca663113d91bd6bc1,setup_translation,bounce,huber,3,True,True,3.6103107699328083,12,0.125,False,2.906603604086211e-10
c08955aca663113d91bd6bc1,setup_translation,bounce,cauchy,4,True,True,3.6098239239572045,14,0.125,False,2.7875089370330323e-06
c08955aca663113d91bd6bc1,setup_translation,bounce,profile_map,10,True,True,-19.92370093742579,93,0.05898616754465191,False,0.0003583541061813883
c0aebe103383b4690cd681f3,generalized_translation,bounce,huber,3,True,True,0.5957207747564095,13,0.125,False,6.809208547740714e-10
c0aebe103383b4690cd681f3,generalized_translation,bounce,cauchy,4,True,True,0.5956556784700149,23,0.125,False,1.4650307967801577e-07
c0aebe103383b4690cd681f3,generalized_translation,bounce,profile_map,29,True,True,-27.205536937901332,345,0.03198728089923932,False,3.492723468996087e-05
c0aebe103383b4690cd681f3,setup_translation,bounce,huber,3,True,True,0.7731705730016623,12,0.125,False,1.5722037942192104e-11
c0aebe103383b4690cd681f3,setup_translation,bounce,cauchy,4,True,True,0.7729862547669637,17,0.125,False,4.3340066346844027e-07
c0aebe103383b4690cd681f3,setup_translation,bounce,profile_map,19,True,True,-25.13128807366605,117,0.041458756803472864,False,2.9461925723042633e-05
c0b7c7e4c228cad8c179f0c3,generalized_translation,unforced_slide,huber,2,True,True,0.3643744453151132,9,0.125,False,1.2710339397680655e-09
c0b7c7e4c228cad8c179f0c3,generalized_translation,unforced_slide,cauchy,3,True,True,0.3643077289364513,9,0.125,False,1.8439612054797574e-06
c0b7c7e4c228cad8c179f0c3,generalized_translation,unforced_slide,profile_map,14,True,True,-26.219469738535008,124,0.03772472471955008,False,7.257994754342004e-06
c1091847e78144dfd17c733c,generalized_translation,multiple_forces,huber,3,True,True,1.3164234770254888,33,0.125,False,0.0021868769143147046
c1091847e78144dfd17c733c,generalized_translation,multiple_forces,cauchy,6,True,True,1.3163619335222398,41,0.125,False,0.0022463855613737284
c1091847e78144dfd17c733c,generalized_translation,multiple_forces,profile_map,51,True,True,-26.809994998621544,425,0.030001422044813996,False,0.20793066207428923
c1291a2b983c25798e39a658,generalized_translation,multiple_forces,huber,3,True,True,1.6934760293827686,29,0.125,False,6.187341421978165e-05
c1291a2b983c25798e39a658,generalized_translation,multiple_forces,cauchy,7,True,True,1.6931162300778226,49,0.125,False,0.00012696760648856398
c1291a2b983c25798e39a658,generalized_translation,multiple_forces,profile_map,42,True,True,-22.629684898376887,370,0.05174602382487815,False,0.10352038890225584
c12b98bcf2b04c374aab60b6,generalized_translation,bounce,huber,3,True,True,0.04278581323985177,14,0.125,False,1.3740452571107871e-11
c12b98bcf2b04c374aab60b6,generalized_translation,bounce,cauchy,3,True,True,0.0427851518716505,14,0.125,False,9.577185050617306e-09
c12b98bcf2b04c374aab60b6,generalized_translation,bounce,profile_map,29,True,True,-36.12661757371169,280,0.010917796375851944,False,4.8648978424588464e-06
c12b98bcf2b04c374aab60b6,setup_translation,bounce,huber,3,True,True,0.4948382828254752,11,0.125,False,1.4506273833848355e-11
c12b98bcf2b04c374aab60b6,setup_translation,bounce,cauchy,4,True,True,0.4946833739518772,12,0.125,False,2.884486916425688e-07
c12b98bcf2b04c374aab60b6,setup_translation,bounce,profile_map,14,True,True,-25.081768077136548,102,0.04342438357686455,False,3.955453128954702e-06
c1683974f341f76f4e9d9211,generalized_translation,unforced_slide,huber,3,True,True,1.4193475274305938,15,0.125,False,0.0016518824174955185
c1683974f341f76f4e9d9211,generalized_translation,unforced_slide,cauchy,5,True,True,1.4193137606425683,31,0.125,False,0.0016487368955333498
c1683974f341f76f4e9d9211,generalized_translation,unforced_slide,profile_map,25,True,True,-26.232685299297287,192,0.032602265464459726,False,0.01159523456454585
c16da20a679138a0adb0b5c7,generalized_translation,multiple_forces,huber,3,True,True,1.7106638244646653,22,0.125,False,0.21842132974483236
c16da20a679138a0adb0b5c7,generalized_translation,multiple_forces,cauchy,4,True,True,1.7105752310751638,30,0.125,False,0.21841466230007694
c16da20a679138a0adb0b5c7,generalized_translation,multiple_forces,profile_map,40,True,True,-26.269845876480726,390,0.031196541468728585,False,0.22898855627024223
c1c2cb21ce3d1e7735b352f9,generalized_translation,bounce,huber,3,True,True,1.7083350258882266,13,0.125,False,2.955993266596188e-11
c1c2cb21ce3d1e7735b352f9,generalized_translation,bounce,cauchy,4,True,True,1.7080944312933997,18,0.125,False,1.9330085106933378e-07
c1c2cb21ce3d1e7735b352f9,generalized_translation,bounce,profile_map,30,True,True,-22.760075298990714,330,0.05103685015570198,False,0.00011148560766593465
c1c2cb21ce3d1e7735b352f9,setup_translation,bounce,huber,3,True,True,1.8826470768702195,14,0.125,False,1.5744994875114346e-11
c1c2cb21ce3d1e7735b352f9,setup_translation,bounce,cauchy,4,True,True,1.8822759082832943,21,0.125,False,1.7007768645832186e-06
c1c2cb21ce3d1e7735b352f9,setup_translation,bounce,profile_map,10,True,True,-21.843525256563556,105,0.05720886596094806,False,8.661643331533061e-05
c1d7fc5b47ef4a7f8cc14232,generalized_translation,multiple_forces,huber,4,True,True,0.9759515263943646,23,0.125,False,2.1333504288006087e-06
c1d7fc5b47ef4a7f8cc14232,generalized_translation,multiple_forces,cauchy,5,True,True,0.9759357076966106,32,0.125,False,2.0975453134001644e-06
c1d7fc5b47ef4a7f8cc14232,generalized_translation,multiple_forces,profile_map,41,True,True,-28.992275424512005,490,0.024043462912228326,False,0.016342177778251112
c1ebb1166720236a6d7983d6,generalized_translation,unforced_slide,huber,3,True,True,0.5856021962521659,15,0.125,False,7.60549380797817e-09
c1ebb1166720236a6d7983d6,generalized_translation,unforced_slide,cauchy,4,True,True,0.5854822582787689,17,0.125,False,1.3531075461359599e-06
c1ebb1166720236a6d7983d6,generalized_translation,unforced_slide,profile_map,22,True,True,-25.241028939838518,276,0.04191484067878809,False,0.00019923436579277385
c2016d8e7fc275e8e1572785,generalized_translation,multiple_forces,huber,3,True,True,1.5762791268482563,32,0.125,False,0.0001552416487745971
c2016d8e7fc275e8e1572785,generalized_translation,multiple_forces,cauchy,8,True,True,1.5756478130231528,45,0.125,False,0.00021515339627059117
c2016d8e7fc275e8e1572785,generalized_translation,multiple_forces,profile_map,36,True,True,-22.41886218770365,405,0.05442453154107631,False,0.109252462724839
c2519ebe9e8c5d79109976ae,generalized_translation,unforced_slide,huber,4,True,True,2.740292449295397,17,0.125,False,0.0015520994930994288
c2519ebe9e8c5d79109976ae,generalized_translation,unforced_slide,cauchy,4,True,True,2.7386500384630166,18,0.125,False,0.0015508451629077948
c2519ebe9e8c5d79109976ae,generalized_translation,unforced_slide,profile_map,23,True,True,-19.001568345736615,148,0.08174457537163696,False,0.006465070192717903
c260dcb9eb3a7c1b528fcd5b,generalized_translation,bounce,huber,3,True,True,0.18831357349653013,13,0.125,False,6.1485250659637896e-12
c260dcb9eb3a7c1b528fcd5b,generalized_translation,bounce,cauchy,4,True,True,0.18830843012298587,23,0.125,False,5.282750269763617e-09
c260dcb9eb3a7c1b528fcd5b,generalized_translation,bounce,profile_map,24,True,True,-31.11028114199381,250,0.020258272665176765,False,1.712212501055122e-05
c260dcb9eb3a7c1b528fcd5b,setup_translation,bounce,huber,3,True,True,0.7827552815051475,12,0.125,False,1.8559262800142963e-11
c260dcb9eb3a7c1b528fcd5b,setup_translation,bounce,cauchy,4,True,True,0.7823662776786797,20,0.125,False,1.2539001510517126e-06
c260dcb9eb3a7c1b528fcd5b,setup_translation,bounce,profile_map,11,True,True,-23.528540345309313,114,0.05226045748223285,False,1.3474025801115401e-05
c28cafde986b03eda456507e,generalized_translation,multiple_forces,huber,4,True,True,0.6931126931859141,23,0.125,False,6.536853819846857e-06
c28cafde986b03eda456507e,generalized_translation,multiple_forces,cauchy,4,True,True,0.6931090778649739,27,0.125,False,5.586315495820281e-06
c28cafde986b03eda456507e,generalized_translation,multiple_forces,profile_map,42,True,True,-32.360917336399055,335,0.01618189945334775,False,0.022706187015680626
c2cde6f1bc7924469e7e40bc,generalized_translation,bounce,huber,3,True,True,0.10735928816383797,14,0.125,False,1.2283937501792812e-11
c2cde6f1bc7924469e7e40bc,generalized_translation,bounce,cauchy,4,True,True,0.10735458745767162,22,0.125,False,9.690498742108309e-09
c2cde6f1bc7924469e7e40bc,generalized_translation,bounce,profile_map,17,True,True,-17.915279094275732,205,0.10628005354692693,False,0.01638617679155915
c2cde6f1bc7924469e7e40bc,setup_translation,bounce,huber,3,True,True,0.1503801055265154,12,0.125,False,2.8685509569947836e-11
c2cde6f1bc7924469e7e40bc,setup_translation,bounce,cauchy,4,True,True,0.15036959103355885,23,0.125,False,2.3274690966410415e-08
c2cde6f1bc7924469e7e40bc,setup_translation,bounce,profile_map,10,True,True,-30.167412933981318,99,0.02298726493268876,False,4.250162758108625e-06
c2d464bee53a131ee08e5ee0,generalized_translation,unforced_slide,huber,3,True,True,0.4070013837398066,18,0.125,False,2.361863815691649e-08
c2d464bee53a131ee08e5ee0,generalized_translation,unforced_slide,cauchy,4,True,True,0.4069746214835971,20,0.125,False,1.0997662135920944e-06
c2d464bee53a131ee08e5ee0,generalized_translation,unforced_slide,profile_map,25,True,True,-28.879273404686433,388,0.026286748180742347,False,0.0004386608096629793
c2ebcd5ab4bdd2d8d5292dfb,generalized_translation,unforced_slide,huber,3,True,True,1.0752348129994724,23,0.125,False,0.001080378394328219
c2ebcd5ab4bdd2d8d5292dfb,generalized_translation,unforced_slide,cauchy,5,True,True,1.0752264482309248,23,0.125,False,0.001079353402845357
c2ebcd5ab4bdd2d8d5292dfb,generalized_translation,unforced_slide,profile_map,28,True,True,-29.71104012543533,200,0.02162299927685783,False,0.009093845399674545
c3646d45d8f35114ab696129,generalized_translation,multiple_forces,huber,2,True,True,0.585877558450216,19,0.125,False,1.3821690173293199e-06
c3646d45d8f35114ab696129,generalized_translation,multiple_forces,cauchy,6,True,True,0.5857891307345833,25,0.125,False,1.4903228703379112e-05
c3646d45d8f35114ab696129,generalized_translation,multiple_forces,profile_map,34,True,True,-26.785170353065794,270,0.03386664850391303,False,0.014570348356346081
c3ce9b038029e0b9df052397,generalized_translation,multiple_forces,huber,4,True,True,0.6687732425966109,27,0.125,False,0.000283895986101929
c3ce9b038029e0b9df052397,generalized_translation,multiple_forces,cauchy,6,True,True,0.6687369068252409,30,0.125,False,0.0002884410313251608
c3ce9b038029e0b9df052397,generalized_translation,multiple_forces,profile_map,31,True,True,-27.891430877334415,340,0.02881508849818352,False,0.0578287790795447
c45ecd2f1c75c4d7a208ebea,generalized_translation,multiple_forces,huber,5,True,True,1.4001246138616465,30,0.125,False,9.110289594213227e-08
c45ecd2f1c75c4d7a208ebea,generalized_translation,multiple_forces,cauchy,5,True,True,1.3990122047235,29,0.125,False,0.00016055849271450563
c45ecd2f1c75c4d7a208ebea,generalized_translation,multiple_forces,profile_map,34,True,True,-21.04341055199547,320,0.07109679299282694,False,0.0036263836654221635
c4e233189babc308dc653761,generalized_translation,unforced_slide,huber,3,True,True,1.372121796482214,15,0.125,False,0.0016804113651413758
c4e233189babc308dc653761,generalized_translation,unforced_slide,cauchy,4,True,True,1.3720983676021192,19,0.125,False,0.0016820906255991068
c4e233189babc308dc653761,generalized_translation,unforced_slide,profile_map,25,True,True,-28.876669333120443,228,0.02317811799001919,False,0.00839235927671171
c53581ac11c35dd2a3e3e85f,generalized_translation,unforced_slide,huber,3,True,True,1.4265419964803274,29,0.125,False,0.0012499406234568549
c53581ac11c35dd2a3e3e85f,generalized_translation,unforced_slide,cauchy,4,True,True,1.4264883433276265,19,0.125,False,0.0012444932812551315
c53581ac11c35dd2a3e3e85f,generalized_translation,unforced_slide,profile_map,25,True,True,-26.176393127331494,184,0.032825178497207064,False,0.008833023843346584
c536fb9f335ac93ecf7c00a1,generalized_translation,unforced_slide,huber,2,True,True,0.8176109639659223,14,0.125,False,2.3059207902696917e-09
c536fb9f335ac93ecf7c00a1,generalized_translation,unforced_slide,cauchy,4,True,True,0.8172916279090424,21,0.125,False,4.841452174865158e-06
c536fb9f335ac93ecf7c00a1,generalized_translation,unforced_slide,profile_map,23,True,True,-23.464529253771122,204,0.05249082245210582,False,0.0007606779208230474
c57d7af2953a908950091e33,generalized_translation,multiple_forces,huber,2,True,True,0.5959599638909099,17,0.125,False,4.240368632613822e-07
c57d7af2953a908950091e33,generalized_translation,multiple_forces,cauchy,6,True,True,0.5957659140265202,38,0.125,False,1.5904794301641332e-05
c57d7af2953a908950091e33,generalized_translation,multiple_forces,profile_map,36,True,True,-24.923327572387077,280,0.04376664115649565,False,0.01126008044216428
c5c514345640531bd155ce95,generalized_translation,bounce,huber,3,True,True,22.861489905776335,12,0.125,False,2.4141082058634706e-10
c5c514345640531bd155ce95,generalized_translation,bounce,cauchy,7,True,True,22.27102633546241,41,0.125,False,0.000429189801424087
c5c514345640531bd155ce95,generalized_translation,bounce,profile_map,28,True,True,-30.2846957784229,260,0.022594351490954668,False,0.06140990512747217
c5c514345640531bd155ce95,setup_translation,bounce,huber,3,True,True,0.29661869357154047,10,0.125,False,3.1839727305846076e-10
c5c514345640531bd155ce95,setup_translation,bounce,cauchy,4,True,True,0.29656023540769255,19,0.125,False,2.3887578186215675e-07
c5c514345640531bd155ce95,setup_translation,bounce,profile_map,13,True,True,-27.520760323559653,195,0.031918440559316884,False,1.0519848809426036e-05
c5d09d0fd91909a7ae608144,generalized_translation,multiple_forces,huber,4,True,True,0.9272515638120348,26,0.125,False,0.009311770191248498
c5d09d0fd91909a7ae608144,generalized_translation,multiple_forces,cauchy,4,True,True,0.9272036976165877,31,0.125,False,0.009317935722344383
c5d09d0fd91909a7ae608144,generalized_translation,multiple_forces,profile_map,38,True,True,-27.506162302615348,345,0.02937684941123048,False,0.006865213619405303
c611c0c199bf9391eb1a48bd,generalized_translation,multiple_forces,huber,4,True,True,1.1756929403047867,24,0.125,False,0.00027918181092541344
c611c0c199bf9391eb1a48bd,generalized_translation,multiple_forces,cauchy,4,True,True,1.1755940718739555,29,0.125,False,0.00027917637671647655
c611c0c199bf9391eb1a48bd,generalized_translation,multiple_forces,profile_map,37,True,True,-25.523960512749557,385,0.03704905945672227,False,0.035918039427831484
c63107a8ad42c8bf0b2c3641,generalized_translation,bounce,huber,3,True,True,0.29405897953096843,24,0.125,False,0.0010875329897443678
c63107a8ad42c8bf0b2c3641,generalized_translation,bounce,cauchy,4,True,True,0.2940543908994896,23,0.125,False,0.0010876825391799713
c63107a8ad42c8bf0b2c3641,generalized_translation,bounce,profile_map,30,True,True,-32.024771438176,305,0.017778908995799807,False,0.0010004941245542478
c63107a8ad42c8bf0b2c3641,setup_translation,bounce,huber,3,True,True,0.5634663918149881,13,0.125,False,0.0014297919000050136
c63107a8ad42c8bf0b2c3641,setup_translation,bounce,cauchy,5,True,True,0.5633968756705742,28,0.125,False,0.0014301534400108452
c63107a8ad42c8bf0b2c3641,setup_translation,bounce,profile_map,26,True,True,-26.1761656382926,138,0.03692666152438627,False,0.0013773425366396602
c6c0945e2a85387572094e2c,generalized_translation,bounce,huber,3,True,True,0.5710635329130038,24,0.125,False,0.0017411442179584167
c6c0945e2a85387572094e2c,generalized_translation,bounce,cauchy,4,True,True,0.571003362035752,27,0.125,False,0.0017417461498685572
c6c0945e2a85387572094e2c,generalized_translation,bounce,profile_map,27,True,True,-26.73434178257536,265,0.03419179222118869,False,0.0016352942157182389
c6c0945e2a85387572094e2c,setup_translation,bounce,huber,3,True,True,0.804740553470451,15,0.125,False,0.0016780535890858097
c6c0945e2a85387572094e2c,setup_translation,bounce,cauchy,4,True,True,0.8045657822371838,16,0.125,False,0.0016781110837228814
c6c0945e2a85387572094e2c,setup_translation,bounce,profile_map,22,True,True,-24.438436791762076,132,0.04554679041088079,False,0.0016212286990808591
c725ad7ebc28ee0f78bd68c8,generalized_translation,bounce,huber,3,True,True,22.861489905776335,12,0.125,False,2.4141082058634706e-10
c725ad7ebc28ee0f78bd68c8,generalized_translation,bounce,cauchy,7,True,True,22.27102633546241,41,0.125,False,0.000429189801424087
c725ad7ebc28ee0f78bd68c8,generalized_translation,bounce,profile_map,28,True,True,-30.2846957784229,260,0.022594351490954668,False,0.06140990512747217
c725ad7ebc28ee0f78bd68c8,setup_translation,bounce,huber,3,True,True,0.29661869357154047,10,0.125,False,3.1839727305846076e-10
c725ad7ebc28ee0f78bd68c8,setup_translation,bounce,cauchy,4,True,True,0.29656023540769255,19,0.125,False,2.3887578186215675e-07
c725ad7ebc28ee0f78bd68c8,setup_translation,bounce,profile_map,13,True,True,-27.520760323559653,195,0.031918440559316884,False,1.0519848809426036e-05
c762dc40d000383d6dfdad37,generalized_translation,bounce,huber,3,True,True,0.6682960114894069,13,0.125,False,0.011736794560310997
c762dc40d000383d6dfdad37,generalized_translation,bounce,cauchy,4,True,True,0.6682816721748344,16,0.125,False,0.011736932882488693
c762dc40d000383d6dfdad37,generalized_translation,bounce,profile_map,33,True,True,-29.51542240094466,305,0.02338957542915606,False,0.011634157576158027
c762dc40d000383d6dfdad37,setup_translation,bounce,huber,3,True,True,1.4871324381431004,11,0.125,False,0.0014509944890032486
c762dc40d000383d6dfdad37,setup_translation,bounce,cauchy,4,True,True,1.4864677181802075,18,0.125,False,0.001450736465146357
c762dc40d000383d6dfdad37,setup_translation,bounce,profile_map,21,True,True,-21.802980334537015,126,0.061377096425940754,False,0.0015164859747385084
c795d2d882b075ecea4471b7,generalized_translation,bounce,huber,3,True,True,1.0517222290166168,16,0.125,False,2.8885033699462354e-11
c795d2d882b075ecea4471b7,generalized_translation,bounce,cauchy,4,True,True,1.0515412396037433,17,0.125,False,5.03684537645329e-07
c795d2d882b075ecea4471b7,generalized_translation,bounce,profile_map,30,True,True,-25.253222741828157,320,0.03920558114309261,False,6.995870315371094e-05
c795d2d882b075ecea4471b7,setup_translation,bounce,huber,3,True,True,1.1598666581163002,13,0.125,False,5.470689657132897e-11
c795d2d882b075ecea4471b7,setup_translation,bounce,cauchy,4,True,True,1.1595454590773995,23,0.125,False,1.854488307726649e-06
c795d2d882b075ecea4471b7,setup_translation,bounce,profile_map,11,True,True,-24.2889983091086,93,0.044221991514352174,False,5.8119705725201345e-05
c7fafbf62220e050edf659ff,generalized_translation,unforced_slide,huber,3,True,True,0.4204135686397754,23,0.125,False,3.897798492327827e-07
c7fafbf62220e050edf659ff,generalized_translation,unforced_slide,cauchy,4,True,True,0.4204018097260912,22,0.125,False,1.8975953318293881e-07
c7fafbf62220e050edf659ff,generalized_translation,unforced_slide,profile_map,28,True,True,-29.54104802401609,236,0.024072046308409624,False,0.0014420974602856271
c85829347fc02ad202efb82d,generalized_translation,multiple_forces,huber,5,True,True,1.4516009295130199,27,0.125,False,1.6370675665609163e-06
c85829347fc02ad202efb82d,generalized_translation,multiple_forces,cauchy,5,True,True,1.4515849097186682,31,0.125,False,3.0325114496353955e-06
c85829347fc02ad202efb82d,generalized_translation,multiple_forces,profile_map,46,True,True,-28.5138479824513,370,0.02404379394980803,False,0.02265440847950629
c8704e751781717d4236d1ce,generalized_translation,multiple_forces,huber,6,True,True,1.3485175616717586,42,0.125,False,0.0010660750256498547
c8704e751781717d4236d1ce,generalized_translation,multiple_forces,cauchy,8,True,True,1.3481743436079787,71,0.125,False,0.0009565888896312446
c8704e751781717d4236d1ce,generalized_translation,multiple_forces,profile_map,37,True,True,-23.068889152129167,315,0.05067996363133339,False,0.18482334915659346
c87cfbee7e1c5f08de9f6144,generalized_translation,multiple_forces,huber,3,True,True,0.7196281804038869,16,0.125,False,1.9922842357153393e-06
c87cfbee7e1c5f08de9f6144,generalized_translation,multiple_forces,cauchy,4,True,True,0.7195442679543116,35,0.125,False,2.350488018211375e-06
c87cfbee7e1c5f08de9f6144,generalized_translation,multiple_forces,profile_map,34,True,True,-26.41272295003807,345,0.03498247425936482,False,0.011099099825400055
c89374d7030846a373d2d25d,generalized_translation,bounce,huber,3,True,True,1.6060767688404767,18,0.125,False,2.2474034980932156e-10
c89374d7030846a373d2d25d,generalized_translation,bounce,cauchy,4,True,True,1.6060570165728998,26,0.125,False,5.3033823975002185e-08
c89374d7030846a373d2d25d,generalized_translation,bounce,profile_map,34,True,True,-27.102368414450602,385,0.028358197399117685,False,0.00017616796396846844
c89374d7030846a373d2d25d,setup_translation,bounce,huber,3,True,True,2.2999162324635307,15,0.125,False,1.1283889410823249e-10
c89374d7030846a373d2d25d,setup_translation,bounce,cauchy,4,True,True,2.299284119274372,17,0.125,False,7.169361508791792e-07
c89374d7030846a373d2d25d,setup_translation,bounce,profile_map,12,True,True,-21.180825824136623,75,0.059497308847480154,False,0.00011382493782728529
c8a66d14a362b7a28e16d3c4,generalized_translation,multiple_forces,huber,3,True,True,1.0087647163195945,21,0.125,False,0.011600243332615277
c8a66d14a362b7a28e16d3c4,generalized_translation,multiple_forces,cauchy,5,True,True,1.0087200746431972,20,0.125,False,0.011598778204605262
c8a66d14a362b7a28e16d3c4,generalized_translation,multiple_forces,profile_map,33,True,True,-27.811365077713095,370,0.027916633252118014,False,0.005087434347112432
c8ebd75c4952b5427996e81e,generalized_translation,bounce,huber,3,True,True,0.10603454090940796,16,0.125,False,4.1390442390808294e-11
c8ebd75c4952b5427996e81e,generalized_translation,bounce,cauchy,4,True,True,0.10603044521435503,24,0.125,False,6.532289183036789e-08
c8ebd75c4952b5427996e81e,generalized_translation,bounce,profile_map,24,True,True,-32.425557582765045,325,0.017303120295899876,False,1.0012445456035197e-05
c8ebd75c4952b5427996e81e,setup_translation,bounce,huber,3,True,True,0.44312763729817767,19,0.125,False,2.6255702077110984e-11
c8ebd75c4952b5427996e81e,setup_translation,bounce,cauchy,4,True,True,0.4430490433743095,30,0.125,False,4.627948417334887e-08
c8ebd75c4952b5427996e81e,setup_translation,bounce,profile_map,16,True,True,-25.68270420938107,117,0.04019428220451481,False,8.527474389910346e-06
c9677a194326dd4d491c203d,generalized_translation,bounce,huber,3,True,True,0.43645574509140134,18,0.125,False,0.00043930094159436254
c9677a194326dd4d491c203d,generalized_translation,bounce,cauchy,4,True,True,0.43645361894609214,19,0.125,False,0.00043931850239362633
c9677a194326dd4d491c203d,generalized_translation,bounce,profile_map,23,True,True,-34.269031177573154,380,0.013132364785129294,False,0.0005914058309988883
c9677a194326dd4d491c203d,setup_translation,bounce,huber,3,True,True,1.7948889904782397,12,0.125,False,0.003469222630524208
c9677a194326dd4d491c203d,setup_translation,bounce,cauchy,6,True,True,1.7935366083195865,41,0.125,False,0.0034681240989069403
c9677a194326dd4d491c203d,setup_translation,bounce,profile_map,15,True,True,-20.458540106371245,132,0.07368710973443625,False,0.003413531434728385
ca1740a6990ab4cd8b92c2be,generalized_translation,bounce,huber,3,True,True,0.597575979028075,16,0.125,False,0.0012046576761366625
ca1740a6990ab4cd8b92c2be,generalized_translation,bounce,cauchy,4,True,True,0.5975754144936644,17,0.125,False,0.0012046567783643262
ca1740a6990ab4cd8b92c2be,generalized_translation,bounce,profile_map,28,True,True,-35.499025107043884,390,0.011018258298962228,False,0.0013753764480727594
ca1740a6990ab4cd8b92c2be,setup_translation,bounce,huber,3,True,True,0.7549724409696701,19,0.125,False,0.0011303104888865142
ca1740a6990ab4cd8b92c2be,setup_translation,bounce,cauchy,4,True,True,0.7549415252153934,14,0.125,False,0.0011298511795474022
ca1740a6990ab4cd8b92c2be,setup_translation,bounce,profile_map,9,True,True,-28.275969490224806,132,0.02718116019791378,False,0.0012178140807548208
caa505443495820eeeb3c5ed,generalized_translation,bounce,huber,2,True,True,0.31193337532245463,11,0.125,False,1.1014270221648136e-10
caa505443495820eeeb3c5ed,generalized_translation,bounce,cauchy,4,True,True,0.31186030461973624,23,0.125,False,7.17991692049576e-07
caa505443495820eeeb3c5ed,generalized_translation,bounce,profile_map,19,True,True,-26.850986293537964,195,0.03485763018930169,False,1.4634271442306261e-06
caa505443495820eeeb3c5ed,setup_translation,bounce,huber,2,True,True,0.5801864953732918,13,0.125,False,3.641760256600953e-11
caa505443495820eeeb3c5ed,setup_translation,bounce,cauchy,3,True,True,0.5800107662972701,11,0.125,False,1.1525081554468986e-06
caa505443495820eeeb3c5ed,setup_translation,bounce,profile_map,10,True,True,-24.363423808078906,93,0.04757081407040838,False,1.2640628024706198e-06
caadf8a2b884981e197b2e72,generalized_translation,bounce,huber,3,True,True,2.0560126183329253,15,0.125,False,1.1823789299308538e-10
caadf8a2b884981e197b2e72,generalized_translation,bounce,cauchy,4,True,True,2.055455285103098,20,0.125,False,4.28956598823825e-06
caadf8a2b884981e197b2e72,generalized_translation,bounce,profile_map,28,True,True,-21.598835259456354,300,0.05785942741175764,False,0.00012770917335411654
caadf8a2b884981e197b2e72,setup_translation,bounce,huber,3,True,True,2.240497364819724,11,0.125,False,1.5664394440034264e-10
caadf8a2b884981e197b2e72,setup_translation,bounce,cauchy,4,True,True,2.2398088357492743,15,0.125,False,5.181454867627486e-06
caadf8a2b884981e197b2e72,setup_translation,bounce,profile_map,11,True,True,-20.809382423786513,105,0.06388761069089237,False,9.665680808637022e-05
caaf144abd8986f9d9b9b29c,generalized_translation,unforced_slide,huber,3,True,True,1.2256386312635987,18,0.125,False,9.171349750452955e-05
caaf144abd8986f9d9b9b29c,generalized_translation,unforced_slide,cauchy,4,True,True,1.225366937104242,23,0.125,False,9.858637466612248e-05
caaf144abd8986f9d9b9b29c,generalized_translation,unforced_slide,profile_map,31,True,True,-23.527517987695525,284,0.048919103874250316,False,0.00027084958175910463
cafad41a7915c03a8bb04c71,generalized_translation,bounce,huber,3,True,True,0.45100784078813116,21,0.125,False,2.564148847312382e-09
cafad41a7915c03a8bb04c71,generalized_translation,bounce,cauchy,4,True,True,0.45090699526160904,25,0.125,False,5.246334559059843e-07
cafad41a7915c03a8bb04c71,generalized_translation,bounce,profile_map,22,True,True,-26.28949820226815,220,0.036922293277562544,False,2.6611342258118073e-05
cafad41a7915c03a8bb04c71,setup_translation,bounce,huber,3,True,True,1.4729241397705874,19,0.125,False,1.00989157291765e-09
cafad41a7915c03a8bb04c71,setup_translation,bounce,cauchy,5,True,True,1.471731465276361,25,0.125,False,3.478095399585016e-06
cafad41a7915c03a8bb04c71,setup_translation,bounce,profile_map,15,True,True,-20.81727668627756,93,0.07317194625765364,False,1.9138213074446168e-05
cb0ed71b1ce3a9a264be2b0e,generalized_translation,bounce,huber,3,True,True,1.699060688409565,14,0.125,False,0.001746590637698012
cb0ed71b1ce3a9a264be2b0e,generalized_translation,bounce,cauchy,4,True,True,1.6990357322778822,25,0.125,False,0.0017465576893784843
cb0ed71b1ce3a9a264be2b0e,generalized_translation,bounce,profile_map,31,True,True,-27.013522034940642,315,0.02834056076768644,False,0.0008650180989515857
cb0ed71b1ce3a9a264be2b0e,setup_translation,bounce,huber,3,True,True,1.7189624092337692,13,0.125,False,0.0007269875108836501
cb0ed71b1ce3a9a264be2b0e,setup_translation,bounce,cauchy,4,True,True,1.7189375377891627,26,0.125,False,0.0007269749348649593
cb0ed71b1ce3a9a264be2b0e,setup_translation,bounce,profile_map,10,True,True,-26.703149446923593,132,0.02944935510713601,False,2.4758862081414314e-05
cb1dfe737d363b388d1e8cc1,generalized_translation,multiple_forces,huber,2,True,True,0.8089004337225849,19,0.125,False,0.0088915261286942
cb1dfe737d363b388d1e8cc1,generalized_translation,multiple_forces,cauchy,4,True,True,0.8087432494978339,27,0.125,False,0.00893038893585578
cb1dfe737d363b388d1e8cc1,generalized_translation,multiple_forces,profile_map,34,True,True,-25.75704338683971,475,0.03778296212696177,False,0.0067217644410995534
cb46b3e18bb59d167dd7c2ab,generalized_translation,bounce,huber,3,True,True,0.565140072746441,15,0.125,False,0.0011715434727611249
cb46b3e18bb59d167dd7c2ab,generalized_translation,bounce,cauchy,4,True,True,0.5650835350748585,23,0.125,False,0.0011715585847143501
cb46b3e18bb59d167dd7c2ab,generalized_translation,bounce,profile_map,31,True,True,-27.582375062074995,305,0.03054387225338093,False,0.0012875277170554904
cb46b3e18bb59d167dd7c2ab,setup_translation,bounce,huber,3,True,True,0.6250995192998661,19,0.125,False,0.0007546682550887675
cb46b3e18bb59d167dd7c2ab,setup_translation,bounce,cauchy,5,True,True,0.6250274702170322,27,0.125,False,0.0007540856074723391
cb46b3e18bb59d167dd7c2ab,setup_translation,bounce,profile_map,11,True,True,-26.709732996772242,132,0.03405622621646494,False,0.0008142309891082757
cb6c3faa35214fb62cdcd921,generalized_translation,bounce,huber,3,True,True,1.8234359167214016,15,0.125,False,1.646097353884418e-09
cb6c3faa35214fb62cdcd921,generalized_translation,bounce,cauchy,4,True,True,1.823431975639982,20,0.125,False,3.834865629360092e-08
cb6c3faa35214fb62cdcd921,generalized_translation,bounce,profile_map,32,True,True,-31.669704423158173,365,0.015311161334297859,False,0.0002808534508925437
cb6c3faa35214fb62cdcd921,setup_translation,bounce,huber,3,True,True,2.5386827471646995,21,0.125,False,4.379897147816128e-10
cb6c3faa35214fb62cdcd921,setup_translation,bounce,cauchy,4,True,True,2.538158478328673,13,0.125,False,1.50609311403676e-06
cb6c3faa35214fb62cdcd921,setup_translation,bounce,profile_map,15,True,True,-21.46734839730557,102,0.054758701696901446,False,0.00018493522982501577
cbe42d558d076b554b1b3f7b,generalized_translation,multiple_forces,huber,3,True,True,0.8487320997736452,25,0.125,False,9.374804671743617e-07
cbe42d558d076b554b1b3f7b,generalized_translation,multiple_forces,cauchy,7,True,True,0.8486999626380632,37,0.125,False,1.0696161757529021e-05
cbe42d558d076b554b1b3f7b,generalized_translation,multiple_forces,profile_map,42,True,True,-28.337047454806132,375,0.026618292900031124,False,0.01927301781084218
cc45b605b80973a682c26ccc,generalized_translation,bounce,huber,3,True,True,0.5709060922038092,19,0.125,False,1.2721862770020076e-11
cc45b605b80973a682c26ccc,generalized_translation,bounce,cauchy,4,True,True,0.5707258764717162,17,0.125,False,7.811434703317871e-08
cc45b605b80973a682c26ccc,generalized_translation,bounce,profile_map,22,True,True,-24.63008757837284,220,0.04582494290467982,False,9.623968952205463e-06
cc45b605b80973a682c26ccc,setup_translation,bounce,huber,3,True,True,1.6945562634012052,17,0.125,False,2.975787755358994e-11
cc45b605b80973a682c26ccc,setup_translation,bounce,cauchy,4,True,True,1.6922073401952689,14,0.125,False,4.477871476539036e-06
cc45b605b80973a682c26ccc,setup_translation,bounce,profile_map,16,True,True,-20.117048350403415,96,0.0805571934489088,False,6.095126725830279e-06
cc914b42b2c92c76d0d4d26b,generalized_translation,unforced_slide,huber,3,True,True,1.3138009868309628,21,0.125,False,0.00021393627647881875
cc914b42b2c92c76d0d4d26b,generalized_translation,unforced_slide,cauchy,5,True,True,1.3131342110836963,24,0.125,False,0.0002034921172482349
cc914b42b2c92c76d0d4d26b,generalized_translation,unforced_slide,profile_map,21,True,True,-22.73341510613631,180,0.05440528304295454,False,0.002267998996722202
cd0a72b206d7392886a705ef,generalized_translation,multiple_forces,huber,4,True,True,0.27609489603799087,21,0.125,False,2.3072048671046012e-08
cd0a72b206d7392886a705ef,generalized_translation,multiple_forces,cauchy,4,True,True,0.2760484614643205,17,0.125,False,8.730946496517243e-06
cd0a72b206d7392886a705ef,generalized_translation,multiple_forces,profile_map,34,True,True,-28.610810112228904,340,0.027699087890717164,False,0.004207925652022398
cd1086e0f1a8d9e8b795dc7b,generalized_translation,unforced_slide,huber,3,True,True,0.9692811017725583,27,0.125,False,0.0003476863624677902
cd1086e0f1a8d9e8b795dc7b,generalized_translation,unforced_slide,cauchy,4,True,True,0.9691864885290384,17,0.125,False,0.00034450305770393464
cd1086e0f1a8d9e8b795dc7b,generalized_translation,unforced_slide,profile_map,23,True,True,-25.35106921909344,200,0.03911402006484764,False,0.0034352817330131134
cd3cd29adc3ef16ccbc880a9,generalized_translation,bounce,huber,3,True,True,0.9818264532613825,15,0.125,False,1.993516660849283e-11
cd3cd29adc3ef16ccbc880a9,generalized_translation,bounce,cauchy,4,True,True,0.9814629982821634,18,0.125,False,7.748747577784321e-07
cd3cd29adc3ef16ccbc880a9,generalized_translation,bounce,profile_map,27,True,True,-23.974934251068266,295,0.04747937219996684,False,4.459819452301817e-05
cd3cd29adc3ef16ccbc880a9,setup_translation,bounce,huber,3,True,True,1.441559308637536,9,0.125,False,1.7219180910210138e-11
cd3cd29adc3ef16ccbc880a9,setup_translation,bounce,cauchy,4,True,True,1.4407298797680008,11,0.125,False,2.529574294874283e-06
cd3cd29adc3ef16ccbc880a9,setup_translation,bounce,profile_map,13,True,True,-21.63214728579803,102,0.06363140375983531,False,3.387009356533186e-05
cd56ba8e17dba08757a745be,generalized_translation,multiple_forces,huber,8,True,True,2.7238007717600916,58,0.125,False,0.00020258985766353482
cd56ba8e17dba08757a745be,generalized_translation,multiple_forces,cauchy,7,True,True,2.7236741538718743,59,0.125,False,0.0002927484361212402
cd56ba8e17dba08757a745be,generalized_translation,multiple_forces,profile_map,50,True,True,-24.646523437533048,530,0.033230115655750604,False,0.18795545699409877
cd7cbc53e06ab03b1dc7a789,generalized_translation,bounce,huber,3,True,True,0.6297676449595047,13,0.125,False,0.001074400970069742
cd7cbc53e06ab03b1dc7a789,generalized_translation,bounce,cauchy,4,True,True,0.6297269053945476,20,0.125,False,0.0010742069203422474
cd7cbc53e06ab03b1dc7a789,generalized_translation,bounce,profile_map,27,True,True,-28.150952357917618,290,0.028089936347949845,False,0.0010137444303932135
cd7cbc53e06ab03b1dc7a789,setup_translation,bounce,huber,4,True,True,0.9910687784920205,34,0.125,False,0.0010725835822868114
cd7cbc53e06ab03b1dc7a789,setup_translation,bounce,cauchy,4,True,True,0.9908777998518781,18,0.125,False,0.0010725148085892226
cd7cbc53e06ab03b1dc7a789,setup_translation,bounce,profile_map,19,True,True,-24.047130469655713,159,0.046918987764473154,False,0.0010232441496414442
cdcba011e8dcff05497c212c,generalized_translation,unforced_slide,huber,3,True,True,1.7372648558832662,21,0.125,False,0.001369179846784349
cdcba011e8dcff05497c212c,generalized_translation,unforced_slide,cauchy,5,True,True,1.7369771021761782,29,0.125,False,0.0013659301639340365
cdcba011e8dcff05497c212c,generalized_translation,unforced_slide,profile_map,23,True,True,-22.520803978109598,208,0.0526556917291758,False,0.0074030695714579755
cdebda8b8b778bdbb4eded8e,generalized_translation,bounce,huber,3,True,True,1.2323449769929409,14,0.125,False,0.0009893511895663215
cdebda8b8b778bdbb4eded8e,generalized_translation,bounce,cauchy,4,True,True,1.2323317989758644,25,0.125,False,0.0009892102792417692
cdebda8b8b778bdbb4eded8e,generalized_translation,bounce,profile_map,30,True,True,-29.502968018914633,350,0.02177959753345221,False,0.001506476455488939
cdebda8b8b778bdbb4eded8e,setup_translation,bounce,huber,3,True,True,1.545238544926916,21,0.125,False,0.0013720392592764619
cdebda8b8b778bdbb4eded8e,setup_translation,bounce,cauchy,5,True,True,1.5450823617973957,36,0.125,False,0.0013725574875988011
cdebda8b8b778bdbb4eded8e,setup_translation,bounce,profile_map,21,False,True,-24.380285237814515,294,0.04133491472735171,False,0.0017542731710460649
ce25a7bd10f956307f7017d5,generalized_translation,unforced_slide,huber,3,True,True,1.7746048761041564,22,0.125,False,0.0004513712732057078
ce25a7bd10f956307f7017d5,generalized_translation,unforced_slide,cauchy,4,True,True,1.7745265075706635,21,0.125,False,0.00045279509536097907
ce25a7bd10f956307f7017d5,generalized_translation,unforced_slide,profile_map,29,True,True,-25.404228460470502,248,0.034781055704468176,False,0.0008503488665158636
ce29a032d3dccfba34f6ec83,generalized_translation,multiple_forces,huber,3,True,True,1.6411041812724012,39,0.125,False,3.8593896804411265e-05
ce29a032d3dccfba34f6ec83,generalized_translation,multiple_forces,cauchy,6,True,True,1.6399665614106618,33,0.125,False,8.895834861940525e-05
ce29a032d3dccfba34f6ec83,generalized_translation,multiple_forces,profile_map,31,True,True,-20.980563350829048,320,0.06864906574900209,False,0.0474899067100781
ce3393cb7d50864e61f39985,generalized_translation,multiple_forces,huber,6,True,True,2.798459417734957,57,0.125,False,0.0001394433157315601
ce3393cb7d50864e61f39985,generalized_translation,multiple_forces,cauchy,6,True,True,2.7930097936072427,41,0.125,False,0.0007367262301955557
ce3393cb7d50864e61f39985,generalized_translation,multiple_forces,profile_map,30,True,True,-18.54653383679567,490,0.08936319737072114,False,0.0643272090027644
ce66f0edd6cf8e98eb78315d,generalized_translation,multiple_forces,huber,3,True,True,0.32988306361806663,22,0.125,False,2.0725342304443207e-08
ce66f0edd6cf8e98eb78315d,generalized_translation,multiple_forces,cauchy,6,True,True,0.32980857159838667,35,0.125,False,1.8707911838017648e-05
ce66f0edd6cf8e98eb78315d,generalized_translation,multiple_forces,profile_map,31,True,True,-26.83360658742227,260,0.03485282811106179,False,0.004995646230448147
cf25ee01bd15d78bf49a65f5,generalized_translation,unforced_slide,huber,2,True,True,0.7624409445152609,8,0.125,False,4.878171224561964e-09
cf25ee01bd15d78bf49a65f5,generalized_translation,unforced_slide,cauchy,3,True,True,0.7619553136177967,12,0.125,False,3.7812231420199893e-06
cf25ee01bd15d78bf49a65f5,generalized_translation,unforced_slide,profile_map,10,True,True,-23.265631461443032,96,0.054573658594287366,False,4.3371597016463815e-07
cf32bf4d4ff7beda34f63cd8,generalized_translation,multiple_forces,huber,3,True,True,3.1970963427388512,27,0.125,False,0.0022666468032311402
cf32bf4d4ff7beda34f63cd8,generalized_translation,multiple_forces,cauchy,6,True,True,3.196894160960368,40,0.125,False,0.0022724089599392046
cf32bf4d4ff7beda34f63cd8,generalized_translation,multiple_forces,profile_map,43,True,True,-23.378184954465016,510,0.03768967176235841,False,0.040552441810223654
cf364455bc4ad4c069c83d7c,generalized_translation,bounce,huber,3,True,True,0.2425242006708642,18,0.125,False,2.3226619862011973e-11
cf364455bc4ad4c069c83d7c,generalized_translation,bounce,cauchy,4,True,True,0.2424801870874377,14,0.125,False,2.0488701769497363e-07
cf364455bc4ad4c069c83d7c,generalized_translation,bounce,profile_map,24,True,True,-27.91078488023922,205,0.030520534577566254,False,3.535083179056363e-06
cf364455bc4ad4c069c83d7c,setup_translation,bounce,huber,2,True,True,1.291300048156901,10,0.125,False,1.1554828108349123e-11
cf364455bc4ad4c069c83d7c,setup_translation,bounce,cauchy,4,True,True,1.289613280508215,24,0.125,False,3.897817437477205e-06
cf364455bc4ad4c069c83d7c,setup_translation,bounce,profile_map,13,True,True,-21.166750287411677,81,0.07090903907723047,False,2.41989959549146e-06
cf7205e2e693e5ca09af5d09,generalized_translation,multiple_forces,huber,3,True,True,2.9279098902515006,30,0.125,False,6.020201811647988e-06
cf7205e2e693e5ca09af5d09,generalized_translation,multiple_forces,cauchy,5,True,True,2.9236708635918367,37,0.125,False,0.0002951749945690795
cf7205e2e693e5ca09af5d09,generalized_translation,multiple_forces,profile_map,42,True,True,-18.110520751023635,380,0.09807534196068829,False,0.0030725809106775296
cfbcc5144d69a08bbb83d75c,generalized_translation,bounce,huber,3,True,True,0.5935105818510014,14,0.125,False,0.000803565122702951
cfbcc5144d69a08bbb83d75c,generalized_translation,bounce,cauchy,4,True,True,0.5934308183806264,17,0.125,False,0.0008038888124683854
cfbcc5144d69a08bbb83d75c,generalized_translation,bounce,profile_map,25,True,True,-25.984832396623236,265,0.03775318819847727,False,0.0007467052817190665
cfbcc5144d69a08bbb83d75c,setup_translation,bounce,huber,3,True,True,0.80937201425753,14,0.125,False,0.00019125152572572896
cfbcc5144d69a08bbb83d75c,setup_translation,bounce,cauchy,6,True,True,0.8089823337449126,33,0.125,False,0.00018971960067991586
cfbcc5144d69a08bbb83d75c,setup_translation,bounce,profile_map,11,True,True,-24.115953663888448,132,0.04769809530406051,False,0.00023485192733977987
cfe2e0261c5ab1daa287cef9,generalized_translation,bounce,huber,3,True,True,0.7577263934995797,17,0.125,False,0.0023076769391519227
cfe2e0261c5ab1daa287cef9,generalized_translation,bounce,cauchy,4,True,True,0.7576145480015728,16,0.125,False,0.002308492494051072
cfe2e0261c5ab1daa287cef9,generalized_translation,bounce,profile_map,26,True,True,-25.54296431699219,295,0.039228695738193216,False,0.0022051818066500064
cfe2e0261c5ab1daa287cef9,setup_translation,bounce,huber,4,True,True,1.8256320034108888,37,0.125,False,6.939098613621273e-05
cfe2e0261c5ab1daa287cef9,setup_translation,bounce,cauchy,6,True,True,1.824008720695034,39,0.125,False,6.229579941567969e-05
cfe2e0261c5ab1daa287cef9,setup_translation,bounce,profile_map,8,True,True,-20.287880454654474,147,0.07571941894308776,False,2.9284839499143513e-05
cfee31eafe910e3e74a86bbb,generalized_translation,unforced_slide,huber,2,True,True,0.6913259235767036,20,0.125,False,1.4515102461540787e-09
cfee31eafe910e3e74a86bbb,generalized_translation,unforced_slide,cauchy,4,True,True,0.6911279526791801,26,0.125,False,9.986646690420526e-07
cfee31eafe910e3e74a86bbb,generalized_translation,unforced_slide,profile_map,21,True,True,-24.020841446855147,200,0.04921731650603341,False,0.00019358326087591562
d00afea9ae42a5e686faa5ab,generalized_translation,unforced_slide,huber,3,True,True,0.9390586572577098,26,0.125,False,2.1992532700330272e-08
d00afea9ae42a5e686faa5ab,generalized_translation,unforced_slide,cauchy,4,True,True,0.9387217042096965,18,0.125,False,2.615828306876849e-06
d00afea9ae42a5e686faa5ab,generalized_translation,unforced_slide,profile_map,24,True,True,-23.34445892137707,204,0.052480471693172895,False,0.000251296357044391
d02d9231add5990f223ff971,generalized_translation,multiple_forces,huber,3,True,True,1.480305735787692,32,0.125,False,0.0008007206131808906
d02d9231add5990f223ff971,generalized_translation,multiple_forces,cauchy,6,True,True,1.4801780269377722,39,0.125,False,0.0007942293859775869
d02d9231add5990f223ff971,generalized_translation,multiple_forces,profile_map,42,True,True,-24.23453118154439,410,0.04255537913497142,False,0.009383693440985936
d1101669f8de4a8dd4dedf5a,generalized_translation,bounce,huber,3,True,True,0.5190004686376545,16,0.125,False,8.13629034993415e-11
d1101669f8de4a8dd4dedf5a,generalized_translation,bounce,cauchy,4,True,True,0.5188207502542486,17,0.125,False,1.5235188777053426e-06
d1101669f8de4a8dd4dedf5a,generalized_translation,bounce,profile_map,18,True,True,-24.93980175481027,225,0.044159439939542015,False,7.2133793256000175e-06
d1101669f8de4a8dd4dedf5a,setup_translation,bounce,huber,3,True,True,1.6797287423113019,12,0.125,False,7.457425459523046e-11
d1101669f8de4a8dd4dedf5a,setup_translation,bounce,cauchy,4,True,True,1.6780034611116932,21,0.125,False,4.1450344966138374e-07
d1101669f8de4a8dd4dedf5a,setup_translation,bounce,profile_map,6,True,True,-20.13378420883834,57,0.08052434647791164,False,4.5303456736856e-06
d111a09b5dfb5514a000477c,generalized_translation,unforced_slide,huber,2,True,True,0.5155512651663549,14,0.125,False,1.5154855613536312e-07
d111a09b5dfb5514a000477c,generalized_translation,unforced_slide,cauchy,4,True,True,0.5155017056686617,23,0.125,False,1.4340769582018358e-07
d111a09b5dfb5514a000477c,generalized_translation,unforced_slide,profile_map,29,True,True,-26.533496168916304,268,0.03539878606397537,False,0.0012573044098914367
d13c0016dca4070bd63daac8,generalized_translation,bounce,huber,3,True,True,0.38354833849510384,15,0.125,False,1.473078013840817e-11
d13c0016dca4070bd63daac8,generalized_translation,bounce,cauchy,4,True,True,0.38344955224404115,16,0.125,False,3.640721228099685e-07
d13c0016dca4070bd63daac8,generalized_translation,bounce,profile_map,21,True,True,-26.171733817263036,225,0.03787325606876287,False,6.260619775331773e-06
d13c0016dca4070bd63daac8,setup_translation,bounce,huber,3,True,True,0.5476132231271033,10,0.125,False,1.7926156163978052e-11
d13c0016dca4070bd63daac8,setup_translation,bounce,cauchy,4,True,True,0.5474467670384137,19,0.125,False,4.6301804142853145e-07
d13c0016dca4070bd63daac8,setup_translation,bounce,profile_map,12,True,True,-24.693618589107608,90,0.045559681841123946,False,5.610737430585122e-06
d1ec0df7e52a43c3da0a33f5,generalized_translation,unforced_slide,huber,3,True,True,1.7070833451308618,16,0.125,False,0.0009268635654439949
d1ec0df7e52a43c3da0a33f5,generalized_translation,unforced_slide,cauchy,4,True,True,1.7067946985293672,24,0.125,False,0.000923011138435309
d1ec0df7e52a43c3da0a33f5,generalized_translation,unforced_slide,profile_map,19,True,True,-22.822819981758336,204,0.05054146160519594,False,0.007039812843653654
d308816556a9ad1a310e1eaf,generalized_translation,unforced_slide,huber,3,True,True,0.8570683747730569,18,0.125,False,0.0001877220123408087
d308816556a9ad1a310e1eaf,generalized_translation,unforced_slide,cauchy,4,True,True,0.8570680404720297,17,0.125,False,0.00018770678182102412
d308816556a9ad1a310e1eaf,generalized_translation,unforced_slide,profile_map,31,True,True,-36.41939748362027,324,0.009497740147304595,False,0.00018336411396758755
d3aa0ff019bafd1442d048be,generalized_translation,multiple_forces,huber,3,True,True,0.7550646388184947,18,0.125,False,1.3192869342538063e-06
d3aa0ff019bafd1442d048be,generalized_translation,multiple_forces,cauchy,4,True,True,0.7550232358720665,39,0.125,False,4.158233812593363e-06
d3aa0ff019bafd1442d048be,generalized_translation,multiple_forces,profile_map,40,True,True,-27.267021571778287,380,0.031033080548905054,False,0.02188142972800899
d3c4f379df08ca396089a22a,generalized_translation,bounce,huber,3,True,True,0.25958523406820044,16,0.125,False,0.00012022827080327751
d3c4f379df08ca396089a22a,generalized_translation,bounce,cauchy,4,True,True,0.2595789365576449,19,0.125,False,0.00012019199663441527
d3c4f379df08ca396089a22a,generalized_translation,bounce,profile_map,26,True,True,-32.025333323471045,330,0.01785604366482898,False,8.588579838740578e-05
d3c4f379df08ca396089a22a,setup_translation,bounce,huber,3,True,True,0.6754340464587791,23,0.125,False,0.00013833738512166211
d3c4f379df08ca396089a22a,setup_translation,bounce,cauchy,5,True,True,0.6752788811273629,36,0.125,False,0.00013777396844936082
d3c4f379df08ca396089a22a,setup_translation,bounce,profile_map,11,True,True,-24.79566182631932,123,0.04408194714499947,False,0.00010964137481024006
d402bb60c6689d02df6b8310,generalized_translation,multiple_forces,huber,5,True,True,1.1862072438014375,31,0.125,False,2.7482504638170603e-06
d402bb60c6689d02df6b8310,generalized_translation,multiple_forces,cauchy,4,True,True,1.1861615106423515,25,0.125,False,6.861238025762161e-07
d402bb60c6689d02df6b8310,generalized_translation,multiple_forces,profile_map,48,True,True,-27.02544859396633,475,0.030270691136260942,False,0.009062625154729541
d40829d58e4d67dd965c67cd,generalized_translation,multiple_forces,huber,4,True,True,2.294063828959438,43,0.125,False,0.00016934727796092167
d40829d58e4d67dd965c67cd,generalized_translation,multiple_forces,cauchy,4,True,True,2.294004933496741,31,0.125,False,0.00017171857170291487
d40829d58e4d67dd965c67cd,generalized_translation,multiple_forces,profile_map,45,True,True,-26.095061938594895,565,0.029573872997799424,False,0.011259407335329322
d4f2544e9d6c18fd7760e9b2,generalized_translation,unforced_slide,huber,2,True,True,0.5155512651663549,14,0.125,False,1.5154855613536312e-07
d4f2544e9d6c18fd7760e9b2,generalized_translation,unforced_slide,cauchy,4,True,True,0.5155017056686617,23,0.125,False,1.4340769582018358e-07
d4f2544e9d6c18fd7760e9b2,generalized_translation,unforced_slide,profile_map,29,True,True,-26.533496168916304,268,0.03539878606397537,False,0.0012573044098914367
d4ffff8219ce4835354fd1a9,generalized_translation,unforced_slide,huber,3,True,True,0.4283111005929072,12,0.125,False,1.5359542890658624e-08
d4ffff8219ce4835354fd1a9,generalized_translation,unforced_slide,cauchy,4,True,True,0.42828446723699776,19,0.125,False,3.639899295637003e-07
d4ffff8219ce4835354fd1a9,generalized_translation,unforced_slide,profile_map,20,True,True,-27.81279340653612,160,0.030166258370200642,False,0.0003615173566079358
d50b723b8e45e74227005d9a,generalized_translation,unforced_slide,huber,2,True,True,0.40951375973647103,12,0.125,False,3.1174173526672445e-09
d50b723b8e45e74227005d9a,generalized_translation,unforced_slide,cauchy,4,True,True,0.40939480514614524,25,0.125,False,1.6505728160093413e-06
d50b723b8e45e74227005d9a,generalized_translation,unforced_slide,profile_map,20,True,True,-26.526127035365775,164,0.03595086828247065,False,0.0002563828010245927
d50ce95730dd5526eac5d064,generalized_translation,unforced_slide,huber,3,True,True,1.0589068457418058,18,0.125,False,0.00013930996115150922
d50ce95730dd5526eac5d064,generalized_translation,unforced_slide,cauchy,4,True,True,1.0588451492344488,27,0.125,False,0.00014061352566188066
d50ce95730dd5526eac5d064,generalized_translation,unforced_slide,profile_map,30,True,True,-25.865029642459096,248,0.03600773675179505,False,0.00013907588937289394
d520e44c2c4b3cf3703375cd,generalized_translation,bounce,huber,3,True,True,0.4415962724342278,13,0.125,False,1.7391688719467282e-11
d520e44c2c4b3cf3703375cd,generalized_translation,bounce,cauchy,4,True,True,0.441594279697386,21,0.125,False,3.3919635208694394e-08
d520e44c2c4b3cf3703375cd,generalized_translation,bounce,profile_map,34,True,True,-34.309429744224275,330,0.01305707165440104,False,4.959219248101982e-05
d520e44c2c4b3cf3703375cd,setup_translation,bounce,huber,3,True,True,0.4959732106293512,16,0.125,False,3.790996650795186e-10
d520e44c2c4b3cf3703375cd,setup_translation,bounce,cauchy,3,True,True,0.4959671804501853,9,0.125,False,6.878738428189656e-08
d520e44c2c4b3cf3703375cd,setup_translation,bounce,profile_map,15,True,True,-31.099332018767345,105,0.01950186511793573,False,4.30244012100384e-05
d52db441ae89291ab63d2379,generalized_translation,bounce,huber,3,True,True,1.054266054124195,21,0.125,False,6.379093576142148e-10
d52db441ae89291ab63d2379,generalized_translation,bounce,cauchy,4,True,True,1.054165196464771,23,0.125,False,8.574633007414844e-07
d52db441ae89291ab63d2379,generalized_translation,bounce,profile_map,27,True,True,-25.91650278497637,350,0.03577928766349305,False,7.284835477499363e-05
d52db441ae89291ab63d2379,setup_translation,bounce,huber,3,True,True,1.5846479067640944,11,0.125,False,3.540151626812363e-11
d52db441ae89291ab63d2379,setup_translation,bounce,cauchy,4,True,True,1.584150201255404,18,0.125,False,1.3627508400610248e-06
d52db441ae89291ab63d2379,setup_translation,bounce,profile_map,12,True,True,-22.078315892745596,114,0.05778527639071995,False,5.4113559865450294e-05
d587cf8b28cf84e2ef009d9a,generalized_translation,unforced_slide,huber,3,True,True,1.4617110183981907,17,0.125,False,0.01604552277710922
d587cf8b28cf84e2ef009d9a,generalized_translation,unforced_slide,cauchy,4,True,True,1.4616839450592243,23,0.125,False,0.016045704760673723
d587cf8b28cf84e2ef009d9a,generalized_translation,unforced_slide,profile_map,30,True,True,-27.58871202684073,264,0.0271108419960246,False,0.015639065044690915
d5b90150e4d7a5f8893b95d6,generalized_translation,multiple_forces,huber,3,True,True,0.8806620115789854,32,0.125,False,5.166612765285041e-08
d5b90150e4d7a5f8893b95d6,generalized_translation,multiple_forces,cauchy,4,True,True,0.880076821848505,41,0.125,False,0.00012241908349217096
d5b90150e4d7a5f8893b95d6,generalized_translation,multiple_forces,profile_map,28,True,True,-23.59959374985318,280,0.050874415469725494,False,0.0336626542179004
d6e3ab70e34a99dd0dc3e7b7,generalized_translation,multiple_forces,huber,3,True,True,0.7627457232641424,33,0.125,False,2.3624576637474687e-05
d6e3ab70e34a99dd0dc3e7b7,generalized_translation,multiple_forces,cauchy,5,True,True,0.7626612399648225,38,0.125,False,4.233906652068332e-05
d6e3ab70e34a99dd0dc3e7b7,generalized_translation,multiple_forces,profile_map,36,True,True,-26.590272856647115,370,0.033970966590279116,False,0.004751091627898229
d7587f8c23a7c17508951ee3,generalized_translation,bounce,huber,3,True,True,0.5819490633493168,15,0.125,False,0.0006474786630373705
d7587f8c23a7c17508951ee3,generalized_translation,bounce,cauchy,4,True,True,0.5818394772534073,20,0.125,False,0.000647605658355211
d7587f8c23a7c17508951ee3,generalized_translation,bounce,profile_map,25,True,True,-25.33677384937794,235,0.04137581242537853,False,0.0006842899325656251
d7587f8c23a7c17508951ee3,setup_translation,bounce,huber,3,True,True,1.246374169178529,29,0.125,False,0.00040980993253649677
d7587f8c23a7c17508951ee3,setup_translation,bounce,cauchy,5,True,True,1.2457852418733335,33,0.125,False,0.0004122803728737566
d7587f8c23a7c17508951ee3,setup_translation,bounce,profile_map,24,True,True,-21.648471093190583,135,0.06560278411976785,False,0.0004383574319962725
d7652e4bbca1bdaabddf7f6f,generalized_translation,multiple_forces,huber,5,True,True,0.8162753411152353,28,0.125,False,1.0370673721618408e-07
d7652e4bbca1bdaabddf7f6f,generalized_translation,multiple_forces,cauchy,6,True,True,0.8160501563384612,29,0.125,False,3.238899356408457e-05
d7652e4bbca1bdaabddf7f6f,generalized_translation,multiple_forces,profile_map,35,True,True,-24.446866321715408,320,0.04541257007801163,False,0.005508144748023034
d766db5da62b0a68a46634e0,generalized_translation,multiple_forces,huber,4,True,True,2.1573431695325715,29,0.125,False,3.1483248681815962e-06
d766db5da62b0a68a46634e0,generalized_translation,multiple_forces,cauchy,6,True,True,2.15604406010472,49,0.125,False,6.75124778199322e-05
d766db5da62b0a68a46634e0,generalized_translation,multiple_forces,profile_map,50,True,True,-20.38213223950439,420,0.06985860519223469,False,0.0003588669843105675
d7e0047f5a55faea5305a7ad,generalized_translation,multiple_forces,huber,4,True,True,0.48086047683403965,31,0.125,False,1.2398670624006654e-06
d7e0047f5a55faea5305a7ad,generalized_translation,multiple_forces,cauchy,4,True,True,0.4807938689326392,25,0.125,False,8.644372203396919e-06
d7e0047f5a55faea5305a7ad,generalized_translation,multiple_forces,profile_map,33,True,True,-27.68078891300204,360,0.0304792514582626,False,0.009390247650521003
d85641f543d087941efce239,generalized_translation,bounce,huber,3,True,True,0.757606793387128,20,0.125,False,1.7058506074216236e-10
d85641f543d087941efce239,generalized_translation,bounce,cauchy,4,True,True,0.7571433524942838,17,0.125,False,2.476697110508318e-06
d85641f543d087941efce239,generalized_translation,bounce,profile_map,19,True,True,-23.442708194522474,210,0.053149688527021476,False,8.997599820700738e-06
d85641f543d087941efce239,setup_translation,bounce,huber,3,True,True,0.8489697302609996,12,0.125,False,4.0894776368962973e-11
d85641f543d087941efce239,setup_translation,bounce,cauchy,4,True,True,0.8483017406331441,13,0.125,False,6.704871868480205e-07
d85641f543d087941efce239,setup_translation,bounce,profile_map,16,True,True,-22.966161037676123,123,0.056413130963895664,False,8.106449490112572e-06
d8715eaee394b26c5f585dcc,generalized_translation,multiple_forces,huber,4,True,True,0.23486877629449096,18,0.125,False,8.951213335978176e-09
d8715eaee394b26c5f585dcc,generalized_translation,multiple_forces,cauchy,4,True,True,0.23485035799970314,30,0.125,False,2.9015430643562176e-06
d8715eaee394b26c5f585dcc,generalized_translation,multiple_forces,profile_map,32,True,True,-30.015132411415756,335,0.02318971218259153,False,0.0009849033146469514
d906689480743e734a4e73c9,generalized_translation,unforced_slide,huber,2,True,True,0.8748360485942119,13,0.125,False,1.9631826482178467e-09
d906689480743e734a4e73c9,generalized_translation,unforced_slide,cauchy,4,True,True,0.8742011059867658,19,0.125,False,5.9931495425527015e-06
d906689480743e734a4e73c9,generalized_translation,unforced_slide,profile_map,18,True,True,-22.77460122161611,140,0.057909851693292304,False,0.00019481701632578056
d90679cf25e85045d7d9fef0,generalized_translation,multiple_forces,huber,3,True,True,1.9395929520695008,30,0.125,False,0.000203993301505075
d90679cf25e85045d7d9fef0,generalized_translation,multiple_forces,cauchy,5,True,True,1.939374280864822,43,0.125,False,0.00025823767904738595
d90679cf25e85045d7d9fef0,generalized_translation,multiple_forces,profile_map,37,True,True,-23.103648323204844,340,0.046797403445135145,False,0.03298700247516155
d91b2dd0b1c2471f56078e17,generalized_translation,unforced_slide,huber,3,True,True,1.4615632821312323,21,0.125,False,0.01163709301063346
d91b2dd0b1c2471f56078e17,generalized_translation,unforced_slide,cauchy,4,True,True,1.4614452999893741,29,0.125,False,0.01163807042761214
d91b2dd0b1c2471f56078e17,generalized_translation,unforced_slide,profile_map,25,True,True,-25.22613081910506,208,0.03718927032336024,False,0.011276269252568772
d98e932c813332928a965693,generalized_translation,multiple_forces,huber,4,True,True,1.358055735770402,27,0.125,False,0.00035954624486894655
d98e932c813332928a965693,generalized_translation,multiple_forces,cauchy,7,True,True,1.357745961193395,48,0.125,False,0.00039962744490184247
d98e932c813332928a965693,generalized_translation,multiple_forces,profile_map,42,True,True,-24.258558379342244,365,0.0431433432655282,False,0.01821104993207031
d9a5ad074dd83462d9759c8d,generalized_translation,multiple_forces,huber,5,True,True,1.3866614282727898,29,0.125,False,0.0030000478421241053
d9a5ad074dd83462d9759c8d,generalized_translation,multiple_forces,cauchy,4,True,True,1.3865777410252127,45,0.125,False,0.0030526795230351646
d9a5ad074dd83462d9759c8d,generalized_translation,multiple_forces,profile_map,41,True,True,-26.546281288911352,415,0.031017336181477374,False,0.1298639738921448
d9d0e8f3ac64b14a5526b37f,generalized_translation,bounce,huber,2,True,True,0.24270182198336307,8,0.125,False,2.2958762536744184e-11
d9d0e8f3ac64b14a5526b37f,generalized_translation,bounce,cauchy,4,True,True,0.24266670724176606,17,0.125,False,6.4861551823182765e-09
d9d0e8f3ac64b14a5526b37f,generalized_translation,bounce,profile_map,20,True,True,-27.863589575444866,280,0.030711956016405462,False,1.5566857866692509e-06
d9d0e8f3ac64b14a5526b37f,setup_translation,bounce,huber,2,True,True,0.27490830335244987,6,0.125,False,1.665758746402489e-11
d9d0e8f3ac64b14a5526b37f,setup_translation,bounce,cauchy,3,True,True,0.27483225612968626,13,0.125,False,5.45403207479652e-07
d9d0e8f3ac64b14a5526b37f,setup_translation,bounce,profile_map,6,True,True,-27.362877410169112,84,0.0326955866886395,False,1.4385730055854534e-06
da2440bec00db76f2773457c,generalized_translation,bounce,huber,3,True,True,0.5160034477164417,14,0.125,False,3.219125919160501e-11
da2440bec00db76f2773457c,generalized_translation,bounce,cauchy,4,True,True,0.5158481032069683,18,0.125,False,9.624000106314878e-07
da2440bec00db76f2773457c,generalized_translation,bounce,profile_map,22,True,True,-25.124367220963947,270,0.0430330201196501,False,7.587031163009337e-06
da2440bec00db76f2773457c,setup_translation,bounce,huber,3,True,True,0.9600696324592598,12,0.125,False,2.0564041175956594e-11
da2440bec00db76f2773457c,setup_translation,bounce,cauchy,4,True,True,0.9597296432230958,15,0.125,False,1.36270368503757e-06
da2440bec00db76f2773457c,setup_translation,bounce,profile_map,7,True,True,-22.479786501838188,174,0.059893235267175736,False,6.166714084167545e-06
da49e1535d6e6c1c4c3adc61,generalized_translation,multiple_forces,huber,3,True,True,2.38653644901086,37,0.125,False,0.22832228231747653
da49e1535d6e6c1c4c3adc61,generalized_translation,multiple_forces,cauchy,5,True,True,2.386361069171601,28,0.125,False,0.2283071939435743
da49e1535d6e6c1c4c3adc61,generalized_translation,multiple_forces,profile_map,55,True,True,-24.351742492636614,595,0.03686532098090677,False,0.24338564467924356
dac0c44b061a4b697663e8f1,generalized_translation,multiple_forces,huber,5,True,True,3.326674523410026,37,0.125,False,0.004864312580348331
dac0c44b061a4b697663e8f1,generalized_translation,multiple_forces,cauchy,5,True,True,3.3265284393240155,43,0.125,False,0.004912598948872294
dac0c44b061a4b697663e8f1,generalized_translation,multiple_forces,profile_map,44,True,True,-22.889077892984368,395,0.039398518970705676,False,0.0916518459669366
db3bc09fed09af9e3aed4008,generalized_translation,unforced_slide,huber,3,True,True,0.28597460487905674,22,0.125,False,2.3395571314599444e-09
db3bc09fed09af9e3aed4008,generalized_translation,unforced_slide,cauchy,4,True,True,0.2859142821094074,17,0.125,False,5.810623420038141e-07
db3bc09fed09af9e3aed4008,generalized_translation,unforced_slide,profile_map,22,True,True,-27.39676712132873,168,0.032498999486523426,False,0.00011492041063571536
dc226ed3624fa3a1f3536c6f,generalized_translation,bounce,huber,3,True,True,2.785927515801689,14,0.125,False,4.8378686617315526e-08
dc226ed3624fa3a1f3536c6f,generalized_translation,bounce,cauchy,5,True,True,2.785645106504409,34,0.125,False,2.3972754548470296e-06
dc226ed3624fa3a1f3536c6f,generalized_translation,bounce,profile_map,25,True,True,-22.35575651051184,285,0.04621732340364944,False,0.0003797854420497295
dc226ed3624fa3a1f3536c6f,setup_translation,bounce,huber,3,True,True,2.8319311582731506,15,0.125,False,1.3242987271160823e-11
dc226ed3624fa3a1f3536c6f,setup_translation,bounce,cauchy,5,True,True,2.8316102074557716,26,0.125,False,1.3672763939467055e-06
dc226ed3624fa3a1f3536c6f,setup_translation,bounce,profile_map,11,True,True,-22.044163064382545,81,0.04804157983727372,False,0.00028722896201084777
dc342526729aaf69725572de,generalized_translation,unforced_slide,huber,2,True,True,0.4411708814292552,8,0.125,False,3.060529585159229e-07
dc342526729aaf69725572de,generalized_translation,unforced_slide,cauchy,4,True,True,0.4411529171246399,30,0.125,False,7.173997928873013e-07
dc342526729aaf69725572de,generalized_translation,unforced_slide,profile_map,23,True,True,-28.678147447605713,192,0.02686635368393186,False,0.0014830392365127296
dc3b9e5d3f049c397a0189a5,generalized_translation,unforced_slide,huber,2,True,True,0.6992951956266502,7,0.125,False,2.299337924249814e-09
dc3b9e5d3f049c397a0189a5,generalized_translation,unforced_slide,cauchy,4,True,True,0.6989390222533782,24,0.125,False,1.2107446977496532e-05
dc3b9e5d3f049c397a0189a5,generalized_translation,unforced_slide,profile_map,18,True,True,-23.63944723853789,152,0.05204379398583054,False,0.00012872180581712715
dc3f96ec51a6c44323503880,generalized_translation,unforced_slide,huber,3,True,True,0.20303178263497595,13,0.125,False,1.9177753803814876e-10
dc3f96ec51a6c44323503880,generalized_translation,unforced_slide,cauchy,4,True,True,0.2030124394917649,30,0.125,False,5.5232273364050816e-08
dc3f96ec51a6c44323503880,generalized_translation,unforced_slide,profile_map,21,True,True,-29.396217596784638,228,0.025234682871838627,False,0.00041232770598460615
dc627688f47b1989b6fcba60,generalized_translation,multiple_forces,huber,4,True,True,1.5916533591035829,27,0.125,False,0.00019368146277089603
dc627688f47b1989b6fcba60,generalized_translation,multiple_forces,cauchy,5,True,True,1.5915360955614248,44,0.125,False,0.00011694647876351442
dc627688f47b1989b6fcba60,generalized_translation,multiple_forces,profile_map,40,True,True,-25.286734866911846,480,0.03581637969017871,False,0.1359338977451074
dca03eede9c44cd9134d96d0,generalized_translation,unforced_slide,huber,3,True,True,0.8481220419033005,28,0.125,False,1.270715730408844e-07
dca03eede9c44cd9134d96d0,generalized_translation,unforced_slide,cauchy,4,True,True,0.8479530689611741,16,0.125,False,6.688765858390371e-07
dca03eede9c44cd9134d96d0,generalized_translation,unforced_slide,profile_map,23,True,True,-24.9108500951219,220,0.04231612178070965,False,0.0003390151267768218
dca4688fa33e6b38ad606eca,generalized_translation,unforced_slide,huber,3,True,True,0.5057736277667332,13,0.125,False,1.498963782803148e-08
dca4688fa33e6b38ad606eca,generalized_translation,unforced_slide,cauchy,4,True,True,0.5057155629800941,23,0.125,False,2.270844858580601e-07
dca4688fa33e6b38ad606eca,generalized_translation,unforced_slide,profile_map,26,True,True,-26.723438613969257,232,0.03454566232467447,False,0.00029164838960323876
dcab874a6507da6ebd5474e1,generalized_translation,bounce,huber,3,True,True,1.3517116454608646,12,0.125,False,1.5626097407825404e-11
dcab874a6507da6ebd5474e1,generalized_translation,bounce,cauchy,4,True,True,1.351616855533703,23,0.125,False,4.440395815279006e-07
dcab874a6507da6ebd5474e1,generalized_translation,bounce,profile_map,31,True,True,-24.5214272120016,405,0.04164131881621497,False,0.00010660916361747713
dcab874a6507da6ebd5474e1,setup_translation,bounce,huber,3,True,True,1.4585285087139779,17,0.125,False,2.687238124432095e-11
dcab874a6507da6ebd5474e1,setup_translation,bounce,cauchy,4,True,True,1.4583724449545805,21,0.125,False,5.522635650883035e-07
dcab874a6507da6ebd5474e1,setup_translation,bounce,profile_map,10,True,True,-23.674028952138038,120,0.04628044410381272,False,8.571396135789158e-05
dcf03d4864778ff23d9ec90c,generalized_translation,bounce,huber,3,True,True,1.6060767688404767,18,0.125,False,2.2474034980932156e-10
dcf03d4864778ff23d9ec90c,generalized_translation,bounce,cauchy,4,True,True,1.6060570165728998,26,0.125,False,5.3033823975002185e-08
dcf03d4864778ff23d9ec90c,generalized_translation,bounce,profile_map,34,True,True,-27.102368414450602,385,0.028358197399117685,False,0.00017616796396846844
dcf03d4864778ff23d9ec90c,setup_translation,bounce,huber,3,True,True,2.2999162324635307,15,0.125,False,1.1283889410823249e-10
dcf03d4864778ff23d9ec90c,setup_translation,bounce,cauchy,4,True,True,2.299284119274372,17,0.125,False,7.169361508791792e-07
dcf03d4864778ff23d9ec90c,setup_translation,bounce,profile_map,12,True,True,-21.180825824136623,75,0.059497308847480154,False,0.00011382493782728529
dd615429cda742af0adb8f28,generalized_translation,bounce,huber,3,True,True,0.2579521268623307,13,0.125,False,0.010574778837330233
dd615429cda742af0adb8f28,generalized_translation,bounce,cauchy,4,True,True,0.25793054056819575,17,0.125,False,0.01057435196606183
dd615429cda742af0adb8f28,generalized_translation,bounce,profile_map,27,True,True,-28.7077338718617,265,0.027415128507293163,False,0.010592881934692792
dd615429cda742af0adb8f28,setup_translation,bounce,huber,3,True,True,1.129885086316987,23,0.125,False,9.208579288765375e-10
dd615429cda742af0adb8f28,setup_translation,bounce,cauchy,4,True,True,1.1289643903736561,15,0.125,False,1.341638701039869e-06
dd615429cda742af0adb8f28,setup_translation,bounce,profile_map,19,True,True,-21.864210192871404,159,0.06449612528703447,False,1.3675979064373496e-05
dd64bcf2f0095d21b18c5c25,generalized_translation,unforced_slide,huber,2,True,True,0.5005641482273471,18,0.125,False,8.729982594632227e-09
dd64bcf2f0095d21b18c5c25,generalized_translation,unforced_slide,cauchy,4,True,True,0.500409008682566,29,0.125,False,7.054524988574511e-06
dd64bcf2f0095d21b18c5c25,generalized_translation,unforced_slide,profile_map,28,True,True,-26.207149624371375,240,0.03708819223349245,False,0.0003059640827900837
dd8fe00b546521adcd1c5f26,generalized_translation,unforced_slide,huber,2,True,True,0.5484942708734751,13,0.125,False,4.4623882226505496e-09
dd8fe00b546521adcd1c5f26,generalized_translation,unforced_slide,cauchy,4,True,True,0.5482699742865704,24,0.125,False,1.0990966737950955e-06
dd8fe00b546521adcd1c5f26,generalized_translation,unforced_slide,profile_map,22,True,True,-25.08060362983821,160,0.04310161184518545,False,0.00026731953304197484
dd923a71955e415607c9d167,generalized_translation,bounce,huber,3,True,True,3.1471485172456948,19,0.125,False,3.93424562675636e-08
dd923a71955e415607c9d167,generalized_translation,bounce,cauchy,5,True,True,3.1466640970930824,25,0.125,False,3.2013083073548377e-06
dd923a71955e415607c9d167,generalized_translation,bounce,profile_map,31,True,True,-20.686393997953637,275,0.05624781684714162,False,0.00034659488983965404
dd923a71955e415607c9d167,setup_translation,bounce,huber,3,True,True,3.1598637996616032,24,0.125,False,7.348155752640975e-10
dd923a71955e415607c9d167,setup_translation,bounce,cauchy,4,True,True,3.1593893492543232,21,0.125,False,2.0902778801467065e-06
dd923a71955e415607c9d167,setup_translation,bounce,profile_map,16,True,True,-20.61639679162468,141,0.0567569119348809,False,0.0002645238249778698
dda2af2adde5181322f360ee,generalized_translation,multiple_forces,huber,2,True,True,1.7747909815274499,29,0.125,False,0.0017573328676655682
dda2af2adde5181322f360ee,generalized_translation,multiple_forces,cauchy,5,True,True,1.774556499198901,32,0.125,False,0.0015712427031523036
dda2af2adde5181322f360ee,generalized_translation,multiple_forces,profile_map,36,True,True,-23.84673961876413,320,0.041580885203709034,False,0.3131983793202782
de01a1f0d8c63c0371290877,generalized_translation,multiple_forces,huber,3,True,True,1.2490257296235947,34,0.125,False,4.502073673510277e-05
de01a1f0d8c63c0371290877,generalized_translation,multiple_forces,cauchy,5,True,True,1.2488834521086853,40,0.125,False,2.198783132704272e-05
de01a1f0d8c63c0371290877,generalized_translation,multiple_forces,profile_map,39,True,True,-24.85099985094213,420,0.040201797206365346,False,0.06144351670927301
de3d30995ab807075e5e5507,generalized_translation,multiple_forces,huber,4,True,True,0.36560169879884175,20,0.125,False,9.25465994963739e-07
de3d30995ab807075e5e5507,generalized_translation,multiple_forces,cauchy,4,True,True,0.3655721527980198,23,0.125,False,6.59321644951438e-06
de3d30995ab807075e5e5507,generalized_translation,multiple_forces,profile_map,48,True,True,-28.564613041465744,425,0.027540043514792608,False,0.007558316875038426
de482f6ed3c4012d31d9b039,generalized_translation,bounce,huber,3,True,True,2.4920947353332012,21,0.125,False,8.640343085995797e-10
de482f6ed3c4012d31d9b039,generalized_translation,bounce,cauchy,4,True,True,2.490261660398513,16,0.125,False,4.864176888738149e-06
de482f6ed3c4012d31d9b039,generalized_translation,bounce,profile_map,22,True,True,-20.026478897766825,260,0.07012569333426112,False,0.00011787644871283193
de482f6ed3c4012d31d9b039,setup_translation,bounce,huber,3,True,True,3.6623550631787642,18,0.125,False,1.7604286465280426e-10
de482f6ed3c4012d31d9b039,setup_translation,bounce,cauchy,5,True,True,3.659072496747373,27,0.125,False,4.757561515178948e-06
de482f6ed3c4012d31d9b039,setup_translation,bounce,profile_map,12,True,True,-17.403217378058322,105,0.09722870626108225,False,5.661590551609357e-05
de57c6a4cb829b89c790c450,generalized_translation,unforced_slide,huber,3,True,True,1.5582418173769446,24,0.125,False,0.0009564805736886544
de57c6a4cb829b89c790c450,generalized_translation,unforced_slide,cauchy,4,True,True,1.557968471757214,21,0.125,False,0.0009508916993554502
de57c6a4cb829b89c790c450,generalized_translation,unforced_slide,profile_map,26,False,True,-23.208298510995625,396,0.048822768122004576,False,0.0012060429774835137
dea08fc442f32b8e60bc24d0,generalized_translation,unforced_slide,huber,3,True,True,2.006991137457927,24,0.125,False,0.001389348434206117
dea08fc442f32b8e60bc24d0,generalized_translation,unforced_slide,cauchy,4,True,True,2.006924598399927,27,0.125,False,0.0013906967617440431
dea08fc442f32b8e60bc24d0,generalized_translation,unforced_slide,profile_map,31,True,True,-26.16681972445395,248,0.0304355169952528,False,0.001940481541419926
df752353dd186dda3ae2fbbb,generalized_translation,unforced_slide,huber,3,True,True,0.8072155779011232,18,0.125,False,6.77416901707226e-08
df752353dd186dda3ae2fbbb,generalized_translation,unforced_slide,cauchy,4,True,True,0.8070790598917839,22,0.125,False,1.113755233220735e-06
df752353dd186dda3ae2fbbb,generalized_translation,unforced_slide,profile_map,24,True,True,-24.883824112013723,212,0.04272422276170527,False,0.0004567669582663248
df776880431c6395ef5537fb,generalized_translation,multiple_forces,huber,4,True,True,1.5492722588144843,32,0.125,False,0.3426730768305266
df776880431c6395ef5537fb,generalized_translation,multiple_forces,cauchy,5,True,True,1.5488358894313254,50,0.125,False,0.34257659591656636
df776880431c6395ef5537fb,generalized_translation,multiple_forces,profile_map,37,True,True,-22.596135974086796,295,0.05315635215888436,False,0.43971489617425646
dfe559483f26c60467c4193e,generalized_translation,multiple_forces,huber,3,True,True,1.5534023965628128,18,0.125,False,0.00024011232605577264
dfe559483f26c60467c4193e,generalized_translation,multiple_forces,cauchy,6,True,True,1.55330364915985,40,0.125,False,0.00013583384184873346
dfe559483f26c60467c4193e,generalized_translation,multiple_forces,profile_map,33,True,True,-28.87739862923282,450,0.022179925463079134,False,0.18524104364451024
e03ba19cdf7300a8a94cb5ec,generalized_translation,multiple_forces,huber,4,True,True,2.315454074661941,21,0.125,False,0.021741702080324617
e03ba19cdf7300a8a94cb5ec,generalized_translation,multiple_forces,cauchy,5,True,True,2.3147285595409843,32,0.125,False,0.021771370772708597
e03ba19cdf7300a8a94cb5ec,generalized_translation,multiple_forces,profile_map,41,True,True,-21.85612916599821,400,0.053334265195205344,False,0.014588764106851703
e06a17ac8316439e84cfd126,generalized_translation,unforced_slide,huber,3,True,True,1.3333506738567793,20,0.125,False,3.393740206153511e-05
e06a17ac8316439e84cfd126,generalized_translation,unforced_slide,cauchy,5,True,True,1.332909738327956,20,0.125,False,3.4419991226166146e-05
e06a17ac8316439e84cfd126,generalized_translation,unforced_slide,profile_map,25,True,True,-22.3018511446353,376,0.05804049048276594,False,0.00022967079330828773
e079673f6a38335347a8838f,generalized_translation,unforced_slide,huber,2,True,True,0.8176109639659223,14,0.125,False,2.3059207902696917e-09
e079673f6a38335347a8838f,generalized_translation,unforced_slide,cauchy,4,True,True,0.8172916279090424,21,0.125,False,4.841452174865158e-06
e079673f6a38335347a8838f,generalized_translation,unforced_slide,profile_map,23,True,True,-23.464529253771122,204,0.05249082245210582,False,0.0007606779208230474
e08267e4cc198c308e7e67c9,generalized_translation,bounce,huber,3,True,True,0.7969700563224458,18,0.125,False,1.3164365958160608e-11
e08267e4cc198c308e7e67c9,generalized_translation,bounce,cauchy,4,True,True,0.79684329188349,16,0.125,False,4.2731548837249447e-07
e08267e4cc198c308e7e67c9,generalized_translation,bounce,profile_map,28,True,True,-26.408113027561605,315,0.034658984556161516,False,4.817971302488975e-05
e08267e4cc198c308e7e67c9,setup_translation,bounce,huber,3,True,True,1.0279978231955882,22,0.125,False,3.030435892040406e-10
e08267e4cc198c308e7e67c9,setup_translation,bounce,cauchy,4,True,True,1.0275865212314004,20,0.125,False,2.8760061020968607e-06
e08267e4cc198c308e7e67c9,setup_translation,bounce,profile_map,12,True,True,-24.178370685663893,102,0.045789288922180045,False,3.920363421376101e-05
e098c13287bc0b173af44541,generalized_translation,bounce,huber,3,True,True,2.424751283815145,21,0.125,False,4.072718405648301e-08
e098c13287bc0b173af44541,generalized_translation,bounce,cauchy,4,True,True,2.4246099505094385,20,0.125,False,1.7091562408716923e-07
e098c13287bc0b173af44541,generalized_translation,bounce,profile_map,33,True,True,-23.947651766651532,290,0.038839523402603916,False,0.000340059880875193
e098c13287bc0b173af44541,setup_translation,bounce,huber,3,True,True,2.635699501146993,18,0.125,False,5.454822508029621e-11
e098c13287bc0b173af44541,setup_translation,bounce,cauchy,4,True,True,2.635443991739719,15,0.125,False,1.4487975147282396e-06
e098c13287bc0b173af44541,setup_translation,bounce,profile_map,10,True,True,-22.160630655673888,159,0.04860844386656522,False,0.00024060697546183588
e0eb33da7585a3068ebd2471,generalized_translation,unforced_slide,huber,3,True,True,0.49867839875494135,13,0.125,False,6.871372084349162e-07
e0eb33da7585a3068ebd2471,generalized_translation,unforced_slide,cauchy,4,True,True,0.49864275137342445,26,0.125,False,3.3905441165908206e-06
e0eb33da7585a3068ebd2471,generalized_translation,unforced_slide,profile_map,20,True,True,-28.222991984677208,196,0.02830710122091274,False,0.001649575631212875
e0ec045afe6e9b8e2c25c1e7,generalized_translation,unforced_slide,huber,3,True,True,0.6214017184747841,17,0.125,False,0.0002154853165345551
e0ec045afe6e9b8e2c25c1e7,generalized_translation,unforced_slide,cauchy,4,True,True,0.6213899916368323,25,0.125,False,0.00021556286537110467
e0ec045afe6e9b8e2c25c1e7,generalized_translation,unforced_slide,profile_map,21,True,True,-29.339671141434735,216,0.02407209091128547,False,0.0021075303618334016
e173145b5014c52a99165b70,generalized_translation,unforced_slide,huber,2,True,True,0.8613938040208526,15,0.125,False,4.381457491887442e-09
e173145b5014c52a99165b70,generalized_translation,unforced_slide,cauchy,4,True,True,0.8608882551046779,21,0.125,False,6.827493556019125e-06
e173145b5014c52a99165b70,generalized_translation,unforced_slide,profile_map,18,True,True,-22.975346698644508,124,0.056221732750726436,False,0.00047040497640902975
e325488941378522d8283f54,generalized_translation,unforced_slide,huber,3,True,True,1.7968468218112958,15,0.125,False,0.001044060897862539
e325488941378522d8283f54,generalized_translation,unforced_slide,cauchy,4,True,True,1.7963231642660793,25,0.125,False,0.001014607601112182
e325488941378522d8283f54,generalized_translation,unforced_slide,profile_map,23,True,True,-22.763845888905045,384,0.050300116101706024,False,0.008876972393681333
e33ec8c18b62a2be31084ed9,generalized_translation,unforced_slide,huber,3,True,True,1.7746048761041564,22,0.125,False,0.0004513712732057078
e33ec8c18b62a2be31084ed9,generalized_translation,unforced_slide,cauchy,4,True,True,1.7745265075706635,21,0.125,False,0.00045279509536097907
e33ec8c18b62a2be31084ed9,generalized_translation,unforced_slide,profile_map,29,True,True,-25.404228460470502,248,0.034781055704468176,False,0.0008503488665158636
e36a7516163838932c002c8d,generalized_translation,multiple_forces,huber,4,True,True,1.4088057332449195,33,0.125,False,0.00012404644697998368
e36a7516163838932c002c8d,generalized_translation,multiple_forces,cauchy,7,True,True,1.4081863726811947,38,0.125,False,0.00010553041629768109
e36a7516163838932c002c8d,generalized_translation,multiple_forces,profile_map,40,True,True,-22.107966616955515,540,0.05914972238368436,False,0.004252281445156449
e38b436c6b1ce435f53b3a0b,generalized_translation,bounce,huber,3,True,True,0.14204231025052302,11,0.125,False,1.5501137766772873e-12
e38b436c6b1ce435f53b3a0b,generalized_translation,bounce,cauchy,4,True,True,0.142020300746867,22,0.125,False,2.431324493742496e-07
e38b436c6b1ce435f53b3a0b,generalized_translation,bounce,profile_map,23,True,True,-30.590691322215594,255,0.02178788918966074,False,7.198474526611169e-06
e38b436c6b1ce435f53b3a0b,setup_translation,bounce,huber,3,True,True,0.32546182786161926,14,0.125,False,1.8294106740270918e-12
e38b436c6b1ce435f53b3a0b,setup_translation,bounce,cauchy,4,True,True,0.3253907968833989,20,0.125,False,5.043285749268564e-07
e38b436c6b1ce435f53b3a0b,setup_translation,bounce,profile_map,12,True,True,-26.91106203184721,138,0.03451189286766681,False,6.373223848513523e-06
e397f6a3e39ceda68e3e1297,generalized_translation,unforced_slide,huber,3,True,True,1.0253605725723727,23,0.125,False,5.025695902947113e-10
e397f6a3e39ceda68e3e1297,generalized_translation,unforced_slide,cauchy,4,True,True,1.024336047427734,15,0.125,False,1.4129825332100627e-05
e397f6a3e39ceda68e3e1297,generalized_translation,unforced_slide,profile_map,20,True,True,-22.298348185380874,132,0.06103885975601697,False,0.0002633325497772358
e3b36633fda2bfba71c08549,generalized_translation,unforced_slide,huber,3,True,True,1.3333506738567793,20,0.125,False,3.393740206153511e-05
e3b36633fda2bfba71c08549,generalized_translation,unforced_slide,cauchy,5,True,True,1.332909738327956,20,0.125,False,3.4419991226166146e-05
e3b36633fda2bfba71c08549,generalized_translation,unforced_slide,profile_map,25,True,True,-22.3018511446353,376,0.05804049048276594,False,0.00022967079330828773
e3b9f3cb51adc8c3c9b5f9ec,generalized_translation,multiple_forces,huber,5,True,True,2.1101520244367244,34,0.125,False,0.00039274505142131415
e3b9f3cb51adc8c3c9b5f9ec,generalized_translation,multiple_forces,cauchy,6,True,True,2.109817621485372,39,0.125,False,0.0004455788002803903
e3b9f3cb51adc8c3c9b5f9ec,generalized_translation,multiple_forces,profile_map,43,True,True,-23.528125065469027,460,0.042977451570284174,False,0.029300791442935695
e3cef6f638ee7c299a903a46,generalized_translation,bounce,huber,3,True,True,0.512033081960641,14,0.125,False,2.140758101667995e-11
e3cef6f638ee7c299a903a46,generalized_translation,bounce,cauchy,4,True,True,0.512026406705433,20,0.125,False,3.1004716084711482e-09
e3cef6f638ee7c299a903a46,generalized_translation,bounce,profile_map,30,True,True,-31.00006077568229,430,0.019710929049527124,False,5.3303816419201207e-05
e3cef6f638ee7c299a903a46,setup_translation,bounce,huber,3,True,True,1.282005410673144,14,0.125,False,1.9888522871419248e-11
e3cef6f638ee7c299a903a46,setup_translation,bounce,cauchy,4,True,True,1.2813854340124138,14,0.125,False,1.1783013221909e-06
e3cef6f638ee7c299a903a46,setup_translation,bounce,profile_map,11,True,True,-22.33120184606133,87,0.05824528197848075,False,3.797018921450475e-05
e3ef0d6ea06d68fdc95b75ad,generalized_translation,multiple_forces,huber,3,True,True,2.9469436609943633,25,0.125,False,9.725752357045758e-06
e3ef0d6ea06d68fdc95b75ad,generalized_translation,multiple_forces,cauchy,7,True,True,2.9444175396098617,42,0.125,False,0.00012718619357103734
e3ef0d6ea06d68fdc95b75ad,generalized_translation,multiple_forces,profile_map,38,True,True,-18.786365628692167,330,0.08187784893739064,False,0.008097592784633347
e3f50a6349964d768b0e1412,generalized_translation,unforced_slide,huber,2,True,True,1.3544840643465728,11,0.125,False,2.9445059968095753e-09
e3f50a6349964d768b0e1412,generalized_translation,unforced_slide,cauchy,4,True,True,1.3532527413528201,25,0.125,False,1.586671739555038e-05
e3f50a6349964d768b0e1412,generalized_translation,unforced_slide,profile_map,16,True,True,-21.01523583777835,188,0.07208208286776302,False,0.00013439218762880127
e4049e79127404dee8d8a154,generalized_translation,unforced_slide,huber,3,True,True,0.8602354064376175,21,0.125,False,9.545437459131643e-05
e4049e79127404dee8d8a154,generalized_translation,unforced_slide,cauchy,4,True,True,0.8602027360462161,21,0.125,False,9.55676434159869e-05
e4049e79127404dee8d8a154,generalized_translation,unforced_slide,profile_map,27,True,True,-27.560718195683677,204,0.029455442143983324,False,0.000224740199872326
e45ef73fae89797ef1baeecb,generalized_translation,unforced_slide,huber,3,True,True,1.7123412378358132,16,0.125,False,0.0005098542051459443
e45ef73fae89797ef1baeecb,generalized_translation,unforced_slide,cauchy,4,True,True,1.7123354386269816,24,0.125,False,0.0005096313106271636
e45ef73fae89797ef1baeecb,generalized_translation,unforced_slide,profile_map,29,True,True,-30.41482282102021,280,0.01821816090736074,False,0.0010689664327819598
e4d60818d1d1f6c10c9df0a9,generalized_translation,multiple_forces,huber,4,True,True,1.4308048148578,30,0.125,False,0.0006849044135948549
e4d60818d1d1f6c10c9df0a9,generalized_translation,multiple_forces,cauchy,7,True,True,1.4307859299660919,39,0.125,False,0.0006615223464615519
e4d60818d1d1f6c10c9df0a9,generalized_translation,multiple_forces,profile_map,46,True,True,-29.591673237863173,405,0.020777584494565078,False,0.14257272391057324
e53d093cf4c69dc274b83e61,generalized_translation,multiple_forces,huber,3,True,True,1.3886163123920148,32,0.125,False,2.4536085415170667e-06
e53d093cf4c69dc274b83e61,generalized_translation,multiple_forces,cauchy,5,True,True,1.3884418796239544,40,0.125,False,1.672270194867288e-05
e53d093cf4c69dc274b83e61,generalized_translation,multiple_forces,profile_map,36,True,True,-25.051141726984135,315,0.038472193428745215,False,0.012124514337364905
e56fd7367008e0ed50afad92,generalized_translation,unforced_slide,huber,3,True,True,1.804221167988026,17,0.125,False,0.0026208080168727823
e56fd7367008e0ed50afad92,generalized_translation,unforced_slide,cauchy,4,True,True,1.8039841432770838,24,0.125,False,0.0026396824468185734
e56fd7367008e0ed50afad92,generalized_translation,unforced_slide,profile_map,25,True,True,-23.760702839113417,212,0.04346079974619488,False,0.010685473649049964
e575793c6a584ef63adc209c,generalized_translation,bounce,huber,3,True,True,0.25229210016123926,17,0.125,False,1.5287895140837845e-11
e575793c6a584ef63adc209c,generalized_translation,bounce,cauchy,4,True,True,0.2522425523702113,21,0.125,False,3.1929277315819256e-07
e575793c6a584ef63adc209c,generalized_translation,bounce,profile_map,22,True,True,-27.92113532325622,260,0.030439037391187217,False,6.01761273603337e-06
e575793c6a584ef63adc209c,setup_translation,bounce,huber,3,True,True,0.2535991351901734,13,0.125,False,7.8221951719833e-12
e575793c6a584ef63adc209c,setup_translation,bounce,cauchy,4,True,True,0.25354484290080637,12,0.125,False,5.034761059097679e-07
e575793c6a584ef63adc209c,setup_translation,bounce,profile_map,10,True,True,-27.89930220414991,117,0.03052218757234462,False,5.600567538868615e-06
e5bc21904f15ce3574887d0c,generalized_translation,bounce,huber,3,True,True,2.4984797947655295,18,0.125,False,6.272057443672996e-08
e5bc21904f15ce3574887d0c,generalized_translation,bounce,cauchy,4,True,True,2.4983506854857636,18,0.125,False,8.358259949646903e-07
e5bc21904f15ce3574887d0c,generalized_translation,bounce,profile_map,31,True,True,-24.355194026373116,335,0.036353420137184095,False,0.00040368779742547424
e5bc21904f15ce3574887d0c,setup_translation,bounce,huber,3,True,True,2.6844576905966355,19,0.125,False,1.3795067530927387e-10
e5bc21904f15ce3574887d0c,setup_translation,bounce,cauchy,4,True,True,2.684186257704593,20,0.125,False,2.3685569182384413e-06
e5bc21904f15ce3574887d0c,setup_translation,bounce,profile_map,15,True,True,-22.644051982852353,147,0.04498945121100059,False,0.0002925797910690505
e5cc39a324d6b1058fd8c4c8,generalized_translation,unforced_slide,huber,2,True,True,2.0433476753208017,8,0.125,False,4.5846031261627466e-07
e5cc39a324d6b1058fd8c4c8,generalized_translation,unforced_slide,cauchy,4,True,True,2.0398810699765395,23,0.125,False,4.0123115516850787e-05
e5cc39a324d6b1058fd8c4c8,generalized_translation,unforced_slide,profile_map,27,True,True,-19.611021601241166,176,0.08337907013977848,False,0.0011102741418616978
e5d7ba30aff6f5ced5a6fc73,generalized_translation,unforced_slide,huber,3,True,True,1.1303519275320584,19,0.125,False,5.094702840098386e-05
e5d7ba30aff6f5ced5a6fc73,generalized_translation,unforced_slide,cauchy,4,True,True,1.1300805178873023,17,0.125,False,5.811897144016161e-05
e5d7ba30aff6f5ced5a6fc73,generalized_translation,unforced_slide,profile_map,27,True,True,-23.622819458349337,212,0.04891908512458422,False,0.00031493158649041234
e61feff25f0e5e9d694a0324,generalized_translation,unforced_slide,huber,3,True,True,2.914139817330531,22,0.125,False,0.0648158549015708
e61feff25f0e5e9d694a0324,generalized_translation,unforced_slide,cauchy,5,True,True,2.913451201016349,31,0.125,False,0.06478697695819163
e61feff25f0e5e9d694a0324,generalized_translation,unforced_slide,profile_map,23,True,True,-20.053118379716334,180,0.0647223978701938,False,0.07375917971093343
e68c735f55366413e1757e59,generalized_translation,multiple_forces,huber,3,True,True,1.5572043597499239,30,0.125,False,2.7638217143240633e-06
e68c735f55366413e1757e59,generalized_translation,multiple_forces,cauchy,4,True,True,1.5569816926539153,30,0.125,False,4.742144480440362e-05
e68c735f55366413e1757e59,generalized_translation,multiple_forces,profile_map,43,True,True,-23.681535836019755,330,0.0455739141535579,False,0.0028770821092132973
e6e2117e68395742a9758a6f,generalized_translation,bounce,huber,3,True,True,0.056330875544394234,13,0.125,False,1.1548495704707193e-11
e6e2117e68395742a9758a6f,generalized_translation,bounce,cauchy,3,True,True,0.05632835351873138,10,0.125,False,6.39133323201685e-08
e6e2117e68395742a9758a6f,generalized_translation,bounce,profile_map,23,True,True,-34.49741849358096,245,0.013386827317745209,False,5.442794565724861e-06
e6e2117e68395742a9758a6f,setup_translation,bounce,huber,2,True,True,0.16748663203730432,10,0.125,False,2.970236578996654e-11
e6e2117e68395742a9758a6f,setup_translation,bounce,cauchy,4,True,True,0.16747480322835115,22,0.125,False,1.6086607146472035e-08
e6e2117e68395742a9758a6f,setup_translation,bounce,profile_map,19,True,True,-29.5779810203159,147,0.024758973668683237,False,4.9542039372897345e-06
e70a6a07b84d30575002dbf5,generalized_translation,multiple_forces,huber,5,True,True,3.6458825428993955,38,0.125,False,0.00054900955340437
e70a6a07b84d30575002dbf5,generalized_translation,multiple_forces,cauchy,7,True,True,3.6454822109736176,41,0.125,False,0.0005261805246807217
e70a6a07b84d30575002dbf5,generalized_translation,multiple_forces,profile_map,47,True,True,-20.728582020647,440,0.05176059604331831,False,0.0029602737387197085
e78f7879773c7c477ddd6d5c,generalized_translation,multiple_forces,huber,2,True,True,1.4104501042400805,22,0.125,False,0.25538762694938966
e78f7879773c7c477ddd6d5c,generalized_translation,multiple_forces,cauchy,4,True,True,1.4104237491006424,25,0.125,False,0.25538385610575914
e78f7879773c7c477ddd6d5c,generalized_translation,multiple_forces,profile_map,36,True,True,-28.653437908635272,350,0.02372802181340687,False,0.26713608669095873
e7e8f72bae7580fdf8d626a0,generalized_translation,multiple_forces,huber,4,True,True,1.1354731328500909,28,0.125,False,0.0001369905026317743
e7e8f72bae7580fdf8d626a0,generalized_translation,multiple_forces,cauchy,4,True,True,1.135434493715649,35,0.125,False,0.00010820981164525167
e7e8f72bae7580fdf8d626a0,generalized_translation,multiple_forces,profile_map,39,True,True,-28.456056308451508,380,0.024962866034222993,False,0.12786924124152396
e7f07310a4faa47b2718e8c1,generalized_translation,bounce,huber,3,True,True,103.40774910039765,19,0.125,False,0.26256224399196865
e7f07310a4faa47b2718e8c1,generalized_translation,bounce,cauchy,14,True,True,93.00652537341352,59,0.125,False,0.2690941142117485
e7f07310a4faa47b2718e8c1,generalized_translation,bounce,profile_map,36,True,True,-32.829225490758546,440,0.014555469071877259,False,0.001490504763011376
e7f07310a4faa47b2718e8c1,setup_translation,bounce,huber,3,True,True,1.5132511370334925,23,0.125,False,0.001320299130352875
e7f07310a4faa47b2718e8c1,setup_translation,bounce,cauchy,4,True,True,1.5130906790181202,19,0.125,False,0.0013218694175494785
e7f07310a4faa47b2718e8c1,setup_translation,bounce,profile_map,15,True,True,-23.816751299355797,105,0.04497988151161271,False,0.0017337090961452415
e7f10759db9497ac1bc0d616,generalized_translation,bounce,huber,3,True,True,0.24480194551874782,11,0.125,False,5.823155938456164e-12
e7f10759db9497ac1bc0d616,generalized_translation,bounce,cauchy,4,True,True,0.24475793386901554,14,0.125,False,1.8106971661336122e-07
e7f10759db9497ac1bc0d616,generalized_translation,bounce,profile_map,22,True,True,-27.90850710141151,210,0.030520534587205383,False,3.4365917840566687e-06
e7f10759db9497ac1bc0d616,setup_translation,bounce,huber,3,True,True,1.2935828935398026,10,0.125,False,3.4606520556717438e-12
e7f10759db9497ac1bc0d616,setup_translation,bounce,cauchy,4,True,True,1.2918960895598575,17,0.125,False,3.4466716018656793e-06
e7f10759db9497ac1bc0d616,setup_translation,bounce,profile_map,18,True,True,-21.164467418671393,114,0.0709090391734548,False,2.3554125855568693e-06
e7faec2afbceacc2b54d2edd,generalized_translation,bounce,huber,3,True,True,0.27855429759861056,12,0.125,False,2.2298737111202075e-11
e7faec2afbceacc2b54d2edd,generalized_translation,bounce,cauchy,4,True,True,0.27849952236123043,25,0.125,False,3.695223266127568e-07
e7faec2afbceacc2b54d2edd,generalized_translation,bounce,profile_map,23,True,True,-27.382357066949304,255,0.032594311706729294,False,3.89048252297288e-06
e7faec2afbceacc2b54d2edd,setup_translation,bounce,huber,2,True,True,0.3325817442013443,6,0.125,False,3.5197031709254795e-13
e7faec2afbceacc2b54d2edd,setup_translation,bounce,cauchy,3,True,True,0.3325178506924191,17,0.125,False,1.7079832331192428e-08
e7faec2afbceacc2b54d2edd,setup_translation,bounce,profile_map,14,True,True,-26.65695551450713,144,0.035688189126860816,False,3.5875905338805742e-06
e8a6fe1a658ffb6f8700d870,generalized_translation,bounce,huber,3,True,True,0.6005977744107056,14,0.125,False,6.880523800110684e-12
e8a6fe1a658ffb6f8700d870,generalized_translation,bounce,cauchy,4,True,True,0.6005910989169998,19,0.125,False,3.206056689608721e-09
e8a6fe1a658ffb6f8700d870,generalized_translation,bounce,profile_map,30,True,True,-30.911491948846507,325,0.01971092927841479,False,5.6637439981762104e-05
e8a6fe1a658ffb6f8700d870,setup_translation,bounce,huber,3,True,True,1.3706484099734135,17,0.125,False,1.6992419367819545e-11
e8a6fe1a658ffb6f8700d870,setup_translation,bounce,cauchy,4,True,True,1.37002852098948,11,0.125,False,1.1524287794659849e-06
e8a6fe1a658ffb6f8700d870,setup_translation,bounce,profile_map,11,True,True,-22.242555901733347,99,0.05824528778244016,False,4.035300702412611e-05
e958178c67581b4936f40301,generalized_translation,multiple_forces,huber,4,True,True,1.3583811350609085,34,0.125,False,0.00014887164568396088
e958178c67581b4936f40301,generalized_translation,multiple_forces,cauchy,4,True,True,1.3576867620856434,29,0.125,False,0.00011010976863945222
e958178c67581b4936f40301,generalized_translation,multiple_forces,profile_map,43,True,True,-22.359850171168347,405,0.05723022557597391,False,0.016471953712281568
e987178413642d3faf1792a8,generalized_translation,unforced_slide,huber,2,True,True,1.0634052270935457,11,0.125,False,3.7169606505842134e-09
e987178413642d3faf1792a8,generalized_translation,unforced_slide,cauchy,4,True,True,1.0624448456080609,23,0.125,False,2.2592954725116564e-05
e987178413642d3faf1792a8,generalized_translation,unforced_slide,profile_map,14,True,True,-21.936853510824758,96,0.06442848283711115,False,3.4610121064511215e-05
e990b0b46fa9232aad4ffdce,generalized_translation,unforced_slide,huber,3,True,True,0.5938458582767963,16,0.125,False,8.977309266886934e-07
e990b0b46fa9232aad4ffdce,generalized_translation,unforced_slide,cauchy,4,True,True,0.593806154836646,19,0.125,False,3.4697451395005016e-07
e990b0b46fa9232aad4ffdce,generalized_translation,unforced_slide,profile_map,29,True,True,-27.915023887970143,200,0.029111811887280462,False,0.002380567569995425
e99eaade07e879c546c560e7,generalized_translation,unforced_slide,huber,3,True,True,1.9240583428964175,24,0.125,False,3.329229870039356e-08
e99eaade07e879c546c560e7,generalized_translation,unforced_slide,cauchy,5,True,True,1.922308516618946,33,0.125,False,9.72057943292455e-06
e99eaade07e879c546c560e7,generalized_translation,unforced_slide,profile_map,24,True,True,-19.976846708544635,252,0.07905283172513458,False,0.00016485080534236137
e99eb72c0f9283a6ee83ebca,generalized_translation,bounce,huber,3,True,True,0.5914046760444526,15,0.125,False,2.6280325773853815e-10
e99eb72c0f9283a6ee83ebca,generalized_translation,bounce,cauchy,4,True,True,0.5912902085343145,26,0.125,False,5.785651433006643e-07
e99eb72c0f9283a6ee83ebca,generalized_translation,bounce,profile_map,25,True,True,-26.21035427690796,230,0.036614092212995754,False,2.8425400933617394e-05
e99eb72c0f9283a6ee83ebca,setup_translation,bounce,huber,3,True,True,1.0660891395275638,11,0.125,False,5.486764555390633e-10
e99eb72c0f9283a6ee83ebca,setup_translation,bounce,cauchy,4,True,True,1.0653402954486297,17,0.125,False,2.442270483008807e-06
e99eb72c0f9283a6ee83ebca,setup_translation,bounce,profile_map,16,True,True,-22.740997715696167,138,0.05648438133246083,False,2.245358282583035e-05
e9b125b657682b0abdbc0a4d,generalized_translation,multiple_forces,huber,3,True,True,1.0098544472183713,24,0.125,False,8.486209351995666e-07
e9b125b657682b0abdbc0a4d,generalized_translation,multiple_forces,cauchy,6,True,True,1.0092124096321566,41,0.125,False,6.563886322993577e-05
e9b125b657682b0abdbc0a4d,generalized_translation,multiple_forces,profile_map,47,True,True,-23.396220911023384,550,0.05150481102733646,False,0.012343122332888791
ea0cf410ad3ff39d1ed33700,generalized_translation,unforced_slide,huber,3,True,True,1.3510350105704187,17,0.125,False,0.0002815591117053056
ea0cf410ad3ff39d1ed33700,generalized_translation,unforced_slide,cauchy,6,True,True,1.3506898641133362,30,0.125,False,0.0002787157540935314
ea0cf410ad3ff39d1ed33700,generalized_translation,unforced_slide,profile_map,26,True,True,-22.61424862524654,232,0.05509341250461496,False,0.003863466317081934
ea4c98717eb7396d2a8ba75b,generalized_translation,unforced_slide,huber,3,True,True,2.181329297244348,20,0.125,False,0.014344850590372016
ea4c98717eb7396d2a8ba75b,generalized_translation,unforced_slide,cauchy,5,True,True,2.1806194241779933,29,0.125,False,0.014342739748620824
ea4c98717eb7396d2a8ba75b,generalized_translation,unforced_slide,profile_map,30,True,True,-21.04972199705419,304,0.061976999717806014,False,0.01397074555145606
ea9a23c0d5ee9967b007d3ab,generalized_translation,bounce,huber,3,True,True,1.1274748189640067,18,0.125,False,6.293176533899701e-12
ea9a23c0d5ee9967b007d3ab,generalized_translation,bounce,cauchy,4,True,True,1.1274496038226964,26,0.125,False,3.87072119577803e-07
ea9a23c0d5ee9967b007d3ab,generalized_translation,bounce,profile_map,30,True,True,-27.215524717725838,370,0.029761474075809022,False,0.00011933063614079092
ea9a23c0d5ee9967b007d3ab,setup_translation,bounce,huber,3,True,True,1.314565424954062,14,0.125,False,7.719151765034832e-10
ea9a23c0d5ee9967b007d3ab,setup_translation,bounce,cauchy,4,True,True,1.3144654141310896,14,0.125,False,8.360156436867483e-07
ea9a23c0d5ee9967b007d3ab,setup_translation,bounce,profile_map,21,True,True,-24.835391025621675,177,0.04005906343951939,False,9.393097159133347e-05
eae7f42801604276be356a6c,generalized_translation,bounce,huber,3,True,True,0.43095591332706146,18,0.125,False,0.000594919742458687
eae7f42801604276be356a6c,generalized_translation,bounce,cauchy,4,True,True,0.4308490608686002,31,0.125,False,0.0005951293711517556
eae7f42801604276be356a6c,generalized_translation,bounce,profile_map,14,True,True,-0.4405553177833782,175,0.9443958119702964,False,0.20692928003444502
eae7f42801604276be356a6c,setup_translation,bounce,huber,4,True,True,1.1456518162155354,38,0.125,False,0.00047838587640412745
eae7f42801604276be356a6c,setup_translation,bounce,cauchy,5,True,True,1.1447604432843779,33,0.125,False,0.0004780513413120687
eae7f42801604276be356a6c,setup_translation,bounce,profile_map,13,True,True,-21.83923021783304,114,0.06459747842318471,False,0.0004974488809184148
eae8aac9700c81ce6ae85f87,generalized_translation,bounce,huber,2,True,True,0.08362376541731069,8,0.125,False,1.2537596505582487e-11
eae8aac9700c81ce6ae85f87,generalized_translation,bounce,cauchy,3,True,True,0.08361625868491651,13,0.125,False,1.210387356445614e-07
eae8aac9700c81ce6ae85f87,generalized_translation,bounce,profile_map,18,True,True,-32.11988606319767,245,0.0180425641413151,False,9.183520385325754e-07
eae8aac9700c81ce6ae85f87,setup_translation,bounce,huber,2,True,True,0.4331174164645047,8,0.125,False,2.4930564873061372e-11
eae8aac9700c81ce6ae85f87,setup_translation,bounce,cauchy,3,True,True,0.43299460738995915,15,0.125,False,1.2255528534813346e-07
eae8aac9700c81ce6ae85f87,setup_translation,bounce,profile_map,10,True,True,-25.529877642062484,84,0.04111970560687262,False,7.660151421823071e-07
eb2db800a8864dcff33371ee,generalized_translation,multiple_forces,huber,4,True,True,1.6621028804947708,31,0.125,False,0.024530427018903893
eb2db800a8864dcff33371ee,generalized_translation,multiple_forces,cauchy,4,True,True,1.6620136571664528,47,0.125,False,0.024495583053710957
eb2db800a8864dcff33371ee,generalized_translation,multiple_forces,profile_map,41,True,True,-26.77368363729823,330,0.028642767974714167,False,0.23626611718169105
eb66999bc38cb53232a3c84c,generalized_translation,unforced_slide,huber,3,True,True,1.894646782827877,22,0.125,False,0.00019882104256061965
eb66999bc38cb53232a3c84c,generalized_translation,unforced_slide,cauchy,4,True,True,1.894428245497143,25,0.125,False,0.00020029065558195273
eb66999bc38cb53232a3c84c,generalized_translation,unforced_slide,profile_map,19,True,True,-23.448956128753466,212,0.04489213830205916,False,0.0005526500154604213
eba1642e460ed2f5bdf216a4,generalized_translation,unforced_slide,huber,2,True,True,0.1063679655839091,7,0.125,False,1.3266493723358866e-09
eba1642e460ed2f5bdf216a4,generalized_translation,unforced_slide,cauchy,4,True,True,0.10635967744325879,20,0.125,False,2.2897707653461282e-07
eba1642e460ed2f5bdf216a4,generalized_translation,unforced_slide,profile_map,17,True,True,-31.175058227340013,160,0.020302978938204482,False,5.423524299567528e-05
ec2a9be82985c0bee7793d77,generalized_translation,bounce,huber,3,True,True,1.6061846417314363,23,0.125,False,1.5521004167562024e-09
ec2a9be82985c0bee7793d77,generalized_translation,bounce,cauchy,5,True,True,1.6059340281338474,29,0.125,False,1.0023508464266299e-06
ec2a9be82985c0bee7793d77,generalized_translation,bounce,profile_map,27,True,True,-22.532369140841592,275,0.05365368094629524,False,7.339215320444398e-05
ec2a9be82985c0bee7793d77,setup_translation,bounce,huber,3,True,True,2.347193443212762,19,0.125,False,8.972062861429653e-11
ec2a9be82985c0bee7793d77,setup_translation,bounce,cauchy,5,True,True,2.344619889914866,28,0.125,False,3.350787869126253e-06
ec2a9be82985c0bee7793d77,setup_translation,bounce,profile_map,12,True,True,-19.747345535008968,105,0.0760041099949963,False,4.771371094233978e-05
ed18d80925576c625afcfa19,generalized_translation,bounce,huber,3,True,True,1.6671823211176513,15,0.125,False,0.0011490474547791853
ed18d80925576c625afcfa19,generalized_translation,bounce,cauchy,4,True,True,1.6661813732351756,27,0.125,False,0.0011533407394568008
ed18d80925576c625afcfa19,generalized_translation,bounce,profile_map,28,True,True,-21.60828739836454,290,0.06152506977574636,False,0.001014489046071728
ed18d80925576c625afcfa19,setup_translation,bounce,huber,4,True,True,3.2256313997816504,30,0.125,False,0.0036020947930293845
ed18d80925576c625afcfa19,setup_translation,bounce,cauchy,6,True,True,3.2214217057186545,38,0.125,False,0.0036157325996546644
ed18d80925576c625afcfa19,setup_translation,bounce,profile_map,18,True,True,-17.777557902397724,153,0.09923154096119165,False,0.003548891762588825
ed202a9abf0dadfde583f9d6,generalized_translation,unforced_slide,huber,3,True,True,1.29624979145722,23,0.125,False,0.0060849726728224515
ed202a9abf0dadfde583f9d6,generalized_translation,unforced_slide,cauchy,4,True,True,1.2962382718457595,20,0.125,False,0.006084918789860277
ed202a9abf0dadfde583f9d6,generalized_translation,unforced_slide,profile_map,26,True,True,-28.876471028363323,272,0.023422214958580836,False,0.0056980640265052885
ed2ca44014355bc833024373,generalized_translation,bounce,huber,3,True,True,0.5910948187549744,21,0.125,False,7.719422091825327e-10
ed2ca44014355bc833024373,generalized_translation,bounce,cauchy,4,True,True,0.5909011855138905,18,0.125,False,2.2567463385387425e-07
ed2ca44014355bc833024373,generalized_translation,bounce,profile_map,19,True,True,-24.579584739572827,270,0.04602612243671881,False,8.621389868306083e-06
ed2ca44014355bc833024373,setup_translation,bounce,huber,3,True,True,0.9786144616632773,10,0.125,False,2.5469149772110398e-11
ed2ca44014355bc833024373,setup_translation,bounce,cauchy,4,True,True,0.9779762324836201,25,0.125,False,2.0829627011296074e-06
ed2ca44014355bc833024373,setup_translation,bounce,profile_map,22,True,True,-22.423012074305376,159,0.06026658590858678,False,7.103436350265088e-06
ed3bf6fabf2767c81dcb72bc,generalized_translation,multiple_forces,huber,4,True,True,1.2758568744766077,27,0.125,False,3.0739549903622717e-08
ed3bf6fabf2767c81dcb72bc,generalized_translation,multiple_forces,cauchy,5,True,True,1.2751680563450942,21,0.125,False,7.330771664762504e-05
ed3bf6fabf2767c81dcb72bc,generalized_translation,multiple_forces,profile_map,30,True,True,-22.66941818718135,325,0.05524029221397454,False,0.011540491416336257
ed9504006eb1fa4f7a7868cd,generalized_translation,unforced_slide,huber,3,True,True,0.7127685898701928,13,0.125,False,9.56118356298817e-07
ed9504006eb1fa4f7a7868cd,generalized_translation,unforced_slide,cauchy,4,True,True,0.7127036031037786,23,0.125,False,3.264439502530274e-06
ed9504006eb1fa4f7a7868cd,generalized_translation,unforced_slide,profile_map,27,True,True,-26.630293562158982,220,0.03401484782428682,False,0.0018829724326246198
ed99be09ca4f9f1257fa5a48,generalized_translation,multiple_forces,huber,4,True,True,1.5946033382611169,23,0.125,False,2.420214503036354e-08
ed99be09ca4f9f1257fa5a48,generalized_translation,multiple_forces,cauchy,5,True,True,1.5938847221982264,35,0.125,False,6.366489672575778e-07
ed99be09ca4f9f1257fa5a48,generalized_translation,multiple_forces,profile_map,35,True,True,-21.56542077048769,360,0.06268585381449936,False,0.00745178665310691
edade2880e3bf533bd95dc67,generalized_translation,bounce,huber,3,True,True,0.24360840910488576,14,0.125,False,2.0438593587165367e-11
edade2880e3bf533bd95dc67,generalized_translation,bounce,cauchy,4,True,True,0.24355064906496068,24,0.125,False,2.737168927744644e-07
edade2880e3bf533bd95dc67,generalized_translation,bounce,profile_map,21,True,True,-28.12941417790597,315,0.02964362838173072,False,6.895445352292964e-06
edade2880e3bf533bd95dc67,setup_translation,bounce,huber,3,True,True,0.40773326786470065,18,0.125,False,1.5679309963103078e-10
edade2880e3bf533bd95dc67,setup_translation,bounce,cauchy,4,True,True,0.4075805798099857,27,0.125,False,4.816111098168933e-07
edade2880e3bf533bd95dc67,setup_translation,bounce,profile_map,11,True,True,-25.93886619358658,78,0.03898015879024366,False,6.209240546995844e-06
ee01981352031e4d45a6be3a,generalized_translation,multiple_forces,huber,4,True,True,1.7516998277888094,37,0.125,False,0.0004094192137551236
ee01981352031e4d45a6be3a,generalized_translation,multiple_forces,cauchy,8,True,True,1.7515672848648618,89,0.125,False,0.0003064352460905465
ee01981352031e4d45a6be3a,generalized_translation,multiple_forces,profile_map,40,True,True,-25.91531758856028,420,0.03206166348350918,False,0.16320164506732257
ee0da28c5226adf9141405a2,generalized_translation,unforced_slide,huber,2,True,True,0.20629498061775986,15,0.125,False,9.520782767032767e-10
ee0da28c5226adf9141405a2,generalized_translation,unforced_slide,cauchy,4,True,True,0.20627459896331451,17,0.125,False,4.090871372413003e-07
ee0da28c5226adf9141405a2,generalized_translation,unforced_slide,profile_map,19,True,True,-29.258883566119973,156,0.025679848636987454,False,0.00023968479793728213
ee0f084611fb301ead5b3d17,generalized_translation,bounce,huber,3,True,True,2.9619208916410287,14,0.125,False,1.0648828397389252e-07
ee0f084611fb301ead5b3d17,generalized_translation,bounce,cauchy,4,True,True,2.9618197135247173,25,0.125,False,5.1058383109564174e-08
ee0f084611fb301ead5b3d17,generalized_translation,bounce,profile_map,30,True,True,-23.84663398007052,365,0.03657707748616326,False,0.0005837620813741915
ee0f084611fb301ead5b3d17,setup_translation,bounce,huber,3,True,True,4.810002457644142,10,0.125,False,1.1504729393035225e-10
ee0f084611fb301ead5b3d17,setup_translation,bounce,cauchy,5,True,True,4.804686245661409,31,0.125,False,4.408642842372352e-05
ee0f084611fb301ead5b3d17,setup_translation,bounce,profile_map,14,True,True,-16.449470563833273,144,0.09187291876973673,False,0.0002282979775790757
ee3a934b79c31ea9d6bdb5da,generalized_translation,bounce,huber,2,True,True,0.21025159976615365,11,0.125,False,2.6652458161642133e-11
ee3a934b79c31ea9d6bdb5da,generalized_translation,bounce,cauchy,4,True,True,0.21022127663577964,24,0.125,False,2.95816052154001e-07
ee3a934b79c31ea9d6bdb5da,generalized_translation,bounce,profile_map,18,True,True,-28.455179054650078,190,0.028519980003888046,False,2.4411249972189785e-06
ee3a934b79c31ea9d6bdb5da,setup_translation,bounce,huber,2,True,True,2.253360788023231,5,0.125,False,1.3367964556108602e-11
ee3a934b79c31ea9d6bdb5da,setup_translation,bounce,cauchy,4,True,True,2.24704762762448,14,0.125,False,2.1166403721336764e-05
ee3a934b79c31ea9d6bdb5da,setup_translation,bounce,profile_map,17,True,True,-18.932613868209145,81,0.09377718128289697,False,1.0481458756300132e-06
eed27596c7b18581c0da6691,generalized_translation,multiple_forces,huber,3,True,True,0.3771624174335859,27,0.125,False,2.4615975640313733e-07
eed27596c7b18581c0da6691,generalized_translation,multiple_forces,cauchy,5,True,True,0.3770971231471684,32,0.125,False,5.153738858954501e-07
eed27596c7b18581c0da6691,generalized_translation,multiple_forces,profile_map,33,True,True,-27.058494839131725,340,0.03359336788816639,False,0.006130313485620167
ef1bb355a4c5000407aab286,generalized_translation,multiple_forces,huber,3,True,True,1.4901068592691264,28,0.125,False,2.884692705498894e-07
ef1bb355a4c5000407aab286,generalized_translation,multiple_forces,cauchy,5,True,True,1.4896297955921516,29,0.125,False,9.086645791698006e-06
ef1bb355a4c5000407aab286,generalized_translation,multiple_forces,profile_map,44,True,True,-22.338117984494144,360,0.05628591291169638,False,0.006846531141801924
ef2710dc603bb4d7b11a7528,generalized_translation,unforced_slide,huber,3,True,True,1.1303519275320584,19,0.125,False,5.094702840098386e-05
ef2710dc603bb4d7b11a7528,generalized_translation,unforced_slide,cauchy,4,True,True,1.1300805178873023,17,0.125,False,5.811897144016161e-05
ef2710dc603bb4d7b11a7528,generalized_translation,unforced_slide,profile_map,27,True,True,-23.622819458349337,212,0.04891908512458422,False,0.00031493158649041234
efa356293160a302137cffb9,generalized_translation,bounce,huber,3,True,True,0.3989704186888241,22,0.125,False,4.4338572979825397e-10
efa356293160a302137cffb9,generalized_translation,bounce,cauchy,4,True,True,0.39886849577746425,22,0.125,False,7.327777278600964e-07
efa356293160a302137cffb9,generalized_translation,bounce,profile_map,25,True,True,-26.726862289874973,290,0.03503335203496926,False,1.7307654584300127e-05
efa356293160a302137cffb9,setup_translation,bounce,huber,3,True,True,1.0012585224644006,9,0.125,False,2.7573355226913138e-11
efa356293160a302137cffb9,setup_translation,bounce,cauchy,4,True,True,1.000750927748755,19,0.125,False,1.1549914022990449e-06
efa356293160a302137cffb9,setup_translation,bounce,profile_map,8,True,True,-22.445664643857324,48,0.05982460916592919,False,1.334427376280687e-05
efb50dc85e8e1f7a01e047e9,generalized_translation,multiple_forces,huber,3,True,True,1.1840987971361994,30,0.125,False,0.0015521550172125271
efb50dc85e8e1f7a01e047e9,generalized_translation,multiple_forces,cauchy,6,True,True,1.1840142127932807,39,0.125,False,0.0016194178477738446
efb50dc85e8e1f7a01e047e9,generalized_translation,multiple_forces,profile_map,53,True,True,-26.822347718959517,430,0.030604825384830146,False,0.18190819564572264
efdf5cbba71dc75e48a6a576,generalized_translation,unforced_slide,huber,2,True,True,0.7952836394186925,11,0.125,False,5.050635555235124e-10
efdf5cbba71dc75e48a6a576,generalized_translation,unforced_slide,cauchy,3,True,True,0.7949780308095681,14,0.125,False,4.180886465412864e-06
efdf5cbba71dc75e48a6a576,generalized_translation,unforced_slide,profile_map,16,True,True,-23.096956985305695,104,0.05573648675691166,False,2.6641742205546667e-06
efe34a24d65762769a7d2449,generalized_translation,unforced_slide,huber,3,True,True,0.29141866890873513,14,0.125,False,2.3551757099820885e-09
efe34a24d65762769a7d2449,generalized_translation,unforced_slide,cauchy,4,True,True,0.2913916609792644,25,0.125,False,3.336962384353391e-07
efe34a24d65762769a7d2449,generalized_translation,unforced_slide,profile_map,24,True,True,-28.301454227357166,288,0.028794128007915632,False,0.0002527197053003686
efeeb8f324e1992e8b98599c,generalized_translation,unforced_slide,huber,3,True,True,1.0127612816650822,21,0.125,False,0.0007607311237734282
efeeb8f324e1992e8b98599c,generalized_translation,unforced_slide,cauchy,4,True,True,1.0127529244966271,24,0.125,False,0.0007596887305058675
efeeb8f324e1992e8b98599c,generalized_translation,unforced_slide,profile_map,24,True,True,-29.773571757505067,208,0.021622995091017706,False,0.008961778188430735
f038c5bdbb70ee1ff97699a0,generalized_translation,unforced_slide,huber,3,True,True,3.4802534835465835,18,0.125,False,0.006424113563267761
f038c5bdbb70ee1ff97699a0,generalized_translation,unforced_slide,cauchy,5,True,True,3.4786077464444305,29,0.125,False,0.006413787848615986
f038c5bdbb70ee1ff97699a0,generalized_translation,unforced_slide,profile_map,31,True,True,-18.257911289592894,232,0.08177314885879629,False,0.014056698068660443
f0470dcb1f73ac80840e7221,generalized_translation,bounce,huber,3,True,True,29.46620812191426,26,0.125,False,0.1306886081480475
f0470dcb1f73ac80840e7221,generalized_translation,bounce,cauchy,8,True,True,28.628742388802902,49,0.125,False,0.13147911235716758
f0470dcb1f73ac80840e7221,generalized_translation,bounce,profile_map,30,True,True,-24.94630449141363,330,0.03960672294645014,False,0.00015103792312471076
f0470dcb1f73ac80840e7221,setup_translation,bounce,huber,3,True,True,1.3633615770907435,20,0.125,False,0.0004509361958965329
f0470dcb1f73ac80840e7221,setup_translation,bounce,cauchy,4,True,True,1.3632151625432503,16,0.125,False,0.0004518164030523302
f0470dcb1f73ac80840e7221,setup_translation,bounce,profile_map,17,True,True,-24.240330864816276,126,0.04325634652606688,False,0.00010478868942195179
f08e22ffdb34874d7f451b21,generalized_translation,bounce,huber,3,True,True,0.5454445222191964,12,0.125,False,0.0006616207925534839
f08e22ffdb34874d7f451b21,generalized_translation,bounce,cauchy,4,True,True,0.5453349282519365,18,0.125,False,0.0006617536037801472
f08e22ffdb34874d7f451b21,generalized_translation,bounce,profile_map,30,True,True,-25.37328052283678,240,0.0413758110555471,False,0.0006950371750289804
f08e22ffdb34874d7f451b21,setup_translation,bounce,huber,3,True,True,1.2097629720943883,23,0.125,False,0.0004184304294635955
f08e22ffdb34874d7f451b21,setup_translation,bounce,cauchy,5,True,True,1.20917389323029,29,0.125,False,0.00042096982440651407
f08e22ffdb34874d7f451b21,setup_translation,bounce,profile_map,18,True,True,-21.6850839422283,132,0.06560277894722102,False,0.00044436159769756516
f0ca0ed3ae0928ca4c54ea90,generalized_translation,bounce,huber,3,True,True,0.49040294113452143,13,0.125,False,0.0015822784499845677
f0ca0ed3ae0928ca4c54ea90,generalized_translation,bounce,cauchy,4,True,True,0.4903272631381531,21,0.125,False,0.0015823419504981948
f0ca0ed3ae0928ca4c54ea90,generalized_translation,bounce,profile_map,27,True,True,-26.566292280991238,280,0.03536367841127089,False,0.0016415983023380992
f0ca0ed3ae0928ca4c54ea90,setup_translation,bounce,huber,3,True,True,0.6577411073406472,16,0.125,False,0.000970128671860903
f0ca0ed3ae0928ca4c54ea90,setup_translation,bounce,cauchy,4,True,True,0.6575276040607073,19,0.125,False,0.0009689453915418721
f0ca0ed3ae0928ca4c54ea90,setup_translation,bounce,profile_map,19,True,True,-24.88645779807357,135,0.04362496446705009,False,0.0010091882562380371
f1365046c73190d0cde8b4d4,generalized_translation,unforced_slide,huber,2,True,True,0.43429288094246526,14,0.125,False,6.808256507306497e-09
f1365046c73190d0cde8b4d4,generalized_translation,unforced_slide,cauchy,4,True,True,0.4342398928208903,28,0.125,False,6.482030761600331e-07
f1365046c73190d0cde8b4d4,generalized_translation,unforced_slide,profile_map,29,True,True,-26.56616116202275,256,0.0356349656278295,False,0.00023929148734097087
f13cee782090b9a1f16167a4,generalized_translation,unforced_slide,huber,2,True,True,0.6147227702344462,15,0.125,False,9.262191268949391e-07
f13cee782090b9a1f16167a4,generalized_translation,unforced_slide,cauchy,4,True,True,0.6146430608660305,24,0.125,False,5.711879699591197e-07
f13cee782090b9a1f16167a4,generalized_translation,unforced_slide,profile_map,20,True,True,-27.017247383131206,168,0.03271719053870094,False,0.00231693517870064
f1f30603fda2c329cd2fc4fe,generalized_translation,multiple_forces,huber,4,True,True,0.6637105288178715,16,0.125,False,4.062351477750807e-06
f1f30603fda2c329cd2fc4fe,generalized_translation,multiple_forces,cauchy,5,True,True,0.6636781020284026,27,0.125,False,7.494277455725763e-06
f1f30603fda2c329cd2fc4fe,generalized_translation,multiple_forces,profile_map,40,True,True,-28.5844812952727,395,0.02641359143553436,False,0.008940519714115292
f1fc054408683ebfdf004bde,generalized_translation,bounce,huber,3,True,True,0.10414559185466389,15,0.125,False,5.0094806122146826e-12
f1fc054408683ebfdf004bde,generalized_translation,bounce,cauchy,3,True,True,0.10414138899541645,14,0.125,False,1.504106401240678e-08
f1fc054408683ebfdf004bde,generalized_translation,bounce,profile_map,28,True,True,-32.870598735869486,305,0.016353967391026673,False,1.1440373273764761e-05
f1fc054408683ebfdf004bde,setup_translation,bounce,huber,3,True,True,0.6860871107591071,15,0.125,False,1.5720720214117576e-11
f1fc054408683ebfdf004bde,setup_translation,bounce,cauchy,4,True,True,0.6855937060054288,19,0.125,False,1.1702537300221673e-07
f1fc054408683ebfdf004bde,setup_translation,bounce,profile_map,18,True,True,-23.86632349961332,126,0.0503998657568323,False,9.109595031242276e-06
f2110788ab60a10c258fb58e,generalized_translation,multiple_forces,huber,3,True,True,0.8023867101235673,30,0.125,False,1.198781011653441e-07
f2110788ab60a10c258fb58e,generalized_translation,multiple_forces,cauchy,5,True,True,0.8021391733721143,34,0.125,False,9.59454077784319e-06
f2110788ab60a10c258fb58e,generalized_translation,multiple_forces,profile_map,37,True,True,-24.462989004297313,355,0.04540002416336141,False,0.0032118138886203765
f2e710cc9bf128cdc7cbf9ee,generalized_translation,multiple_forces,huber,3,True,True,1.7906264298884542,16,0.125,False,0.23150142236453206
f2e710cc9bf128cdc7cbf9ee,generalized_translation,multiple_forces,cauchy,4,True,True,1.7905371090228557,32,0.125,False,0.2314944158897343
f2e710cc9bf128cdc7cbf9ee,generalized_translation,multiple_forces,profile_map,42,True,True,-26.18869322729463,420,0.031196832596761388,False,0.24313206419434558
f2fc6b5b3f21cd47cf3cbe60,generalized_translation,unforced_slide,huber,3,True,True,1.568498144633718,19,0.125,False,0.003954871333396088
f2fc6b5b3f21cd47cf3cbe60,generalized_translation,unforced_slide,cauchy,4,True,True,1.568480244343705,22,0.125,False,0.003954254057908318
f2fc6b5b3f21cd47cf3cbe60,generalized_translation,unforced_slide,profile_map,23,True,True,-28.560560358152546,220,0.023531108539022367,False,0.013899842608893632
f350dc05007b569e04b5a774,generalized_translation,unforced_slide,huber,2,True,True,0.7624409445152609,8,0.125,False,4.878171224561964e-09
f350dc05007b569e04b5a774,generalized_translation,unforced_slide,cauchy,3,True,True,0.7619553136177967,12,0.125,False,3.7812231420199893e-06
f350dc05007b569e04b5a774,generalized_translation,unforced_slide,profile_map,10,True,True,-23.265631461443032,96,0.054573658594287366,False,4.3371597016463815e-07
f3636d753b6e30577f485340,generalized_translation,unforced_slide,huber,3,True,True,0.48120201238205373,25,0.125,False,9.21989609364821e-09
f3636d753b6e30577f485340,generalized_translation,unforced_slide,cauchy,4,True,True,0.481143947662614,21,0.125,False,2.3710184591008772e-07
f3636d753b6e30577f485340,generalized_translation,unforced_slide,profile_map,23,True,True,-26.74801031597424,216,0.03454566232198616,False,0.0003110681876943154
f3931011df0434239ec80730,generalized_translation,unforced_slide,huber,3,True,True,1.03595911892533,19,0.125,False,7.551997824733167e-10
f3931011df0434239ec80730,generalized_translation,unforced_slide,cauchy,4,True,True,1.0354933418307926,15,0.125,False,4.1602309074904127e-07
f3931011df0434239ec80730,generalized_translation,unforced_slide,profile_map,20,True,True,-22.067123761120396,172,0.06331739588723577,False,0.00012010819796379097
f434f8383c9b2f86a7915ee8,generalized_translation,unforced_slide,huber,3,True,True,2.060123340639519,26,0.125,False,0.003615962381800799
f434f8383c9b2f86a7915ee8,generalized_translation,unforced_slide,cauchy,4,True,True,2.059891173138558,28,0.125,False,0.0036343761508074125
f434f8383c9b2f86a7915ee8,generalized_translation,unforced_slide,profile_map,23,True,True,-23.50244970753649,208,0.04346258454307835,False,0.013621958811597716
f4501340cad9354879e032ea,generalized_translation,unforced_slide,huber,2,True,True,0.1369929548851936,19,0.125,False,1.2992244943103208e-09
f4501340cad9354879e032ea,generalized_translation,unforced_slide,cauchy,4,True,True,0.1369802013132201,19,0.125,False,1.4258469619861182e-07
f4501340cad9354879e032ea,generalized_translation,unforced_slide,profile_map,20,True,True,-30.299860114880303,168,0.022636058401266063,False,0.0001562000709038925
f49bac38ebd0306dafc2d94d,generalized_translation,bounce,huber,3,True,True,9.101518395503183,26,0.125,False,3.19675912958974e-10
f49bac38ebd0306dafc2d94d,generalized_translation,bounce,cauchy,5,True,True,9.013816712912258,26,0.125,False,9.348023897539064e-05
f49bac38ebd0306dafc2d94d,generalized_translation,bounce,profile_map,29,True,True,-36.102469743378606,310,0.010927119630138725,False,0.03887097519503814
f49bac38ebd0306dafc2d94d,setup_translation,bounce,huber,3,True,True,0.12516553516707837,20,0.125,False,8.656392035732933e-11
f49bac38ebd0306dafc2d94d,setup_translation,bounce,cauchy,3,True,True,0.1251541349944644,17,0.125,False,3.254486027059658e-08
f49bac38ebd0306dafc2d94d,setup_translation,bounce,profile_map,11,True,True,-31.545794757775166,126,0.01931383888673829,False,9.605923924602615e-06
f4d6e4bb0d37194f3d5e4793,generalized_translation,bounce,huber,3,True,True,0.3801344272670514,15,0.125,False,0.0016732331538146911
f4d6e4bb0d37194f3d5e4793,generalized_translation,bounce,cauchy,4,True,True,0.38011446388484976,19,0.125,False,0.0016734851310971296
f4d6e4bb0d37194f3d5e4793,generalized_translation,bounce,profile_map,26,True,True,-29.104420453937955,265,0.025615022097545046,False,0.001752245708622547
f4d6e4bb0d37194f3d5e4793,setup_translation,bounce,huber,3,True,True,0.5295339880952593,10,0.125,False,0.0006768642299144419
f4d6e4bb0d37194f3d5e4793,setup_translation,bounce,cauchy,4,True,True,0.5294750099529618,21,0.125,False,0.000676944202154575
f4d6e4bb0d37194f3d5e4793,setup_translation,bounce,profile_map,11,True,True,-26.57067017945492,111,0.03515534950802702,False,0.0007225123170455235
f51352116622ec00de2cf3b0,generalized_translation,multiple_forces,huber,4,True,True,0.9558735507645442,23,0.125,False,9.136540707157249e-07
f51352116622ec00de2cf3b0,generalized_translation,multiple_forces,cauchy,4,True,True,0.9558483841624896,23,0.125,False,1.7333945896031808e-06
f51352116622ec00de2cf3b0,generalized_translation,multiple_forces,profile_map,45,True,True,-28.639759431291825,505,0.025237554377179543,False,0.010673219452516203
f521e4655feecb5502b32410,generalized_translation,bounce,huber,3,True,True,0.5206336867210362,14,0.125,False,0.0005587052897349436
f521e4655feecb5502b32410,generalized_translation,bounce,cauchy,4,True,True,0.5206330194136964,19,0.125,False,0.0005587376045708568
f521e4655feecb5502b32410,generalized_translation,bounce,profile_map,33,True,True,-35.40554929012373,310,0.01125744822532312,False,0.0004313831483218754
f521e4655feecb5502b32410,setup_translation,bounce,huber,3,True,True,0.5644578233802346,30,0.125,False,4.670387935123126e-05
f521e4655feecb5502b32410,setup_translation,bounce,cauchy,5,True,True,0.5644542126606975,30,0.125,False,4.6745973848539536e-05
f521e4655feecb5502b32410,setup_translation,bounce,profile_map,8,True,True,-31.914113345149858,117,0.01742035540705605,False,0.00013787753619410716
f545b4f035d248ae48176e2c,generalized_translation,multiple_forces,huber,5,True,True,2.5590889339395586,46,0.125,False,0.0003780960649410988
f545b4f035d248ae48176e2c,generalized_translation,multiple_forces,cauchy,8,True,True,2.558865819100867,48,0.125,False,0.00026852915074465465
f545b4f035d248ae48176e2c,generalized_translation,multiple_forces,profile_map,47,True,True,-23.058136534851528,405,0.042628682354434115,False,0.14051602385616183
f602a776f9faa1da2cde2dff,generalized_translation,multiple_forces,huber,3,True,True,2.0430231493003537,26,0.125,False,4.101871323387851e-06
f602a776f9faa1da2cde2dff,generalized_translation,multiple_forces,cauchy,4,True,True,2.043010867271379,27,0.125,False,6.17892753348835e-06
f602a776f9faa1da2cde2dff,generalized_translation,multiple_forces,profile_map,56,True,True,-27.732343660308544,600,0.024635015896496967,False,0.01102921615155495
f60be39823e63267632cdd32,generalized_translation,unforced_slide,huber,2,True,True,0.8316586071976401,13,0.125,False,4.3635077830697615e-09
f60be39823e63267632cdd32,generalized_translation,unforced_slide,cauchy,4,True,True,0.830959122952503,27,0.125,False,1.7323524957446965e-05
f60be39823e63267632cdd32,generalized_translation,unforced_slide,profile_map,24,True,True,-23.170055774416475,184,0.05479611818272048,False,0.0002957301273208469
f66099fe2597f94de2383657,generalized_translation,unforced_slide,huber,3,True,True,0.4204135686397754,23,0.125,False,3.897798492327827e-07
f66099fe2597f94de2383657,generalized_translation,unforced_slide,cauchy,4,True,True,0.4204018097260912,22,0.125,False,1.8975953318293881e-07
f66099fe2597f94de2383657,generalized_translation,unforced_slide,profile_map,28,True,True,-29.54104802401609,236,0.024072046308409624,False,0.0014420974602856271
f67f393b5e07fe12b24e7b61,generalized_translation,multiple_forces,huber,3,True,True,0.986567029775526,28,0.125,False,2.255434841510358e-07
f67f393b5e07fe12b24e7b61,generalized_translation,multiple_forces,cauchy,5,True,True,0.9863990593698485,36,0.125,False,0.00010731414065822721
f67f393b5e07fe12b24e7b61,generalized_translation,multiple_forces,profile_map,48,True,True,-25.364908425489734,410,0.03871324439798701,False,0.09483427472451175
f6991aa858f9fc7b6dfa93ef,generalized_translation,unforced_slide,huber,3,True,True,1.6596690025403724,18,0.125,False,0.0006647235770456278
f6991aa858f9fc7b6dfa93ef,generalized_translation,unforced_slide,cauchy,5,True,True,1.6593214997912824,23,0.125,False,0.000650816391859551
f6991aa858f9fc7b6dfa93ef,generalized_translation,unforced_slide,profile_map,22,True,True,-22.44726888381168,160,0.05388244084789919,False,0.007741919884122005
f6d03bd61a6002616d47b0d6,generalized_translation,multiple_forces,huber,3,True,True,1.909237698748937,21,0.125,False,2.0510988464679254e-05
f6d03bd61a6002616d47b0d6,generalized_translation,multiple_forces,cauchy,6,True,True,1.9087437333711597,45,0.125,False,6.228620527578954e-05
f6d03bd61a6002616d47b0d6,generalized_translation,multiple_forces,profile_map,26,True,True,-21.54416637266495,270,0.059213535808701166,False,0.1001517619498091
f72c1ad052b58f74cc252a8f,generalized_translation,multiple_forces,huber,3,True,True,1.2740883706694561,31,0.125,False,4.2395002271540494e-07
f72c1ad052b58f74cc252a8f,generalized_translation,multiple_forces,cauchy,6,True,True,1.2730228553071279,45,0.125,False,4.3642361407455496e-05
f72c1ad052b58f74cc252a8f,generalized_translation,multiple_forces,profile_map,27,True,True,-21.444075482311607,200,0.06763963937160986,False,0.009806795372321386
f7e3330a7dcaf6034f1a664a,generalized_translation,bounce,huber,3,True,True,0.5454445222191964,12,0.125,False,0.0006616207925534839
f7e3330a7dcaf6034f1a664a,generalized_translation,bounce,cauchy,4,True,True,0.5453349282519365,18,0.125,False,0.0006617536037801472
f7e3330a7dcaf6034f1a664a,generalized_translation,bounce,profile_map,30,True,True,-25.37328052283678,240,0.0413758110555471,False,0.0006950371750289804
f7e3330a7dcaf6034f1a664a,setup_translation,bounce,huber,3,True,True,1.2097629720943883,23,0.125,False,0.0004184304294635955
f7e3330a7dcaf6034f1a664a,setup_translation,bounce,cauchy,5,True,True,1.20917389323029,29,0.125,False,0.00042096982440651407
f7e3330a7dcaf6034f1a664a,setup_translation,bounce,profile_map,18,True,True,-21.6850839422283,132,0.06560277894722102,False,0.00044436159769756516
f7fbfa9aca96ab2bd8723ff4,generalized_translation,multiple_forces,huber,5,True,True,0.5712942481302807,29,0.125,False,1.0594449367434695e-06
f7fbfa9aca96ab2bd8723ff4,generalized_translation,multiple_forces,cauchy,6,True,True,0.5712301297210798,34,0.125,False,1.7190208270068912e-05
f7fbfa9aca96ab2bd8723ff4,generalized_translation,multiple_forces,profile_map,37,True,True,-27.09396714921526,360,0.03255564087129629,False,0.01865949957142045
f7fda180d28faff63cd68588,generalized_translation,unforced_slide,huber,3,True,True,0.8452167319050223,20,0.125,False,1.3699751233414846e-06
f7fda180d28faff63cd68588,generalized_translation,unforced_slide,cauchy,4,True,True,0.845090422835431,29,0.125,False,4.156797257015841e-06
f7fda180d28faff63cd68588,generalized_translation,unforced_slide,profile_map,27,True,True,-25.35477521573402,240,0.03977629706625178,False,0.002157842352950881
f84dbfa974359dfe8e4feb0f,generalized_translation,bounce,huber,2,True,True,0.1906919489000987,15,0.125,False,4.689500879483629e-12
f84dbfa974359dfe8e4feb0f,generalized_translation,bounce,cauchy,3,True,True,0.19066967713910402,9,0.125,False,1.8737748284095554e-07
f84dbfa974359dfe8e4feb0f,generalized_translation,bounce,profile_map,18,True,True,-28.82211093196154,200,0.02724609209209024,False,1.2398325230624343e-06
f84dbfa974359dfe8e4feb0f,setup_translation,bounce,huber,2,True,True,0.20924059000517367,7,0.125,False,1.0176384875490026e-11
f84dbfa974359dfe8e4feb0f,setup_translation,bounce,cauchy,3,True,True,0.20920874413986887,12,0.125,False,1.4100093666712547e-08
f84dbfa974359dfe8e4feb0f,setup_translation,bounce,profile_map,15,True,True,-28.449446519243153,99,0.028545353658950706,False,1.141265163977063e-06
f867594b86279d57f79ef85f,generalized_translation,bounce,huber,3,True,True,0.9806535546333108,19,0.125,False,4.6737534975238365e-11
f867594b86279d57f79ef85f,generalized_translation,bounce,cauchy,4,True,True,0.9805525958505713,22,0.125,False,8.184533885565936e-07
f867594b86279d57f79ef85f,generalized_translation,bounce,profile_map,28,True,True,-25.990123438820774,340,0.035779284386190165,False,6.257780562753492e-05
f867594b86279d57f79ef85f,setup_translation,bounce,huber,3,True,True,1.5107139584188847,16,0.125,False,2.29881653888506e-10
f867594b86279d57f79ef85f,setup_translation,bounce,cauchy,4,True,True,1.5102164132984335,24,0.125,False,1.2891483951242106e-06
f867594b86279d57f79ef85f,setup_translation,bounce,profile_map,10,True,True,-22.152255911165852,114,0.05778526458815913,False,4.6469553702542196e-05
f868a45a584958f6508e3538,generalized_translation,unforced_slide,huber,3,True,True,1.0127612816650822,21,0.125,False,0.0007607311237734282
f868a45a584958f6508e3538,generalized_translation,unforced_slide,cauchy,4,True,True,1.0127529244966271,24,0.125,False,0.0007596887305058675
f868a45a584958f6508e3538,generalized_translation,unforced_slide,profile_map,24,True,True,-29.773571757505067,208,0.021622995091017706,False,0.008961778188430735
f889abe46adb9060b05234c3,generalized_translation,unforced_slide,huber,3,True,True,0.48120201238205373,25,0.125,False,9.21989609364821e-09
f889abe46adb9060b05234c3,generalized_translation,unforced_slide,cauchy,4,True,True,0.481143947662614,21,0.125,False,2.3710184591008772e-07
f889abe46adb9060b05234c3,generalized_translation,unforced_slide,profile_map,23,True,True,-26.74801031597424,216,0.03454566232198616,False,0.0003110681876943154
f89b773a63eaf3129785db17,generalized_translation,multiple_forces,huber,3,True,True,1.2758521660452444,21,0.125,False,0.00021453426728446878
f89b773a63eaf3129785db17,generalized_translation,multiple_forces,cauchy,6,True,True,1.2754887590853583,42,0.125,False,0.00019295370060962372
f89b773a63eaf3129785db17,generalized_translation,multiple_forces,profile_map,39,True,True,-23.447289065952106,365,0.04912971877199828,False,0.007542503429447785
f8c89126482b2a081530c9ac,generalized_translation,unforced_slide,huber,3,True,True,1.8149911899137,14,0.125,False,3.334012572686277e-08
f8c89126482b2a081530c9ac,generalized_translation,unforced_slide,cauchy,4,True,True,1.8133145684733933,18,0.125,False,6.033522118030603e-06
f8c89126482b2a081530c9ac,generalized_translation,unforced_slide,profile_map,21,True,True,-20.229193598857332,176,0.07677111495158788,False,0.00017903225131874005
f92c7549e1e0ae9b8f345fc9,generalized_translation,multiple_forces,huber,3,True,True,2.192987606880008,20,0.125,False,0.2808387614916684
f92c7549e1e0ae9b8f345fc9,generalized_translation,multiple_forces,cauchy,7,True,True,2.192839014423801,36,0.125,False,0.28084759004942167
f92c7549e1e0ae9b8f345fc9,generalized_translation,multiple_forces,profile_map,38,True,True,-24.44687092390726,355,0.03735338565639151,False,0.2993492320603151
f95e56a53d0222dc37713d23,generalized_translation,multiple_forces,huber,8,True,True,2.5723597398778737,62,0.125,False,3.1775635317165728e-06
f95e56a53d0222dc37713d23,generalized_translation,multiple_forces,cauchy,5,True,True,2.5703374396977816,44,0.125,False,0.00033791024178930296
f95e56a53d0222dc37713d23,generalized_translation,multiple_forces,profile_map,33,True,True,-19.08266877229678,290,0.08293521764976858,False,0.06500134407970035
f96c45a00680e247b04f24d9,generalized_translation,multiple_forces,huber,3,True,True,0.8701816421101445,30,0.125,False,0.00012801911587486498
f96c45a00680e247b04f24d9,generalized_translation,multiple_forces,cauchy,4,True,True,0.8701142372018722,35,0.125,False,0.00012909218725638732
f96c45a00680e247b04f24d9,generalized_translation,multiple_forces,profile_map,43,True,True,-26.957589351266932,390,0.03185881602302124,False,0.010696274599319799
f96da2cda53ee39457a428af,generalized_translation,bounce,huber,3,True,True,0.42023832901362357,17,0.125,False,0.0007193771684762451
f96da2cda53ee39457a428af,generalized_translation,bounce,cauchy,4,True,True,0.4201561987217157,18,0.125,False,0.000719181250397861
f96da2cda53ee39457a428af,generalized_translation,bounce,profile_map,29,True,True,-27.268254339250042,290,0.032473937705077664,False,0.0007712846167529336
f96da2cda53ee39457a428af,setup_translation,bounce,huber,3,True,True,1.162590262243337,16,0.125,False,0.0012295813200712557
f96da2cda53ee39457a428af,setup_translation,bounce,cauchy,5,True,True,1.1620434604681895,28,0.125,False,0.0012294756351713375
f96da2cda53ee39457a428af,setup_translation,bounce,profile_map,15,True,True,-21.990144858596537,84,0.06279247673146025,False,0.0011999913773777853
f9c181a8fd0e1d28cd9155e3,generalized_translation,unforced_slide,huber,2,True,True,1.2377169056750963,15,0.125,False,3.9259855978333006e-07
f9c181a8fd0e1d28cd9155e3,generalized_translation,unforced_slide,cauchy,6,True,True,1.2371073078837447,20,0.125,False,2.481504698687648e-05
f9c181a8fd0e1d28cd9155e3,generalized_translation,unforced_slide,profile_map,20,True,True,-22.12660681315506,180,0.06062921203449722,False,0.001811703519745732
f9c31e098f7cea67692f2f96,generalized_translation,unforced_slide,huber,2,True,True,0.3857047258154729,15,0.125,False,1.953270563041648e-09
f9c31e098f7cea67692f2f96,generalized_translation,unforced_slide,cauchy,4,True,True,0.3856326275102107,21,0.125,False,1.1106572451100586e-06
f9c31e098f7cea67692f2f96,generalized_translation,unforced_slide,profile_map,21,True,True,-26.101323349880506,200,0.038231027622453284,False,0.00010585366069093018
fa0861c27c31b0c074e42b2d,generalized_translation,unforced_slide,huber,3,True,True,2.024861270934664,29,0.125,False,2.1629999624723386e-05
fa0861c27c31b0c074e42b2d,generalized_translation,unforced_slide,cauchy,5,True,True,2.0231130680459524,27,0.125,False,1.143228487781343e-05
fa0861c27c31b0c074e42b2d,generalized_translation,unforced_slide,profile_map,21,True,True,-19.87601329222223,180,0.07905303306797035,False,0.0001884599851775568
fa1f355eb1d89d51b4403127,generalized_translation,unforced_slide,huber,3,True,True,0.35268022680368705,17,0.125,False,3.3642234285758274e-09
fa1f355eb1d89d51b4403127,generalized_translation,unforced_slide,cauchy,4,True,True,0.35262984293395466,26,0.125,False,2.4324196934991973e-07
fa1f355eb1d89d51b4403127,generalized_translation,unforced_slide,profile_map,18,True,True,-27.46150093902267,164,0.03193163034153132,False,0.0005466047974046976
fa3f16d3b1bceac42270665b,generalized_translation,unforced_slide,huber,3,True,True,1.339315465350753,16,0.125,False,0.012293063654778074
fa3f16d3b1bceac42270665b,generalized_translation,unforced_slide,cauchy,4,True,True,1.33926692590086,22,0.125,False,0.012292844141685534
fa3f16d3b1bceac42270665b,generalized_translation,unforced_slide,profile_map,31,True,True,-26.996570873539824,220,0.02978901119118331,False,0.011994348489557438
fab05310df24753564c4044b,generalized_translation,bounce,huber,3,True,True,2.510255068003925,16,0.125,False,8.912709445347036e-08
fab05310df24753564c4044b,generalized_translation,bounce,cauchy,4,True,True,2.5102214423085574,22,0.125,False,1.5785997292237763e-07
fab05310df24753564c4044b,generalized_translation,bounce,profile_map,30,True,True,-25.501606353685695,335,0.03109868808202719,False,0.00044122217659072946
fab05310df24753564c4044b,setup_translation,bounce,huber,3,True,True,2.787934875920737,15,0.125,False,1.7248268818340637e-11
fab05310df24753564c4044b,setup_translation,bounce,cauchy,5,True,True,2.7877098097116573,22,0.125,False,8.702092481441009e-07
fab05310df24753564c4044b,setup_translation,bounce,profile_map,18,True,True,-22.444231715141704,144,0.04561742993562807,False,0.0003038174902188581
fad151a60ed396ad3112bbf0,generalized_translation,multiple_forces,huber,3,True,True,1.5287765635774908,23,0.125,False,5.411176115143011e-05
fad151a60ed396ad3112bbf0,generalized_translation,multiple_forces,cauchy,4,True,True,1.5286295688231197,26,0.125,False,8.916039971724445e-05
fad151a60ed396ad3112bbf0,generalized_translation,multiple_forces,profile_map,41,True,True,-24.438874805109045,345,0.041042824208135265,False,0.025006406106967857
fad176be2e0454c3ff5f578d,generalized_translation,unforced_slide,huber,2,True,True,1.5364269267396913,16,0.125,False,3.9724443870968887e-10
fad176be2e0454c3ff5f578d,generalized_translation,unforced_slide,cauchy,4,True,True,1.535561382774153,29,0.125,False,3.195735144554254e-08
fad176be2e0454c3ff5f578d,generalized_translation,unforced_slide,profile_map,22,True,True,-20.56696905014769,160,0.07587082191131873,False,0.00020132498720632202
fad7600715ea12bbe0f81ff5,generalized_translation,multiple_forces,huber,4,True,True,1.1197104585943582,24,0.125,False,2.8785832737583165e-07
fad7600715ea12bbe0f81ff5,generalized_translation,multiple_forces,cauchy,4,True,True,1.1196551510339665,25,0.125,False,1.3128677563335674e-05
fad7600715ea12bbe0f81ff5,generalized_translation,multiple_forces,profile_map,39,True,True,-26.091241496185656,385,0.03458454167319267,False,0.02826823496014302
fafa17c1c3d2262b1831918f,generalized_translation,bounce,huber,3,True,True,0.5785254192895622,19,0.125,False,8.214094255205018e-11
fafa17c1c3d2262b1831918f,generalized_translation,bounce,cauchy,4,True,True,0.5783317909861364,17,0.125,False,2.440173202025362e-07
fafa17c1c3d2262b1831918f,generalized_translation,bounce,profile_map,21,True,True,-24.59215431984159,290,0.046026122276876046,False,8.65967637050444e-06
fafa17c1c3d2262b1831918f,setup_translation,bounce,huber,3,True,True,0.9660434212013145,12,0.125,False,4.028252090819979e-11
fafa17c1c3d2262b1831918f,setup_translation,bounce,cauchy,4,True,True,0.9654052374613012,20,0.125,False,2.2481578488673367e-06
fafa17c1c3d2262b1831918f,setup_translation,bounce,profile_map,17,True,True,-22.43558326375313,135,0.060266585547629405,False,7.146904075916271e-06
fb0a038d5e969f36e15d8fd8,generalized_translation,bounce,huber,3,True,True,0.43893656273252557,24,0.125,False,0.0008853721111999884
fb0a038d5e969f36e15d8fd8,generalized_translation,bounce,cauchy,3,True,True,0.43893523791702715,18,0.125,False,0.0008853720771726523
fb0a038d5e969f36e15d8fd8,generalized_translation,bounce,profile_map,33,True,True,-34.61841644540852,380,0.012561409688965153,False,0.0009942239935421663
fb0a038d5e969f36e15d8fd8,setup_translation,bounce,huber,3,True,True,0.5003337988750476,24,0.125,False,0.0006196935762829178
fb0a038d5e969f36e15d8fd8,setup_translation,bounce,cauchy,4,True,True,0.5003228680342912,25,0.125,False,0.0006196891079143054
fb0a038d5e969f36e15d8fd8,setup_translation,bounce,profile_map,16,True,True,-30.913599647875188,171,0.01996057522858175,False,0.0006950610179152913
fb218569c1a8e36bbdf00369,generalized_translation,bounce,huber,3,True,True,0.14570709277762023,14,0.125,False,1.9231055900022363e-11
fb218569c1a8e36bbdf00369,generalized_translation,bounce,cauchy,3,True,True,0.14569626058567975,14,0.125,False,1.2723371846106136e-07
fb218569c1a8e36bbdf00369,generalized_translation,bounce,profile_map,23,True,True,-30.495219092859443,395,0.022047389673488786,False,7.187196958072594e-06
fb218569c1a8e36bbdf00369,setup_translation,bounce,huber,3,True,True,0.32932911594503816,12,0.125,False,1.1049275612102297e-11
fb218569c1a8e36bbdf00369,setup_translation,bounce,cauchy,4,True,True,0.3292391319580235,20,0.125,False,6.42633196334657e-07
fb218569c1a8e36bbdf00369,setup_translation,bounce,profile_map,11,True,True,-26.86892438986724,81,0.034691154964004316,False,6.412783852353548e-06
fb50ee5f753dfb2dc267ad3d,generalized_translation,unforced_slide,huber,3,True,True,0.824455460051324,27,0.125,False,4.833405102148837e-09
fb50ee5f753dfb2dc267ad3d,generalized_translation,unforced_slide,cauchy,4,True,True,0.8241525887243806,18,0.125,False,5.913139669180566e-06
fb50ee5f753dfb2dc267ad3d,generalized_translation,unforced_slide,profile_map,23,True,True,-23.634040992000724,152,0.051112904775667524,False,0.00024643675425802203
fc24d098b09fd8a1d383617b,generalized_translation,bounce,huber,2,True,True,0.17992877056538573,11,0.125,False,5.838131200714012e-12
fc24d098b09fd8a1d383617b,generalized_translation,bounce,cauchy,3,True,True,0.179901017941988,17,0.125,False,1.5696835953002148e-07
fc24d098b09fd8a1d383617b,generalized_translation,bounce,profile_map,22,True,True,-29.090256789054585,220,0.026342614201404074,False,2.6598269306694076e-06
fc24d098b09fd8a1d383617b,setup_translation,bounce,huber,2,True,True,1.345547159157916,7,0.125,False,2.460369555989019e-12
fc24d098b09fd8a1d383617b,setup_translation,bounce,cauchy,4,True,True,1.3439976255171628,15,0.125,False,7.946060858345483e-08
fc24d098b09fd8a1d383617b,setup_translation,bounce,profile_map,7,True,True,-20.99792565698188,72,0.07243828265114113,False,1.7366421337807483e-06
fc3bdbb0b923fcad54da369d,generalized_translation,bounce,huber,3,True,True,3.1277172593468534,22,0.125,False,2.499544103056624e-08
fc3bdbb0b923fcad54da369d,generalized_translation,bounce,cauchy,5,True,True,3.127351832611644,21,0.125,False,7.113190815587626e-07
fc3bdbb0b923fcad54da369d,generalized_translation,bounce,profile_map,27,True,True,-20.74510265455777,365,0.055902921062646466,False,0.00037543519660871013
fc3bdbb0b923fcad54da369d,setup_translation,bounce,huber,3,True,True,6.049228313139734,13,0.125,False,1.633618371336649e-10
fc3bdbb0b923fcad54da369d,setup_translation,bounce,cauchy,5,True,True,6.031776834834359,18,0.125,False,7.819512370902986e-05
fc3bdbb0b923fcad54da369d,setup_translation,bounce,profile_map,14,True,True,-14.59932421258231,123,0.11999106056342532,False,2.953440259369187e-05
fc968b18d0cbf185022f6b4c,generalized_translation,unforced_slide,huber,3,True,True,0.6136587639283999,24,0.125,False,0.0001827642463300935
fc968b18d0cbf185022f6b4c,generalized_translation,unforced_slide,cauchy,4,True,True,0.6136307918537098,28,0.125,False,0.0001851430283080779
fc968b18d0cbf185022f6b4c,generalized_translation,unforced_slide,profile_map,24,True,True,-27.97901307094451,180,0.028791262794631026,False,0.0025403917559169227
fd38a590dafe2a6dc04f855b,generalized_translation,unforced_slide,huber,2,True,True,0.1784202667455802,8,0.125,False,9.62814557080544e-10
fd38a590dafe2a6dc04f855b,generalized_translation,unforced_slide,cauchy,4,True,True,0.1783999369641741,18,0.125,False,3.7897076975810766e-07
fd38a590dafe2a6dc04f855b,generalized_translation,unforced_slide,profile_map,21,True,True,-29.286782407182777,196,0.025679845028367815,False,0.00012588260706229424
fd401e0c5935672e55504b01,generalized_translation,multiple_forces,huber,3,True,True,1.5051737484101924,27,0.125,False,0.00013370643059400087
fd401e0c5935672e55504b01,generalized_translation,multiple_forces,cauchy,5,True,True,1.5051062072502768,41,0.125,False,0.00010706406624914251
fd401e0c5935672e55504b01,generalized_translation,multiple_forces,profile_map,38,True,True,-25.992353480904125,320,0.03312995398547089,False,0.0752510864447384
fd57c396a1437628f7035437,generalized_translation,bounce,huber,3,True,True,0.285607804806681,17,0.125,False,2.2999756285054707e-11
fd57c396a1437628f7035437,generalized_translation,bounce,cauchy,4,True,True,0.2855582146534871,22,0.125,False,3.1509449438971954e-07
fd57c396a1437628f7035437,generalized_translation,bounce,profile_map,29,True,True,-27.88781851894415,325,0.03043903770947745,False,1.0379090988929017e-05
fd57c396a1437628f7035437,setup_translation,bounce,huber,3,True,True,0.28692204285598644,18,0.125,False,2.902182231127413e-11
fd57c396a1437628f7035437,setup_translation,bounce,cauchy,4,True,True,0.28686768377356114,23,0.125,False,4.967526146569887e-07
fd57c396a1437628f7035437,setup_translation,bounce,profile_map,11,True,True,-27.865978266207566,90,0.03052218783986778,False,9.73312215454112e-06
fd8f1c3ad9e9e0ecb61446f8,generalized_translation,multiple_forces,huber,3,True,True,2.6757598536025196,24,0.125,False,0.0008745800641959516
fd8f1c3ad9e9e0ecb61446f8,generalized_translation,multiple_forces,cauchy,5,True,True,2.6750286638223386,27,0.125,False,0.0009059674943656642
fd8f1c3ad9e9e0ecb61446f8,generalized_translation,multiple_forces,profile_map,38,True,True,-21.494750486254993,385,0.05333591146674519,False,0.008966612613539572
fde11eca4b6e72a15255d6d8,generalized_translation,multiple_forces,huber,4,True,True,1.8892877501241125,27,0.125,False,2.120889303584893e-07
fde11eca4b6e72a15255d6d8,generalized_translation,multiple_forces,cauchy,5,True,True,1.88663264555559,26,0.125,False,0.000337367606929817
fde11eca4b6e72a15255d6d8,generalized_translation,multiple_forces,profile_map,36,True,True,-19.89775003221918,285,0.08098012303036244,False,0.0034151284965401336
fe0cf5a5b17d67d80635159c,generalized_translation,multiple_forces,huber,3,True,True,0.5961832429989474,28,0.125,False,2.2165062590009736e-07
fe0cf5a5b17d67d80635159c,generalized_translation,multiple_forces,cauchy,4,True,True,0.5961771984756361,35,0.125,False,1.46219037872591e-06
fe0cf5a5b17d67d80635159c,generalized_translation,multiple_forces,profile_map,45,True,True,-31.55161301093149,445,0.01817082462051925,False,0.002278457851775961
fe6814bf2b9931061900d023,generalized_translation,bounce,huber,3,True,True,0.3673262033047262,20,0.125,False,6.008286756128859e-10
fe6814bf2b9931061900d023,generalized_translation,bounce,cauchy,4,True,True,0.36731306966629007,18,0.125,False,9.457130149484467e-09
fe6814bf2b9931061900d023,generalized_translation,bounce,profile_map,26,True,True,-30.01408448705975,350,0.02279886608427308,False,3.301253267205554e-05
fe6814bf2b9931061900d023,setup_translation,bounce,huber,3,True,True,0.5893005469896152,9,0.125,False,1.3495343786612482e-10
fe6814bf2b9931061900d023,setup_translation,bounce,cauchy,4,True,True,0.5892357622545806,26,0.125,False,6.498923951396916e-08
fe6814bf2b9931061900d023,setup_translation,bounce,profile_map,20,True,True,-26.096010026971523,174,0.03720263155993777,False,2.8207708619596344e-05
fe8b28a4867818bdc0e158ca,generalized_translation,unforced_slide,huber,2,True,True,0.13276171235094025,14,0.125,False,9.93554043063e-10
fe8b28a4867818bdc0e158ca,generalized_translation,unforced_slide,cauchy,4,True,True,0.13275206153168279,16,0.125,False,7.171196796632622e-07
fe8b28a4867818bdc0e158ca,generalized_translation,unforced_slide,profile_map,19,True,True,-30.467357084429857,152,0.02216377069687457,False,0.00012108564960223238
feaab1b2049d11252cd2cdcd,generalized_translation,unforced_slide,huber,3,True,True,0.2757984693431892,24,0.125,False,6.366850784139384e-10
feaab1b2049d11252cd2cdcd,generalized_translation,unforced_slide,cauchy,4,True,True,0.2757772401976839,25,0.125,False,2.1415211973880507e-07
feaab1b2049d11252cd2cdcd,generalized_translation,unforced_slide,profile_map,27,True,True,-28.497774997153446,316,0.028116301301433437,False,0.0002604798151685198
feea59561e379e3dcbbdc41c,generalized_translation,unforced_slide,huber,3,True,True,2.3537838453688984,20,0.125,False,0.0011424332527477457
feea59561e379e3dcbbdc41c,generalized_translation,unforced_slide,cauchy,4,True,True,2.3533010464489235,20,0.125,False,0.0011495377398082216
feea59561e379e3dcbbdc41c,generalized_translation,unforced_slide,profile_map,25,True,True,-21.85204354983746,244,0.05310261164924163,False,0.0015439905291557597
ff101fe35add80cff14d48dd,generalized_translation,multiple_forces,huber,3,True,True,1.6656165569606254,21,0.125,False,0.391277596457874
ff101fe35add80cff14d48dd,generalized_translation,multiple_forces,cauchy,6,True,True,1.6653604580476418,36,0.125,False,0.3912495183060344
ff101fe35add80cff14d48dd,generalized_translation,multiple_forces,profile_map,36,True,True,-23.138293141649132,315,0.047994991194045565,False,0.5103742767900801
ff23765c503675fa1c1123fd,generalized_translation,bounce,huber,3,True,True,0.8910189575517339,15,0.125,False,0.001626311990897367
ff23765c503675fa1c1123fd,generalized_translation,bounce,cauchy,4,True,True,0.891010288163882,23,0.125,False,0.0016263838031667875
ff23765c503675fa1c1123fd,generalized_translation,bounce,profile_map,27,True,True,-30.109735571469557,340,0.021048313578916508,False,0.0013948839655780502
ff23765c503675fa1c1123fd,setup_translation,bounce,huber,3,True,True,5.7517312172192945,14,0.125,False,0.00909753382936594
ff23765c503675fa1c1123fd,setup_translation,bounce,cauchy,5,True,True,5.72507114347253,22,0.125,False,0.00913353505207075
ff23765c503675fa1c1123fd,setup_translation,bounce,profile_map,16,True,True,-14.985367783866028,90,0.13933993564144198,False,0.009157720332508688
ff344e914f4317527a21069b,generalized_translation,bounce,huber,3,True,True,0.546097526953873,13,0.125,False,0.0005469567084716614
ff344e914f4317527a21069b,generalized_translation,bounce,cauchy,4,True,True,0.5460968594197826,28,0.125,False,0.0005469885171288865
ff344e914f4317527a21069b,generalized_translation,bounce,profile_map,31,True,True,-35.380084553455035,335,0.011257448235964378,False,0.00042106219299937347
ff344e914f4317527a21069b,setup_translation,bounce,huber,4,True,True,0.5899116573241627,23,0.125,False,4.63304301834093e-05
ff344e914f4317527a21069b,setup_translation,bounce,cauchy,5,True,True,0.5899080469025578,29,0.125,False,4.637183014937751e-05
ff344e914f4317527a21069b,setup_translation,bounce,profile_map,14,True,True,-31.88865886438413,138,0.017420355424579356,False,0.00013649266497238127
